SaleID,Date,CustomerID,ProductID,Quantity,Channel,City
S00001,2024-06-10,CUST-099,PROD-022,125,Traditional Trade,Purwakarta
S00002,2024-05-13,CUST-131,PROD-035,132,Traditional Trade,Sukabumi
S00003,2024-03-30,CUST-190,PROD-029,44,E-commerce,Cirebon Kab.
S00004,2024-01-22,CUST-012,PROD-021,94,Traditional Trade,Cirebon
S00005,2024-11-20,CUST-091,PROD-007,173,Modern Trade,Subang
S00006,2024-11-05,CUST-030,PROD-012,12,E-commerce,Banjar
S00007,2024-12-31,CUST-038,PROD-036,489,Distributor,Purwakarta
S00008,2024-12-30,CUST-085,PROD-024,12,Modern Trade,Sukabumi Kab.
S00009,2024-07-15,CUST-060,PROD-032,54,Traditional Trade,Pangandaran
S00010,2024-10-16,CUST-038,PROD-027,462,Distributor,Purwakarta
S00011,2024-12-15,CUST-104,PROD-032,44,E-commerce,Karawang
S00012,2024-11-16,CUST-143,PROD-032,260,Distributor,Cimahi
S00013,2024-03-23,CUST-146,PROD-032,13,E-commerce,Bogor
S00014,2024-06-02,CUST-180,PROD-026,65,Distributor,Garut Kab.
S00015,2024-02-18,CUST-029,PROD-011,31,Traditional Trade,Tasikmalaya Kab.
S00016,2024-12-18,CUST-112,PROD-018,127,Traditional Trade,Cianjur
S00017,2024-08-04,CUST-188,PROD-039,194,Modern Trade,Bekasi Kab.
S00018,2024-03-18,CUST-021,PROD-005,147,Modern Trade,Bandung Barat
S00019,2024-08-28,CUST-145,PROD-016,129,Traditional Trade,Garut Kab.
S00020,2024-08-08,CUST-146,PROD-011,38,E-commerce,Bogor
S00021,2024-04-21,CUST-185,PROD-035,140,Traditional Trade,Karawang
S00022,2024-02-12,CUST-119,PROD-011,150,Traditional Trade,Majalengka
S00023,2024-08-28,CUST-165,PROD-023,149,Traditional Trade,Karawang
S00024,2024-07-01,CUST-060,PROD-034,62,Traditional Trade,Pangandaran
S00025,2024-10-18,CUST-166,PROD-017,75,Modern Trade,Garut
S00026,2024-07-01,CUST-140,PROD-010,44,E-commerce,Bekasi
S00027,2024-11-17,CUST-113,PROD-018,211,Modern Trade,Bandung
S00028,2024-07-13,CUST-129,PROD-008,13,Traditional Trade,Sukabumi
S00029,2024-07-17,CUST-058,PROD-026,48,E-commerce,Sukabumi
S00030,2024-11-24,CUST-003,PROD-003,39,E-commerce,Purwakarta
S00031,2024-05-06,CUST-191,PROD-024,154,Distributor,Ciamis
S00032,2024-02-20,CUST-149,PROD-003,25,E-commerce,Bekasi
S00033,2024-01-12,CUST-023,PROD-038,93,Traditional Trade,Cirebon Kab.
S00034,2024-10-09,CUST-137,PROD-002,24,E-commerce,Kuningan
S00035,2024-08-09,CUST-083,PROD-035,55,Distributor,Cirebon Kab.
S00036,2024-09-12,CUST-055,PROD-017,167,Modern Trade,Subang
S00037,2024-03-14,CUST-110,PROD-009,112,Modern Trade,Depok
S00038,2024-02-21,CUST-116,PROD-036,31,E-commerce,Cianjur
S00039,2024-01-06,CUST-147,PROD-022,18,E-commerce,Bandung
S00040,2024-04-19,CUST-062,PROD-031,43,E-commerce,Ciamis
S00041,2024-07-29,CUST-087,PROD-034,82,Distributor,Subang
S00042,2024-04-30,CUST-167,PROD-024,190,Modern Trade,Depok
S00043,2024-05-26,CUST-100,PROD-009,91,Traditional Trade,Pangandaran
S00044,2024-12-02,CUST-027,PROD-002,78,Modern Trade,Bandung
S00045,2024-04-18,CUST-174,PROD-021,429,Distributor,Karawang
S00046,2024-06-28,CUST-034,PROD-034,35,Modern Trade,Garut Kab.
S00047,2024-10-23,CUST-033,PROD-027,462,Distributor,Majalengka
S00048,2024-05-01,CUST-092,PROD-037,10,Traditional Trade,Kuningan
S00049,2024-08-10,CUST-096,PROD-007,305,Distributor,Indramayu
S00050,2024-11-20,CUST-178,PROD-022,43,Traditional Trade,Karawang
S00051,2024-12-16,CUST-148,PROD-004,4,E-commerce,Bogor
S00052,2024-02-25,CUST-168,PROD-014,48,E-commerce,Majalengka
S00053,2024-12-09,CUST-095,PROD-034,42,E-commerce,Pangandaran
S00054,2024-06-19,CUST-186,PROD-023,30,Traditional Trade,Tasikmalaya
S00055,2024-03-26,CUST-159,PROD-025,216,Modern Trade,Garut Kab.
S00056,2024-06-06,CUST-038,PROD-001,126,Distributor,Purwakarta
S00057,2024-12-25,CUST-173,PROD-015,177,Modern Trade,Depok
S00058,2024-06-19,CUST-041,PROD-032,22,E-commerce,Cirebon Kab.
S00059,2024-04-13,CUST-137,PROD-014,13,E-commerce,Kuningan
S00060,2024-08-14,CUST-137,PROD-021,39,E-commerce,Kuningan
S00061,2024-03-21,CUST-191,PROD-007,130,Distributor,Ciamis
S00062,2024-01-30,CUST-079,PROD-036,36,E-commerce,Bogor Kab.
S00063,2024-02-18,CUST-128,PROD-021,39,E-commerce,Tasikmalaya Kab.
S00064,2024-02-18,CUST-022,PROD-040,225,Distributor,Cianjur
S00065,2024-02-26,CUST-016,PROD-012,25,E-commerce,Cimahi
S00066,2024-02-22,CUST-032,PROD-015,467,Distributor,Tasikmalaya
S00067,2024-08-17,CUST-194,PROD-015,158,Modern Trade,Kuningan
S00068,2024-03-06,CUST-142,PROD-017,305,Distributor,Cirebon Kab.
S00069,2024-04-18,CUST-038,PROD-034,330,Distributor,Purwakarta
S00070,2024-11-30,CUST-098,PROD-035,287,Modern Trade,Sumedang
S00071,2024-06-12,CUST-136,PROD-039,328,Distributor,Indramayu
S00072,2024-08-26,CUST-021,PROD-038,215,Modern Trade,Bandung Barat
S00073,2024-03-04,CUST-056,PROD-014,34,Traditional Trade,Sumedang
S00074,2024-03-09,CUST-046,PROD-005,267,Distributor,Bekasi
S00075,2024-01-16,CUST-043,PROD-030,240,Modern Trade,Ciamis
S00076,2024-03-03,CUST-120,PROD-004,171,Modern Trade,Cimahi
S00077,2024-03-31,CUST-046,PROD-015,266,Distributor,Bekasi
S00078,2024-03-05,CUST-048,PROD-039,81,Traditional Trade,Depok
S00079,2024-02-03,CUST-198,PROD-035,270,Distributor,Bandung
S00080,2024-02-15,CUST-084,PROD-010,243,Modern Trade,Bandung Barat
S00081,2024-06-06,CUST-031,PROD-002,82,Modern Trade,Cirebon Kab.
S00082,2024-03-12,CUST-161,PROD-024,104,Modern Trade,Purwakarta
S00083,2024-04-23,CUST-172,PROD-028,477,Distributor,Kuningan
S00084,2024-06-24,CUST-071,PROD-022,99,Traditional Trade,Bogor Kab.
S00085,2024-09-05,CUST-008,PROD-032,252,Modern Trade,Tasikmalaya Kab.
S00086,2024-01-16,CUST-130,PROD-031,272,Modern Trade,Depok
S00087,2024-11-01,CUST-145,PROD-019,128,Traditional Trade,Garut Kab.
S00088,2024-08-12,CUST-052,PROD-021,337,Distributor,Sumedang
S00089,2024-02-01,CUST-045,PROD-003,15,Traditional Trade,Bogor
S00090,2024-11-23,CUST-037,PROD-006,481,Distributor,Indramayu
S00091,2024-12-07,CUST-170,PROD-032,118,Modern Trade,Bogor Kab.
S00092,2024-01-24,CUST-044,PROD-002,57,Modern Trade,Tasikmalaya
S00093,2024-03-31,CUST-117,PROD-024,45,E-commerce,Cirebon
S00094,2024-11-03,CUST-038,PROD-027,144,Distributor,Purwakarta
S00095,2024-10-05,CUST-099,PROD-009,37,Traditional Trade,Purwakarta
S00096,2024-03-07,CUST-124,PROD-013,4,E-commerce,Garut Kab.
S00097,2024-03-13,CUST-006,PROD-014,51,Traditional Trade,Pangandaran
S00098,2024-04-24,CUST-068,PROD-011,26,E-commerce,Bogor
S00099,2024-06-16,CUST-179,PROD-014,102,Distributor,Depok
S00100,2024-08-08,CUST-101,PROD-016,135,Modern Trade,Cianjur
S00101,2024-04-24,CUST-163,PROD-010,31,Traditional Trade,Tasikmalaya Kab.
S00102,2024-06-07,CUST-186,PROD-020,93,Traditional Trade,Tasikmalaya
S00103,2024-10-05,CUST-185,PROD-016,40,Traditional Trade,Karawang
S00104,2024-01-15,CUST-134,PROD-034,105,Traditional Trade,Bandung Barat
S00105,2024-03-24,CUST-013,PROD-016,171,Distributor,Cianjur
S00106,2024-09-17,CUST-187,PROD-014,246,Modern Trade,Pangandaran
S00107,2024-11-30,CUST-030,PROD-028,44,E-commerce,Banjar
S00108,2024-06-27,CUST-100,PROD-018,129,Traditional Trade,Pangandaran
S00109,2024-07-05,CUST-002,PROD-026,23,E-commerce,Ciamis
S00110,2024-02-10,CUST-058,PROD-038,35,E-commerce,Sukabumi
S00111,2024-06-01,CUST-036,PROD-007,72,Traditional Trade,Sukabumi Kab.
S00112,2024-07-06,CUST-072,PROD-034,141,Distributor,Sumedang
S00113,2024-03-22,CUST-173,PROD-007,114,Modern Trade,Depok
S00114,2024-03-29,CUST-137,PROD-033,42,E-commerce,Kuningan
S00115,2024-04-26,CUST-126,PROD-035,145,Traditional Trade,Sukabumi Kab.
S00116,2024-01-08,CUST-193,PROD-039,138,Modern Trade,Tasikmalaya Kab.
S00117,2024-04-12,CUST-077,PROD-021,62,Modern Trade,Banjar
S00118,2024-03-14,CUST-050,PROD-028,217,Distributor,Sukabumi
S00119,2024-04-13,CUST-032,PROD-032,139,Distributor,Tasikmalaya
S00120,2024-02-15,CUST-098,PROD-016,256,Modern Trade,Sumedang
S00121,2024-11-28,CUST-043,PROD-010,183,Modern Trade,Ciamis
S00122,2024-07-30,CUST-125,PROD-023,46,E-commerce,Bekasi
S00123,2024-08-31,CUST-095,PROD-015,23,E-commerce,Pangandaran
S00124,2024-10-26,CUST-078,PROD-006,159,Modern Trade,Sukabumi Kab.
S00125,2024-06-22,CUST-054,PROD-033,28,E-commerce,Tasikmalaya
S00126,2024-02-03,CUST-047,PROD-039,126,Modern Trade,Garut
S00127,2024-07-07,CUST-014,PROD-012,149,Traditional Trade,Pangandaran
S00128,2024-07-28,CUST-176,PROD-036,271,Modern Trade,Cirebon
S00129,2024-10-04,CUST-055,PROD-031,151,Modern Trade,Subang
S00130,2024-05-23,CUST-157,PROD-010,118,Traditional Trade,Subang
S00131,2024-02-18,CUST-175,PROD-034,282,Modern Trade,Purwakarta
S00132,2024-04-02,CUST-063,PROD-010,42,Traditional Trade,Purwakarta
S00133,2024-04-22,CUST-019,PROD-011,17,Traditional Trade,Banjar
S00134,2024-08-18,CUST-091,PROD-014,121,Modern Trade,Subang
S00135,2024-07-21,CUST-137,PROD-003,9,E-commerce,Kuningan
S00136,2024-04-20,CUST-101,PROD-033,181,Modern Trade,Cianjur
S00137,2024-12-27,CUST-037,PROD-007,176,Distributor,Indramayu
S00138,2024-08-04,CUST-107,PROD-004,110,Traditional Trade,Karawang
S00139,2024-03-20,CUST-092,PROD-039,81,Traditional Trade,Kuningan
S00140,2024-02-08,CUST-052,PROD-010,68,Distributor,Sumedang
S00141,2024-02-27,CUST-185,PROD-015,82,Traditional Trade,Karawang
S00142,2024-03-23,CUST-028,PROD-016,249,Modern Trade,Cirebon Kab.
S00143,2024-03-01,CUST-036,PROD-038,124,Traditional Trade,Sukabumi Kab.
S00144,2024-03-07,CUST-116,PROD-004,15,E-commerce,Cianjur
S00145,2024-04-02,CUST-064,PROD-004,80,Traditional Trade,Depok
S00146,2024-03-04,CUST-018,PROD-036,105,Traditional Trade,Bogor
S00147,2024-11-30,CUST-089,PROD-027,206,Modern Trade,Purwakarta
S00148,2024-01-31,CUST-163,PROD-022,124,Traditional Trade,Tasikmalaya Kab.
S00149,2024-07-02,CUST-196,PROD-022,143,Traditional Trade,Depok
S00150,2024-05-10,CUST-078,PROD-017,235,Modern Trade,Sukabumi Kab.
S00151,2024-12-26,CUST-167,PROD-034,92,Modern Trade,Depok
S00152,2024-02-12,CUST-090,PROD-032,459,Distributor,Cimahi
S00153,2024-05-02,CUST-008,PROD-006,35,Modern Trade,Tasikmalaya Kab.
S00154,2024-12-22,CUST-015,PROD-033,17,E-commerce,Bogor Kab.
S00155,2024-11-21,CUST-007,PROD-008,232,Modern Trade,Depok
S00156,2024-11-06,CUST-017,PROD-036,87,Traditional Trade,Cianjur
S00157,2024-03-26,CUST-086,PROD-005,48,Traditional Trade,Bogor Kab.
S00158,2024-03-03,CUST-118,PROD-005,20,E-commerce,Garut
S00159,2024-08-27,CUST-064,PROD-010,29,Traditional Trade,Depok
S00160,2024-12-10,CUST-012,PROD-040,41,Traditional Trade,Cirebon
S00161,2024-07-15,CUST-056,PROD-007,116,Traditional Trade,Sumedang
S00162,2024-07-21,CUST-174,PROD-012,242,Distributor,Karawang
S00163,2024-04-01,CUST-175,PROD-030,11,Modern Trade,Purwakarta
S00164,2024-10-16,CUST-101,PROD-025,211,Modern Trade,Cianjur
S00165,2024-03-07,CUST-016,PROD-028,34,E-commerce,Cimahi
S00166,2024-04-12,CUST-197,PROD-013,81,Distributor,Bandung
S00167,2024-05-19,CUST-002,PROD-022,25,E-commerce,Ciamis
S00168,2024-06-25,CUST-128,PROD-018,10,E-commerce,Tasikmalaya Kab.
S00169,2024-03-22,CUST-092,PROD-027,41,Traditional Trade,Kuningan
S00170,2024-02-13,CUST-105,PROD-008,253,Distributor,Sukabumi
S00171,2024-08-06,CUST-182,PROD-006,119,Traditional Trade,Banjar
S00172,2024-04-03,CUST-155,PROD-011,259,Distributor,Tasikmalaya Kab.
S00173,2024-07-25,CUST-031,PROD-029,231,Modern Trade,Cirebon Kab.
S00174,2024-02-27,CUST-169,PROD-005,145,Traditional Trade,Ciamis
S00175,2024-06-15,CUST-164,PROD-007,7,Traditional Trade,Sukabumi Kab.
S00176,2024-07-06,CUST-047,PROD-022,49,Modern Trade,Garut
S00177,2024-01-20,CUST-043,PROD-004,69,Modern Trade,Ciamis
S00178,2024-04-15,CUST-065,PROD-032,20,Modern Trade,Cirebon Kab.
S00179,2024-02-20,CUST-050,PROD-019,169,Distributor,Sukabumi
S00180,2024-01-25,CUST-001,PROD-033,133,Traditional Trade,Depok
S00181,2024-12-28,CUST-200,PROD-001,26,E-commerce,Garut Kab.
S00182,2024-04-12,CUST-185,PROD-008,46,Traditional Trade,Karawang
S00183,2024-11-04,CUST-144,PROD-032,127,Traditional Trade,Banjar
S00184,2024-03-25,CUST-122,PROD-030,96,Traditional Trade,Bogor
S00185,2024-08-31,CUST-028,PROD-028,222,Modern Trade,Cirebon Kab.
S00186,2024-10-11,CUST-086,PROD-032,66,Traditional Trade,Bogor Kab.
S00187,2024-07-31,CUST-082,PROD-025,211,Modern Trade,Tasikmalaya Kab.
S00188,2024-06-11,CUST-022,PROD-034,317,Distributor,Cianjur
S00189,2024-05-11,CUST-041,PROD-033,46,E-commerce,Cirebon Kab.
S00190,2024-04-19,CUST-076,PROD-013,204,Distributor,Bekasi Kab.
S00191,2024-12-10,CUST-147,PROD-025,3,E-commerce,Bandung
S00192,2024-11-10,CUST-089,PROD-040,37,Modern Trade,Purwakarta
S00193,2024-12-21,CUST-178,PROD-039,111,Traditional Trade,Karawang
S00194,2024-02-16,CUST-059,PROD-010,21,E-commerce,Tasikmalaya Kab.
S00195,2024-09-26,CUST-069,PROD-031,184,Distributor,Subang
S00196,2024-12-13,CUST-162,PROD-011,99,Traditional Trade,Purwakarta
S00197,2024-03-06,CUST-167,PROD-025,279,Modern Trade,Depok
S00198,2024-01-26,CUST-123,PROD-034,39,E-commerce,Bandung
S00199,2024-10-01,CUST-074,PROD-020,39,E-commerce,Bogor Kab.
S00200,2024-07-23,CUST-007,PROD-007,21,Modern Trade,Depok
S00201,2024-11-13,CUST-101,PROD-033,13,Modern Trade,Cianjur
S00202,2024-02-22,CUST-111,PROD-035,353,Distributor,Sukabumi
S00203,2024-10-30,CUST-180,PROD-029,440,Distributor,Garut Kab.
S00204,2024-03-11,CUST-188,PROD-012,177,Modern Trade,Bekasi Kab.
S00205,2024-03-01,CUST-052,PROD-005,57,Distributor,Sumedang
S00206,2024-03-01,CUST-024,PROD-012,133,Modern Trade,Bekasi Kab.
S00207,2024-11-05,CUST-026,PROD-029,35,E-commerce,Pangandaran
S00208,2024-08-25,CUST-125,PROD-035,9,E-commerce,Bekasi
S00209,2024-07-02,CUST-090,PROD-020,420,Distributor,Cimahi
S00210,2024-04-21,CUST-122,PROD-037,17,Traditional Trade,Bogor
S00211,2024-11-24,CUST-010,PROD-001,39,E-commerce,Kuningan
S00212,2024-04-30,CUST-017,PROD-016,88,Traditional Trade,Cianjur
S00213,2024-11-06,CUST-002,PROD-030,21,E-commerce,Ciamis
S00214,2024-05-27,CUST-112,PROD-009,51,Traditional Trade,Cianjur
S00215,2024-04-26,CUST-027,PROD-010,267,Modern Trade,Bandung
S00216,2024-06-07,CUST-071,PROD-013,48,Traditional Trade,Bogor Kab.
S00217,2024-04-06,CUST-176,PROD-020,39,Modern Trade,Cirebon
S00218,2024-10-05,CUST-118,PROD-029,23,E-commerce,Garut
S00219,2024-06-23,CUST-009,PROD-004,132,Traditional Trade,Garut
S00220,2024-03-19,CUST-086,PROD-028,59,Traditional Trade,Bogor Kab.
S00221,2024-12-01,CUST-023,PROD-037,44,Traditional Trade,Cirebon Kab.
S00222,2024-04-28,CUST-199,PROD-013,101,Traditional Trade,Tasikmalaya
S00223,2024-07-10,CUST-073,PROD-003,32,E-commerce,Cimahi
S00224,2024-12-03,CUST-027,PROD-037,101,Modern Trade,Bandung
S00225,2024-08-11,CUST-093,PROD-019,329,Distributor,Tasikmalaya
S00226,2024-02-14,CUST-081,PROD-028,179,Modern Trade,Sumedang
S00227,2024-12-13,CUST-084,PROD-019,293,Modern Trade,Bandung Barat
S00228,2024-08-12,CUST-199,PROD-017,121,Traditional Trade,Tasikmalaya
S00229,2024-04-15,CUST-043,PROD-018,257,Modern Trade,Ciamis
S00230,2024-02-22,CUST-007,PROD-018,98,Modern Trade,Depok
S00231,2024-10-29,CUST-092,PROD-023,82,Traditional Trade,Kuningan
S00232,2024-08-09,CUST-083,PROD-040,123,Distributor,Cirebon Kab.
S00233,2024-07-06,CUST-191,PROD-009,441,Distributor,Ciamis
S00234,2024-11-29,CUST-084,PROD-029,23,Modern Trade,Bandung Barat
S00235,2024-10-26,CUST-044,PROD-029,54,Modern Trade,Tasikmalaya
S00236,2024-02-26,CUST-167,PROD-002,47,Modern Trade,Depok
S00237,2024-04-09,CUST-040,PROD-017,254,Modern Trade,Garut
S00238,2024-03-23,CUST-135,PROD-031,71,Modern Trade,Bandung
S00239,2024-10-03,CUST-198,PROD-028,145,Distributor,Bandung
S00240,2024-01-13,CUST-025,PROD-039,71,Traditional Trade,Bandung Barat
S00241,2024-07-21,CUST-059,PROD-030,20,E-commerce,Tasikmalaya Kab.
S00242,2024-10-12,CUST-141,PROD-035,110,Distributor,Bogor
S00243,2024-11-24,CUST-103,PROD-020,17,Traditional Trade,Tasikmalaya
S00244,2024-04-17,CUST-086,PROD-016,123,Traditional Trade,Bogor Kab.
S00245,2024-11-07,CUST-112,PROD-034,91,Traditional Trade,Cianjur
S00246,2024-02-11,CUST-086,PROD-014,87,Traditional Trade,Bogor Kab.
S00247,2024-11-15,CUST-098,PROD-026,89,Modern Trade,Sumedang
S00248,2024-02-17,CUST-062,PROD-020,36,E-commerce,Ciamis
S00249,2024-05-02,CUST-008,PROD-024,120,Modern Trade,Tasikmalaya Kab.
S00250,2024-10-31,CUST-113,PROD-018,80,Modern Trade,Bandung
S00251,2024-02-26,CUST-173,PROD-009,34,Modern Trade,Depok
S00252,2024-03-18,CUST-146,PROD-019,23,E-commerce,Bogor
S00253,2024-09-22,CUST-060,PROD-020,15,Traditional Trade,Pangandaran
S00254,2024-09-20,CUST-060,PROD-030,31,Traditional Trade,Pangandaran
S00255,2024-08-17,CUST-106,PROD-026,166,Distributor,Purwakarta
S00256,2024-09-07,CUST-002,PROD-031,3,E-commerce,Ciamis
S00257,2024-07-10,CUST-194,PROD-035,56,Modern Trade,Kuningan
S00258,2024-03-24,CUST-091,PROD-003,250,Modern Trade,Subang
S00259,2024-04-18,CUST-014,PROD-040,12,Traditional Trade,Pangandaran
S00260,2024-03-06,CUST-048,PROD-029,81,Traditional Trade,Depok
S00261,2024-12-04,CUST-103,PROD-006,71,Traditional Trade,Tasikmalaya
S00262,2024-07-26,CUST-056,PROD-001,39,Traditional Trade,Sumedang
S00263,2024-05-04,CUST-012,PROD-024,81,Traditional Trade,Cirebon
S00264,2024-06-07,CUST-055,PROD-038,289,Modern Trade,Subang
S00265,2024-12-15,CUST-156,PROD-034,9,E-commerce,Kuningan
S00266,2024-02-27,CUST-110,PROD-007,103,Modern Trade,Depok
S00267,2024-07-27,CUST-004,PROD-011,153,Modern Trade,Cirebon
S00268,2024-06-25,CUST-036,PROD-011,62,Traditional Trade,Sukabumi Kab.
S00269,2024-08-06,CUST-178,PROD-036,68,Traditional Trade,Karawang
S00270,2024-01-07,CUST-131,PROD-020,80,Traditional Trade,Sukabumi
S00271,2024-11-23,CUST-001,PROD-016,119,Traditional Trade,Depok
S00272,2024-12-11,CUST-017,PROD-005,53,Traditional Trade,Cianjur
S00273,2024-07-19,CUST-199,PROD-024,33,Traditional Trade,Tasikmalaya
S00274,2024-09-08,CUST-062,PROD-030,15,E-commerce,Ciamis
S00275,2024-12-08,CUST-048,PROD-030,122,Traditional Trade,Depok
S00276,2024-09-14,CUST-062,PROD-039,18,E-commerce,Ciamis
S00277,2024-02-27,CUST-069,PROD-037,312,Distributor,Subang
S00278,2024-07-23,CUST-147,PROD-033,13,E-commerce,Bandung
S00279,2024-08-04,CUST-103,PROD-020,126,Traditional Trade,Tasikmalaya
S00280,2024-05-18,CUST-110,PROD-022,99,Modern Trade,Depok
S00281,2024-09-29,CUST-162,PROD-021,6,Traditional Trade,Purwakarta
S00282,2024-12-12,CUST-177,PROD-037,41,Traditional Trade,Bogor Kab.
S00283,2024-12-09,CUST-175,PROD-027,98,Modern Trade,Purwakarta
S00284,2024-06-02,CUST-091,PROD-038,136,Modern Trade,Subang
S00285,2024-02-12,CUST-114,PROD-035,408,Distributor,Cirebon Kab.
S00286,2024-12-27,CUST-178,PROD-038,34,Traditional Trade,Karawang
S00287,2024-11-13,CUST-089,PROD-040,269,Modern Trade,Purwakarta
S00288,2024-02-16,CUST-154,PROD-006,388,Distributor,Bekasi
S00289,2024-12-07,CUST-056,PROD-032,115,Traditional Trade,Sumedang
S00290,2024-11-22,CUST-078,PROD-016,33,Modern Trade,Sukabumi Kab.
S00291,2024-06-30,CUST-014,PROD-028,54,Traditional Trade,Pangandaran
S00292,2024-07-29,CUST-025,PROD-016,41,Traditional Trade,Bandung Barat
S00293,2024-05-03,CUST-132,PROD-027,25,E-commerce,Cimahi
S00294,2024-01-21,CUST-032,PROD-003,398,Distributor,Tasikmalaya
S00295,2024-04-15,CUST-082,PROD-021,134,Modern Trade,Tasikmalaya Kab.
S00296,2024-11-02,CUST-078,PROD-038,40,Modern Trade,Sukabumi Kab.
S00297,2024-01-02,CUST-193,PROD-038,246,Modern Trade,Tasikmalaya Kab.
S00298,2024-04-15,CUST-106,PROD-030,276,Distributor,Purwakarta
S00299,2024-05-02,CUST-189,PROD-022,28,E-commerce,Cirebon Kab.
S00300,2024-07-07,CUST-020,PROD-019,42,Traditional Trade,Pangandaran
S00301,2024-12-07,CUST-074,PROD-031,44,E-commerce,Bogor Kab.
S00302,2024-04-18,CUST-010,PROD-020,50,E-commerce,Kuningan
S00303,2024-04-18,CUST-123,PROD-019,50,E-commerce,Bandung
S00304,2024-09-29,CUST-034,PROD-002,141,Modern Trade,Garut Kab.
S00305,2024-06-03,CUST-189,PROD-040,28,E-commerce,Cirebon Kab.
S00306,2024-03-17,CUST-155,PROD-039,229,Distributor,Tasikmalaya Kab.
S00307,2024-06-03,CUST-040,PROD-027,87,Modern Trade,Garut
S00308,2024-02-22,CUST-193,PROD-008,229,Modern Trade,Tasikmalaya Kab.
S00309,2024-03-05,CUST-127,PROD-027,146,Traditional Trade,Depok
S00310,2024-06-22,CUST-033,PROD-015,434,Distributor,Majalengka
S00311,2024-05-15,CUST-196,PROD-012,47,Traditional Trade,Depok
S00312,2024-12-06,CUST-071,PROD-014,122,Traditional Trade,Bogor Kab.
S00313,2024-04-22,CUST-137,PROD-007,41,E-commerce,Kuningan
S00314,2024-07-25,CUST-144,PROD-017,22,Traditional Trade,Banjar
S00315,2024-08-13,CUST-133,PROD-026,237,Distributor,Cirebon Kab.
S00316,2024-01-06,CUST-098,PROD-037,196,Modern Trade,Sumedang
S00317,2024-08-25,CUST-124,PROD-020,42,E-commerce,Garut Kab.
S00318,2024-03-05,CUST-151,PROD-010,34,Traditional Trade,Subang
S00319,2024-12-20,CUST-043,PROD-019,111,Modern Trade,Ciamis
S00320,2024-02-25,CUST-114,PROD-018,316,Distributor,Cirebon Kab.
S00321,2024-05-12,CUST-089,PROD-030,133,Modern Trade,Purwakarta
S00322,2024-02-02,CUST-185,PROD-030,70,Traditional Trade,Karawang
S00323,2024-12-31,CUST-179,PROD-025,148,Distributor,Depok
S00324,2024-06-23,CUST-013,PROD-024,480,Distributor,Cianjur
S00325,2024-07-31,CUST-128,PROD-010,24,E-commerce,Tasikmalaya Kab.
S00326,2024-01-26,CUST-152,PROD-002,382,Distributor,Bogor
S00327,2024-10-06,CUST-139,PROD-038,132,Traditional Trade,Cianjur
S00328,2024-03-13,CUST-052,PROD-032,489,Distributor,Sumedang
S00329,2024-12-01,CUST-017,PROD-035,98,Traditional Trade,Cianjur
S00330,2024-03-12,CUST-165,PROD-037,91,Traditional Trade,Karawang
S00331,2024-03-08,CUST-013,PROD-007,173,Distributor,Cianjur
S00332,2024-01-15,CUST-190,PROD-007,46,E-commerce,Cirebon Kab.
S00333,2024-06-11,CUST-084,PROD-027,165,Modern Trade,Bandung Barat
S00334,2024-07-19,CUST-097,PROD-010,97,Traditional Trade,Karawang
S00335,2024-01-26,CUST-106,PROD-033,298,Distributor,Purwakarta
S00336,2024-10-19,CUST-096,PROD-007,485,Distributor,Indramayu
S00337,2024-06-03,CUST-008,PROD-006,280,Modern Trade,Tasikmalaya Kab.
S00338,2024-07-02,CUST-056,PROD-006,62,Traditional Trade,Sumedang
S00339,2024-05-28,CUST-104,PROD-013,3,E-commerce,Karawang
S00340,2024-05-04,CUST-083,PROD-013,250,Distributor,Cirebon Kab.
S00341,2024-07-16,CUST-198,PROD-002,121,Distributor,Bandung
S00342,2024-02-28,CUST-044,PROD-019,256,Modern Trade,Tasikmalaya
S00343,2024-03-06,CUST-188,PROD-019,107,Modern Trade,Bekasi Kab.
S00344,2024-11-20,CUST-103,PROD-038,77,Traditional Trade,Tasikmalaya
S00345,2024-12-15,CUST-112,PROD-002,85,Traditional Trade,Cianjur
S00346,2024-04-25,CUST-169,PROD-026,69,Traditional Trade,Ciamis
S00347,2024-03-29,CUST-149,PROD-006,40,E-commerce,Bekasi
S00348,2024-08-18,CUST-042,PROD-020,9,Traditional Trade,Kuningan
S00349,2024-05-09,CUST-157,PROD-023,32,Traditional Trade,Subang
S00350,2024-01-10,CUST-193,PROD-015,90,Modern Trade,Tasikmalaya Kab.
S00351,2024-02-28,CUST-145,PROD-006,91,Traditional Trade,Garut Kab.
S00352,2024-09-18,CUST-030,PROD-028,18,E-commerce,Banjar
S00353,2024-08-23,CUST-026,PROD-035,37,E-commerce,Pangandaran
S00354,2024-01-11,CUST-181,PROD-011,27,E-commerce,Garut
S00355,2024-03-17,CUST-125,PROD-008,25,E-commerce,Bekasi
S00356,2024-03-19,CUST-019,PROD-024,87,Traditional Trade,Banjar
S00357,2024-08-28,CUST-053,PROD-021,31,Traditional Trade,Bogor Kab.
S00358,2024-01-08,CUST-085,PROD-036,191,Modern Trade,Sukabumi Kab.
S00359,2024-02-09,CUST-017,PROD-007,139,Traditional Trade,Cianjur
S00360,2024-11-01,CUST-174,PROD-005,139,Distributor,Karawang
S00361,2024-03-05,CUST-104,PROD-029,14,E-commerce,Karawang
S00362,2024-08-21,CUST-181,PROD-016,27,E-commerce,Garut
S00363,2024-03-21,CUST-105,PROD-006,427,Distributor,Sukabumi
S00364,2024-02-07,CUST-104,PROD-014,8,E-commerce,Karawang
S00365,2024-03-22,CUST-192,PROD-002,95,Traditional Trade,Cirebon
S00366,2024-09-22,CUST-173,PROD-025,77,Modern Trade,Depok
S00367,2024-11-18,CUST-177,PROD-031,110,Traditional Trade,Bogor Kab.
S00368,2024-11-10,CUST-147,PROD-013,4,E-commerce,Bandung
S00369,2024-05-02,CUST-124,PROD-018,18,E-commerce,Garut Kab.
S00370,2024-08-27,CUST-199,PROD-017,67,Traditional Trade,Tasikmalaya
S00371,2024-03-12,CUST-081,PROD-028,189,Modern Trade,Sumedang
S00372,2024-04-04,CUST-193,PROD-012,120,Modern Trade,Tasikmalaya Kab.
S00373,2024-11-30,CUST-037,PROD-035,240,Distributor,Indramayu
S00374,2024-01-05,CUST-121,PROD-022,45,E-commerce,Bogor
S00375,2024-02-02,CUST-070,PROD-039,144,Traditional Trade,Majalengka
S00376,2024-03-13,CUST-154,PROD-001,441,Distributor,Bekasi
S00377,2024-01-11,CUST-130,PROD-037,255,Modern Trade,Depok
S00378,2024-03-06,CUST-059,PROD-021,22,E-commerce,Tasikmalaya Kab.
S00379,2024-07-26,CUST-118,PROD-001,27,E-commerce,Garut
S00380,2024-05-17,CUST-133,PROD-004,474,Distributor,Cirebon Kab.
S00381,2024-11-29,CUST-037,PROD-032,421,Distributor,Indramayu
S00382,2024-11-06,CUST-031,PROD-001,132,Modern Trade,Cirebon Kab.
S00383,2024-04-17,CUST-099,PROD-013,61,Traditional Trade,Purwakarta
S00384,2024-03-26,CUST-094,PROD-017,209,Distributor,Cimahi
S00385,2024-04-27,CUST-176,PROD-012,136,Modern Trade,Cirebon
S00386,2024-07-29,CUST-006,PROD-007,99,Traditional Trade,Pangandaran
S00387,2024-03-28,CUST-015,PROD-003,6,E-commerce,Bogor Kab.
S00388,2024-08-10,CUST-143,PROD-026,472,Distributor,Cimahi
S00389,2024-05-09,CUST-189,PROD-031,9,E-commerce,Cirebon Kab.
S00390,2024-07-13,CUST-016,PROD-036,42,E-commerce,Cimahi
S00391,2024-05-26,CUST-020,PROD-026,36,Traditional Trade,Pangandaran
S00392,2024-04-04,CUST-077,PROD-003,25,Modern Trade,Banjar
S00393,2024-12-16,CUST-044,PROD-028,149,Modern Trade,Tasikmalaya
S00394,2024-10-13,CUST-170,PROD-017,204,Modern Trade,Bogor Kab.
S00395,2024-02-22,CUST-046,PROD-038,235,Distributor,Bekasi
S00396,2024-11-22,CUST-095,PROD-030,27,E-commerce,Pangandaran
S00397,2024-06-17,CUST-162,PROD-002,141,Traditional Trade,Purwakarta
S00398,2024-11-29,CUST-064,PROD-008,129,Traditional Trade,Depok
S00399,2024-11-01,CUST-157,PROD-014,21,Traditional Trade,Subang
S00400,2024-05-19,CUST-131,PROD-037,114,Traditional Trade,Sukabumi
S00401,2024-01-09,CUST-009,PROD-035,137,Traditional Trade,Garut
S00402,2024-03-29,CUST-153,PROD-039,75,Distributor,Bandung
S00403,2024-07-09,CUST-042,PROD-011,133,Traditional Trade,Kuningan
S00404,2024-08-14,CUST-174,PROD-015,50,Distributor,Karawang
S00405,2024-03-26,CUST-073,PROD-002,35,E-commerce,Cimahi
S00406,2024-02-22,CUST-084,PROD-037,274,Modern Trade,Bandung Barat
S00407,2024-11-11,CUST-059,PROD-032,23,E-commerce,Tasikmalaya Kab.
S00408,2024-12-27,CUST-021,PROD-040,47,Modern Trade,Bandung Barat
S00409,2024-07-03,CUST-150,PROD-013,8,Traditional Trade,Purwakarta
S00410,2024-03-03,CUST-157,PROD-017,56,Traditional Trade,Subang
S00411,2024-03-30,CUST-063,PROD-015,9,Traditional Trade,Purwakarta
S00412,2024-01-08,CUST-073,PROD-033,28,E-commerce,Cimahi
S00413,2024-12-05,CUST-061,PROD-016,287,Distributor,Bandung Barat
S00414,2024-02-14,CUST-064,PROD-013,110,Traditional Trade,Depok
S00415,2024-07-23,CUST-069,PROD-022,296,Distributor,Subang
S00416,2024-03-30,CUST-168,PROD-023,48,E-commerce,Majalengka
S00417,2024-07-14,CUST-129,PROD-036,91,Traditional Trade,Sukabumi
S00418,2024-08-20,CUST-106,PROD-010,496,Distributor,Purwakarta
S00419,2024-11-10,CUST-065,PROD-017,47,Modern Trade,Cirebon Kab.
S00420,2024-03-12,CUST-122,PROD-030,56,Traditional Trade,Bogor
S00421,2024-01-05,CUST-062,PROD-013,23,E-commerce,Ciamis
S00422,2024-02-21,CUST-182,PROD-030,50,Traditional Trade,Banjar
S00423,2024-12-01,CUST-103,PROD-030,97,Traditional Trade,Tasikmalaya
S00424,2024-11-23,CUST-060,PROD-007,141,Traditional Trade,Pangandaran
S00425,2024-08-01,CUST-046,PROD-010,280,Distributor,Bekasi
S00426,2024-08-02,CUST-005,PROD-035,54,Traditional Trade,Cimahi
S00427,2024-08-25,CUST-113,PROD-002,211,Modern Trade,Bandung
S00428,2024-03-04,CUST-150,PROD-030,70,Traditional Trade,Purwakarta
S00429,2024-12-06,CUST-181,PROD-019,13,E-commerce,Garut
S00430,2024-05-15,CUST-070,PROD-039,42,Traditional Trade,Majalengka
S00431,2024-04-27,CUST-160,PROD-037,109,Traditional Trade,Sukabumi
S00432,2024-06-30,CUST-011,PROD-003,20,Traditional Trade,Cirebon
S00433,2024-01-19,CUST-138,PROD-025,88,Modern Trade,Kuningan
S00434,2024-03-02,CUST-167,PROD-034,22,Modern Trade,Depok
S00435,2024-09-30,CUST-098,PROD-022,111,Modern Trade,Sumedang
S00436,2024-02-01,CUST-031,PROD-038,161,Modern Trade,Cirebon Kab.
S00437,2024-08-03,CUST-012,PROD-014,139,Traditional Trade,Cirebon
S00438,2024-03-23,CUST-108,PROD-039,91,Traditional Trade,Bandung
S00439,2024-04-29,CUST-080,PROD-002,137,Distributor,Banjar
S00440,2024-04-03,CUST-166,PROD-032,38,Modern Trade,Garut
S00441,2024-04-20,CUST-067,PROD-003,5,E-commerce,Purwakarta
S00442,2024-09-20,CUST-194,PROD-008,109,Modern Trade,Kuningan
S00443,2024-04-05,CUST-052,PROD-026,164,Distributor,Sumedang
S00444,2024-07-19,CUST-133,PROD-032,259,Distributor,Cirebon Kab.
S00445,2024-06-13,CUST-139,PROD-011,91,Traditional Trade,Cianjur
S00446,2024-08-25,CUST-025,PROD-001,78,Traditional Trade,Bandung Barat
S00447,2024-12-12,CUST-035,PROD-015,184,Distributor,Garut Kab.
S00448,2024-09-27,CUST-163,PROD-004,17,Traditional Trade,Tasikmalaya Kab.
S00449,2024-03-15,CUST-022,PROD-004,399,Distributor,Cianjur
S00450,2024-01-12,CUST-165,PROD-028,82,Traditional Trade,Karawang
S00451,2024-03-27,CUST-183,PROD-010,128,Traditional Trade,Bandung Barat
S00452,2024-07-31,CUST-096,PROD-011,174,Distributor,Indramayu
S00453,2024-01-20,CUST-117,PROD-023,38,E-commerce,Cirebon
S00454,2024-06-21,CUST-200,PROD-003,13,E-commerce,Garut Kab.
S00455,2024-08-01,CUST-192,PROD-039,58,Traditional Trade,Cirebon
S00456,2024-04-15,CUST-020,PROD-039,110,Traditional Trade,Pangandaran
S00457,2024-10-17,CUST-106,PROD-017,93,Distributor,Purwakarta
S00458,2024-02-10,CUST-004,PROD-022,234,Modern Trade,Cirebon
S00459,2024-01-29,CUST-018,PROD-027,145,Traditional Trade,Bogor
S00460,2024-09-25,CUST-051,PROD-016,162,Modern Trade,Depok
S00461,2024-06-21,CUST-196,PROD-016,28,Traditional Trade,Depok
S00462,2024-09-04,CUST-020,PROD-040,128,Traditional Trade,Pangandaran
S00463,2024-05-25,CUST-122,PROD-003,33,Traditional Trade,Bogor
S00464,2024-03-23,CUST-137,PROD-033,36,E-commerce,Kuningan
S00465,2024-11-07,CUST-080,PROD-002,451,Distributor,Banjar
S00466,2024-11-01,CUST-154,PROD-039,397,Distributor,Bekasi
S00467,2024-09-07,CUST-102,PROD-027,5,E-commerce,Tasikmalaya Kab.
S00468,2024-03-30,CUST-025,PROD-015,150,Traditional Trade,Bandung Barat
S00469,2024-07-29,CUST-196,PROD-007,129,Traditional Trade,Depok
S00470,2024-04-22,CUST-169,PROD-009,75,Traditional Trade,Ciamis
S00471,2024-02-04,CUST-059,PROD-006,9,E-commerce,Tasikmalaya Kab.
S00472,2024-12-06,CUST-045,PROD-012,103,Traditional Trade,Bogor
S00473,2024-02-21,CUST-041,PROD-030,12,E-commerce,Cirebon Kab.
S00474,2024-12-16,CUST-038,PROD-020,101,Distributor,Purwakarta
S00475,2024-06-01,CUST-117,PROD-020,46,E-commerce,Cirebon
S00476,2024-03-07,CUST-019,PROD-027,108,Traditional Trade,Banjar
S00477,2024-07-09,CUST-014,PROD-020,48,Traditional Trade,Pangandaran
S00478,2024-11-23,CUST-127,PROD-007,13,Traditional Trade,Depok
S00479,2024-09-27,CUST-149,PROD-040,12,E-commerce,Bekasi
S00480,2024-11-03,CUST-143,PROD-040,149,Distributor,Cimahi
S00481,2024-08-23,CUST-003,PROD-030,37,E-commerce,Purwakarta
S00482,2024-09-06,CUST-037,PROD-008,186,Distributor,Indramayu
S00483,2024-11-16,CUST-117,PROD-002,39,E-commerce,Cirebon
S00484,2024-03-24,CUST-174,PROD-014,415,Distributor,Karawang
S00485,2024-06-18,CUST-016,PROD-010,22,E-commerce,Cimahi
S00486,2024-03-16,CUST-142,PROD-018,194,Distributor,Cirebon Kab.
S00487,2024-12-28,CUST-009,PROD-018,92,Traditional Trade,Garut
S00488,2024-12-15,CUST-007,PROD-016,42,Modern Trade,Depok
S00489,2024-01-16,CUST-142,PROD-005,320,Distributor,Cirebon Kab.
S00490,2024-09-13,CUST-134,PROD-031,31,Traditional Trade,Bandung Barat
S00491,2024-12-09,CUST-015,PROD-037,34,E-commerce,Bogor Kab.
S00492,2024-03-06,CUST-180,PROD-020,494,Distributor,Garut Kab.
S00493,2024-07-20,CUST-072,PROD-023,161,Distributor,Sumedang
S00494,2024-12-06,CUST-162,PROD-032,86,Traditional Trade,Purwakarta
S00495,2024-01-14,CUST-104,PROD-017,21,E-commerce,Karawang
S00496,2024-09-09,CUST-129,PROD-013,52,Traditional Trade,Sukabumi
S00497,2024-04-05,CUST-096,PROD-013,57,Distributor,Indramayu
S00498,2024-12-09,CUST-122,PROD-017,138,Traditional Trade,Bogor
S00499,2024-12-23,CUST-115,PROD-015,127,Modern Trade,Cimahi
S00500,2024-12-15,CUST-197,PROD-026,133,Distributor,Bandung
S00501,2024-06-12,CUST-148,PROD-028,2,E-commerce,Bogor
S00502,2024-11-20,CUST-080,PROD-030,292,Distributor,Banjar
S00503,2024-11-14,CUST-007,PROD-035,246,Modern Trade,Depok
S00504,2024-04-11,CUST-135,PROD-022,159,Modern Trade,Bandung
S00505,2024-11-10,CUST-050,PROD-010,423,Distributor,Sukabumi
S00506,2024-01-15,CUST-130,PROD-011,30,Modern Trade,Depok
S00507,2024-07-31,CUST-047,PROD-038,143,Modern Trade,Garut
S00508,2024-03-19,CUST-014,PROD-033,127,Traditional Trade,Pangandaran
S00509,2024-02-15,CUST-031,PROD-006,105,Modern Trade,Cirebon Kab.
S00510,2024-01-30,CUST-050,PROD-037,62,Distributor,Sukabumi
S00511,2024-09-08,CUST-189,PROD-007,1,E-commerce,Cirebon Kab.
S00512,2024-04-16,CUST-041,PROD-012,22,E-commerce,Cirebon Kab.
S00513,2024-09-23,CUST-014,PROD-007,121,Traditional Trade,Pangandaran
S00514,2024-01-26,CUST-133,PROD-002,201,Distributor,Cirebon Kab.
S00515,2024-04-10,CUST-005,PROD-001,68,Traditional Trade,Cimahi
S00516,2024-07-08,CUST-192,PROD-023,65,Traditional Trade,Cirebon
S00517,2024-10-27,CUST-157,PROD-025,112,Traditional Trade,Subang
S00518,2024-04-11,CUST-005,PROD-018,16,Traditional Trade,Cimahi
S00519,2024-08-11,CUST-113,PROD-007,99,Modern Trade,Bandung
S00520,2024-11-27,CUST-118,PROD-003,4,E-commerce,Garut
S00521,2024-08-07,CUST-096,PROD-029,132,Distributor,Indramayu
S00522,2024-03-19,CUST-036,PROD-010,132,Traditional Trade,Sukabumi Kab.
S00523,2024-01-10,CUST-079,PROD-005,12,E-commerce,Bogor Kab.
S00524,2024-11-22,CUST-019,PROD-034,37,Traditional Trade,Banjar
S00525,2024-01-09,CUST-192,PROD-008,132,Traditional Trade,Cirebon
S00526,2024-11-23,CUST-022,PROD-014,149,Distributor,Cianjur
S00527,2024-07-04,CUST-162,PROD-040,110,Traditional Trade,Purwakarta
S00528,2024-12-13,CUST-056,PROD-006,76,Traditional Trade,Sumedang
S00529,2024-10-31,CUST-017,PROD-001,78,Traditional Trade,Cianjur
S00530,2024-12-31,CUST-184,PROD-033,145,Distributor,Sukabumi Kab.
S00531,2024-04-19,CUST-017,PROD-040,96,Traditional Trade,Cianjur
S00532,2024-10-15,CUST-146,PROD-011,10,E-commerce,Bogor
S00533,2024-05-05,CUST-173,PROD-024,184,Modern Trade,Depok
S00534,2024-06-14,CUST-078,PROD-010,234,Modern Trade,Sukabumi Kab.
S00535,2024-08-12,CUST-056,PROD-023,63,Traditional Trade,Sumedang
S00536,2024-11-23,CUST-080,PROD-016,224,Distributor,Banjar
S00537,2024-12-27,CUST-050,PROD-037,105,Distributor,Sukabumi
S00538,2024-10-15,CUST-058,PROD-016,49,E-commerce,Sukabumi
S00539,2024-05-14,CUST-018,PROD-031,17,Traditional Trade,Bogor
S00540,2024-05-17,CUST-135,PROD-006,44,Modern Trade,Bandung
S00541,2024-09-30,CUST-076,PROD-030,168,Distributor,Bekasi Kab.
S00542,2024-03-21,CUST-010,PROD-037,29,E-commerce,Kuningan
S00543,2024-02-11,CUST-069,PROD-001,105,Distributor,Subang
S00544,2024-04-20,CUST-085,PROD-025,114,Modern Trade,Sukabumi Kab.
S00545,2024-04-02,CUST-131,PROD-021,138,Traditional Trade,Sukabumi
S00546,2024-04-05,CUST-083,PROD-035,225,Distributor,Cirebon Kab.
S00547,2024-03-20,CUST-109,PROD-038,110,Traditional Trade,Tasikmalaya
S00548,2024-01-17,CUST-044,PROD-005,89,Modern Trade,Tasikmalaya
S00549,2024-01-07,CUST-198,PROD-012,212,Distributor,Bandung
S00550,2024-12-28,CUST-142,PROD-005,451,Distributor,Cirebon Kab.
S00551,2024-05-20,CUST-132,PROD-009,11,E-commerce,Cimahi
S00552,2024-04-28,CUST-018,PROD-009,55,Traditional Trade,Bogor
S00553,2024-08-31,CUST-093,PROD-035,426,Distributor,Tasikmalaya
S00554,2024-03-16,CUST-180,PROD-001,328,Distributor,Garut Kab.
S00555,2024-12-16,CUST-038,PROD-010,352,Distributor,Purwakarta
S00556,2024-10-25,CUST-148,PROD-039,11,E-commerce,Bogor
S00557,2024-02-04,CUST-172,PROD-036,492,Distributor,Kuningan
S00558,2024-05-14,CUST-051,PROD-037,136,Modern Trade,Depok
S00559,2024-11-25,CUST-019,PROD-035,60,Traditional Trade,Banjar
S00560,2024-12-15,CUST-120,PROD-017,243,Modern Trade,Cimahi
S00561,2024-06-09,CUST-068,PROD-013,27,E-commerce,Bogor
S00562,2024-08-07,CUST-066,PROD-006,82,Modern Trade,Cimahi
S00563,2024-03-02,CUST-141,PROD-037,468,Distributor,Bogor
S00564,2024-12-29,CUST-190,PROD-032,9,E-commerce,Cirebon Kab.
S00565,2024-03-19,CUST-189,PROD-011,18,E-commerce,Cirebon Kab.
S00566,2024-12-14,CUST-158,PROD-017,48,Traditional Trade,Depok
S00567,2024-08-20,CUST-098,PROD-005,256,Modern Trade,Sumedang
S00568,2024-08-05,CUST-158,PROD-006,60,Traditional Trade,Depok
S00569,2024-06-27,CUST-179,PROD-010,225,Distributor,Depok
S00570,2024-03-19,CUST-088,PROD-033,405,Distributor,Indramayu
S00571,2024-03-05,CUST-176,PROD-030,266,Modern Trade,Cirebon
S00572,2024-03-16,CUST-033,PROD-021,460,Distributor,Majalengka
S00573,2024-03-07,CUST-105,PROD-017,350,Distributor,Sukabumi
S00574,2024-10-21,CUST-074,PROD-027,40,E-commerce,Bogor Kab.
S00575,2024-04-19,CUST-082,PROD-003,72,Modern Trade,Tasikmalaya Kab.
S00576,2024-01-23,CUST-019,PROD-029,42,Traditional Trade,Banjar
S00577,2024-12-22,CUST-071,PROD-002,33,Traditional Trade,Bogor Kab.
S00578,2024-11-26,CUST-057,PROD-029,49,Modern Trade,Tasikmalaya Kab.
S00579,2024-12-10,CUST-147,PROD-036,19,E-commerce,Bandung
S00580,2024-12-30,CUST-079,PROD-034,24,E-commerce,Bogor Kab.
S00581,2024-03-04,CUST-169,PROD-037,60,Traditional Trade,Ciamis
S00582,2024-05-01,CUST-042,PROD-001,48,Traditional Trade,Kuningan
S00583,2024-10-10,CUST-180,PROD-026,242,Distributor,Garut Kab.
S00584,2024-09-08,CUST-116,PROD-001,36,E-commerce,Cianjur
S00585,2024-02-27,CUST-004,PROD-004,224,Modern Trade,Cirebon
S00586,2024-11-06,CUST-004,PROD-039,150,Modern Trade,Cirebon
S00587,2024-03-17,CUST-005,PROD-014,53,Traditional Trade,Cimahi
S00588,2024-03-17,CUST-041,PROD-018,37,E-commerce,Cirebon Kab.
S00589,2024-07-07,CUST-108,PROD-034,79,Traditional Trade,Bandung
S00590,2024-07-30,CUST-087,PROD-001,240,Distributor,Subang
S00591,2024-07-25,CUST-104,PROD-022,7,E-commerce,Karawang
S00592,2024-02-04,CUST-117,PROD-016,35,E-commerce,Cirebon
S00593,2024-11-24,CUST-101,PROD-022,148,Modern Trade,Cianjur
S00594,2024-03-28,CUST-189,PROD-016,49,E-commerce,Cirebon Kab.
S00595,2024-02-18,CUST-075,PROD-028,412,Distributor,Bandung Barat
S00596,2024-11-28,CUST-183,PROD-028,115,Traditional Trade,Bandung Barat
S00597,2024-12-18,CUST-075,PROD-022,164,Distributor,Bandung Barat
S00598,2024-11-20,CUST-013,PROD-006,217,Distributor,Cianjur
S00599,2024-11-04,CUST-142,PROD-025,326,Distributor,Cirebon Kab.
S00600,2024-08-22,CUST-188,PROD-002,56,Modern Trade,Bekasi Kab.
S00601,2024-07-13,CUST-200,PROD-007,3,E-commerce,Garut Kab.
S00602,2024-02-03,CUST-025,PROD-017,131,Traditional Trade,Bandung Barat
S00603,2024-05-09,CUST-115,PROD-035,234,Modern Trade,Cimahi
S00604,2024-04-25,CUST-172,PROD-020,199,Distributor,Kuningan
S00605,2024-03-26,CUST-082,PROD-002,296,Modern Trade,Tasikmalaya Kab.
S00606,2024-09-22,CUST-010,PROD-007,46,E-commerce,Kuningan
S00607,2024-06-21,CUST-199,PROD-032,49,Traditional Trade,Tasikmalaya
S00608,2024-02-01,CUST-050,PROD-019,63,Distributor,Sukabumi
S00609,2024-03-16,CUST-172,PROD-012,170,Distributor,Kuningan
S00610,2024-09-01,CUST-142,PROD-009,445,Distributor,Cirebon Kab.
S00611,2024-01-30,CUST-015,PROD-027,27,E-commerce,Bogor Kab.
S00612,2024-11-16,CUST-016,PROD-014,13,E-commerce,Cimahi
S00613,2024-06-20,CUST-002,PROD-002,24,E-commerce,Ciamis
S00614,2024-06-15,CUST-158,PROD-021,121,Traditional Trade,Depok
S00615,2024-07-30,CUST-030,PROD-004,47,E-commerce,Banjar
S00616,2024-11-08,CUST-082,PROD-021,133,Modern Trade,Tasikmalaya Kab.
S00617,2024-04-18,CUST-031,PROD-022,63,Modern Trade,Cirebon Kab.
S00618,2024-08-30,CUST-077,PROD-002,280,Modern Trade,Banjar
S00619,2024-07-19,CUST-148,PROD-017,7,E-commerce,Bogor
S00620,2024-03-28,CUST-177,PROD-019,117,Traditional Trade,Bogor Kab.
S00621,2024-11-25,CUST-114,PROD-040,65,Distributor,Cirebon Kab.
S00622,2024-10-31,CUST-035,PROD-024,265,Distributor,Garut Kab.
S00623,2024-08-23,CUST-023,PROD-020,139,Traditional Trade,Cirebon Kab.
S00624,2024-11-16,CUST-106,PROD-038,92,Distributor,Purwakarta
S00625,2024-11-21,CUST-097,PROD-012,32,Traditional Trade,Karawang
S00626,2024-09-14,CUST-115,PROD-025,107,Modern Trade,Cimahi
S00627,2024-11-12,CUST-100,PROD-023,64,Traditional Trade,Pangandaran
S00628,2024-09-09,CUST-189,PROD-034,38,E-commerce,Cirebon Kab.
S00629,2024-08-31,CUST-055,PROD-032,140,Modern Trade,Subang
S00630,2024-08-08,CUST-195,PROD-024,133,Traditional Trade,Tasikmalaya
S00631,2024-10-07,CUST-008,PROD-025,168,Modern Trade,Tasikmalaya Kab.
S00632,2024-02-29,CUST-168,PROD-003,23,E-commerce,Majalengka
S00633,2024-11-25,CUST-059,PROD-025,20,E-commerce,Tasikmalaya Kab.
S00634,2024-11-23,CUST-128,PROD-028,16,E-commerce,Tasikmalaya Kab.
S00635,2024-01-12,CUST-032,PROD-012,223,Distributor,Tasikmalaya
S00636,2024-11-09,CUST-093,PROD-026,337,Distributor,Tasikmalaya
S00637,2024-02-18,CUST-007,PROD-008,90,Modern Trade,Depok
S00638,2024-04-15,CUST-002,PROD-005,18,E-commerce,Ciamis
S00639,2024-10-03,CUST-085,PROD-011,205,Modern Trade,Sukabumi Kab.
S00640,2024-03-01,CUST-134,PROD-035,39,Traditional Trade,Bandung Barat
S00641,2024-11-06,CUST-106,PROD-027,409,Distributor,Purwakarta
S00642,2024-11-11,CUST-036,PROD-038,104,Traditional Trade,Sukabumi Kab.
S00643,2024-06-25,CUST-160,PROD-019,27,Traditional Trade,Sukabumi
S00644,2024-01-03,CUST-045,PROD-032,145,Traditional Trade,Bogor
S00645,2024-04-02,CUST-042,PROD-028,146,Traditional Trade,Kuningan
S00646,2024-08-08,CUST-053,PROD-036,9,Traditional Trade,Bogor Kab.
S00647,2024-12-26,CUST-110,PROD-018,260,Modern Trade,Depok
S00648,2024-08-13,CUST-009,PROD-010,32,Traditional Trade,Garut
S00649,2024-03-26,CUST-087,PROD-032,286,Distributor,Subang
S00650,2024-08-14,CUST-114,PROD-018,181,Distributor,Cirebon Kab.
S00651,2024-07-09,CUST-075,PROD-012,355,Distributor,Bandung Barat
S00652,2024-10-22,CUST-177,PROD-008,106,Traditional Trade,Bogor Kab.
S00653,2024-02-10,CUST-130,PROD-033,294,Modern Trade,Depok
S00654,2024-10-12,CUST-195,PROD-038,41,Traditional Trade,Tasikmalaya
S00655,2024-07-09,CUST-011,PROD-014,134,Traditional Trade,Cirebon
S00656,2024-12-20,CUST-050,PROD-002,421,Distributor,Sukabumi
S00657,2024-04-17,CUST-163,PROD-009,62,Traditional Trade,Tasikmalaya Kab.
S00658,2024-08-14,CUST-122,PROD-005,150,Traditional Trade,Bogor
S00659,2024-12-11,CUST-143,PROD-034,411,Distributor,Cimahi
S00660,2024-02-08,CUST-075,PROD-019,361,Distributor,Bandung Barat
S00661,2024-12-12,CUST-031,PROD-007,131,Modern Trade,Cirebon Kab.
S00662,2024-09-04,CUST-092,PROD-039,107,Traditional Trade,Kuningan
S00663,2024-01-27,CUST-190,PROD-017,22,E-commerce,Cirebon Kab.
S00664,2024-04-06,CUST-156,PROD-026,29,E-commerce,Kuningan
S00665,2024-09-14,CUST-153,PROD-027,109,Distributor,Bandung
S00666,2024-01-26,CUST-092,PROD-028,142,Traditional Trade,Kuningan
S00667,2024-07-26,CUST-153,PROD-020,389,Distributor,Bandung
S00668,2024-04-18,CUST-075,PROD-006,433,Distributor,Bandung Barat
S00669,2024-08-09,CUST-092,PROD-008,84,Traditional Trade,Kuningan
S00670,2024-01-18,CUST-129,PROD-032,138,Traditional Trade,Sukabumi
S00671,2024-11-23,CUST-187,PROD-019,271,Modern Trade,Pangandaran
S00672,2024-12-23,CUST-197,PROD-032,391,Distributor,Bandung
S00673,2024-12-22,CUST-042,PROD-019,86,Traditional Trade,Kuningan
S00674,2024-10-06,CUST-110,PROD-024,51,Modern Trade,Depok
S00675,2024-02-18,CUST-162,PROD-024,78,Traditional Trade,Purwakarta
S00676,2024-10-10,CUST-194,PROD-017,31,Modern Trade,Kuningan
S00677,2024-01-10,CUST-018,PROD-018,83,Traditional Trade,Bogor
S00678,2024-01-09,CUST-077,PROD-012,244,Modern Trade,Banjar
S00679,2024-04-12,CUST-133,PROD-023,206,Distributor,Cirebon Kab.
S00680,2024-06-18,CUST-020,PROD-018,75,Traditional Trade,Pangandaran
S00681,2024-10-17,CUST-194,PROD-016,123,Modern Trade,Kuningan
S00682,2024-09-01,CUST-127,PROD-016,38,Traditional Trade,Depok
S00683,2024-05-31,CUST-075,PROD-036,145,Distributor,Bandung Barat
S00684,2024-03-30,CUST-062,PROD-023,2,E-commerce,Ciamis
S00685,2024-12-31,CUST-032,PROD-022,459,Distributor,Tasikmalaya
S00686,2024-05-19,CUST-186,PROD-039,113,Traditional Trade,Tasikmalaya
S00687,2024-06-03,CUST-178,PROD-033,79,Traditional Trade,Karawang
S00688,2024-03-01,CUST-166,PROD-024,284,Modern Trade,Garut
S00689,2024-10-29,CUST-183,PROD-020,129,Traditional Trade,Bandung Barat
S00690,2024-09-07,CUST-028,PROD-033,29,Modern Trade,Cirebon Kab.
S00691,2024-03-16,CUST-074,PROD-031,33,E-commerce,Bogor Kab.
S00692,2024-02-01,CUST-081,PROD-040,218,Modern Trade,Sumedang
S00693,2024-08-31,CUST-022,PROD-008,421,Distributor,Cianjur
S00694,2024-08-22,CUST-171,PROD-010,98,Traditional Trade,Bekasi
S00695,2024-03-30,CUST-164,PROD-001,86,Traditional Trade,Sukabumi Kab.
S00696,2024-12-17,CUST-096,PROD-021,401,Distributor,Indramayu
S00697,2024-02-26,CUST-122,PROD-025,108,Traditional Trade,Bogor
S00698,2024-05-23,CUST-123,PROD-032,45,E-commerce,Bandung
S00699,2024-12-14,CUST-052,PROD-010,309,Distributor,Sumedang
S00700,2024-05-16,CUST-164,PROD-009,135,Traditional Trade,Sukabumi Kab.
S00701,2024-08-16,CUST-156,PROD-020,38,E-commerce,Kuningan
S00702,2024-05-02,CUST-078,PROD-020,70,Modern Trade,Sukabumi Kab.
S00703,2024-03-30,CUST-186,PROD-040,42,Traditional Trade,Tasikmalaya
S00704,2024-12-27,CUST-164,PROD-007,122,Traditional Trade,Sukabumi Kab.
S00705,2024-05-09,CUST-070,PROD-011,138,Traditional Trade,Majalengka
S00706,2024-11-29,CUST-137,PROD-021,40,E-commerce,Kuningan
S00707,2024-03-19,CUST-021,PROD-038,78,Modern Trade,Bandung Barat
S00708,2024-03-14,CUST-064,PROD-019,87,Traditional Trade,Depok
S00709,2024-01-12,CUST-076,PROD-015,284,Distributor,Bekasi Kab.
S00710,2024-08-21,CUST-061,PROD-006,91,Distributor,Bandung Barat
S00711,2024-04-24,CUST-095,PROD-010,35,E-commerce,Pangandaran
S00712,2024-11-20,CUST-040,PROD-016,139,Modern Trade,Garut
S00713,2024-06-12,CUST-184,PROD-011,77,Distributor,Sukabumi Kab.
S00714,2024-12-22,CUST-004,PROD-035,242,Modern Trade,Cirebon
S00715,2024-03-07,CUST-031,PROD-008,238,Modern Trade,Cirebon Kab.
S00716,2024-11-22,CUST-155,PROD-028,166,Distributor,Tasikmalaya Kab.
S00717,2024-10-20,CUST-186,PROD-003,149,Traditional Trade,Tasikmalaya
S00718,2024-10-17,CUST-153,PROD-002,375,Distributor,Bandung
S00719,2024-11-14,CUST-069,PROD-014,156,Distributor,Subang
S00720,2024-10-12,CUST-070,PROD-029,127,Traditional Trade,Majalengka
S00721,2024-08-11,CUST-005,PROD-003,73,Traditional Trade,Cimahi
S00722,2024-02-19,CUST-115,PROD-001,169,Modern Trade,Cimahi
S00723,2024-01-13,CUST-091,PROD-015,13,Modern Trade,Subang
S00724,2024-12-07,CUST-008,PROD-020,158,Modern Trade,Tasikmalaya Kab.
S00725,2024-08-08,CUST-009,PROD-022,86,Traditional Trade,Garut
S00726,2024-10-30,CUST-015,PROD-034,33,E-commerce,Bogor Kab.
S00727,2024-06-15,CUST-105,PROD-033,447,Distributor,Sukabumi
S00728,2024-02-14,CUST-007,PROD-009,79,Modern Trade,Depok
S00729,2024-02-17,CUST-072,PROD-003,252,Distributor,Sumedang
S00730,2024-09-02,CUST-115,PROD-002,157,Modern Trade,Cimahi
S00731,2024-05-22,CUST-015,PROD-004,29,E-commerce,Bogor Kab.
S00732,2024-03-11,CUST-165,PROD-016,103,Traditional Trade,Karawang
S00733,2024-06-19,CUST-083,PROD-033,385,Distributor,Cirebon Kab.
S00734,2024-01-25,CUST-039,PROD-009,52,Traditional Trade,Purwakarta
S00735,2024-07-26,CUST-134,PROD-040,11,Traditional Trade,Bandung Barat
S00736,2024-03-29,CUST-057,PROD-038,181,Modern Trade,Tasikmalaya Kab.
S00737,2024-10-31,CUST-092,PROD-018,112,Traditional Trade,Kuningan
S00738,2024-04-08,CUST-081,PROD-016,40,Modern Trade,Sumedang
S00739,2024-06-04,CUST-147,PROD-008,42,E-commerce,Bandung
S00740,2024-01-05,CUST-127,PROD-023,48,Traditional Trade,Depok
S00741,2024-01-28,CUST-191,PROD-036,476,Distributor,Ciamis
S00742,2024-04-30,CUST-159,PROD-003,52,Modern Trade,Garut Kab.
S00743,2024-06-14,CUST-075,PROD-015,480,Distributor,Bandung Barat
S00744,2024-08-02,CUST-079,PROD-038,6,E-commerce,Bogor Kab.
S00745,2024-04-04,CUST-010,PROD-033,29,E-commerce,Kuningan
S00746,2024-09-07,CUST-107,PROD-018,90,Traditional Trade,Karawang
S00747,2024-11-19,CUST-087,PROD-023,300,Distributor,Subang
S00748,2024-10-22,CUST-067,PROD-003,9,E-commerce,Purwakarta
S00749,2024-01-16,CUST-062,PROD-030,11,E-commerce,Ciamis
S00750,2024-06-14,CUST-131,PROD-017,84,Traditional Trade,Sukabumi
S00751,2024-02-09,CUST-146,PROD-032,45,E-commerce,Bogor
S00752,2024-03-22,CUST-153,PROD-007,167,Distributor,Bandung
S00753,2024-12-27,CUST-107,PROD-039,22,Traditional Trade,Karawang
S00754,2024-02-23,CUST-148,PROD-014,25,E-commerce,Bogor
S00755,2024-06-22,CUST-186,PROD-015,101,Traditional Trade,Tasikmalaya
S00756,2024-08-08,CUST-093,PROD-012,235,Distributor,Tasikmalaya
S00757,2024-09-11,CUST-086,PROD-008,34,Traditional Trade,Bogor Kab.
S00758,2024-07-17,CUST-178,PROD-016,119,Traditional Trade,Karawang
S00759,2024-01-04,CUST-121,PROD-034,49,E-commerce,Bogor
S00760,2024-04-13,CUST-079,PROD-024,1,E-commerce,Bogor Kab.
S00761,2024-06-30,CUST-010,PROD-029,33,E-commerce,Kuningan
S00762,2024-02-03,CUST-149,PROD-016,49,E-commerce,Bekasi
S00763,2024-04-19,CUST-029,PROD-005,83,Traditional Trade,Tasikmalaya Kab.
S00764,2024-01-13,CUST-096,PROD-005,78,Distributor,Indramayu
S00765,2024-01-31,CUST-010,PROD-030,2,E-commerce,Kuningan
S00766,2024-05-02,CUST-013,PROD-005,486,Distributor,Cianjur
S00767,2024-02-19,CUST-047,PROD-013,235,Modern Trade,Garut
S00768,2024-07-20,CUST-151,PROD-035,109,Traditional Trade,Subang
S00769,2024-09-04,CUST-050,PROD-025,68,Distributor,Sukabumi
S00770,2024-11-01,CUST-132,PROD-014,2,E-commerce,Cimahi
S00771,2024-03-11,CUST-116,PROD-026,48,E-commerce,Cianjur
S00772,2024-03-02,CUST-113,PROD-018,221,Modern Trade,Bandung
S00773,2024-02-09,CUST-195,PROD-020,64,Traditional Trade,Tasikmalaya
S00774,2024-08-15,CUST-085,PROD-034,102,Modern Trade,Sukabumi Kab.
S00775,2024-09-13,CUST-053,PROD-007,145,Traditional Trade,Bogor Kab.
S00776,2024-01-13,CUST-130,PROD-010,229,Modern Trade,Depok
S00777,2024-12-12,CUST-068,PROD-015,20,E-commerce,Bogor
S00778,2024-01-20,CUST-193,PROD-017,98,Modern Trade,Tasikmalaya Kab.
S00779,2024-07-09,CUST-079,PROD-011,27,E-commerce,Bogor Kab.
S00780,2024-09-15,CUST-057,PROD-034,242,Modern Trade,Tasikmalaya Kab.
S00781,2024-11-22,CUST-097,PROD-027,103,Traditional Trade,Karawang
S00782,2024-09-17,CUST-198,PROD-021,488,Distributor,Bandung
S00783,2024-11-01,CUST-135,PROD-031,122,Modern Trade,Bandung
S00784,2024-04-16,CUST-147,PROD-004,43,E-commerce,Bandung
S00785,2024-11-05,CUST-172,PROD-017,73,Distributor,Kuningan
S00786,2024-01-31,CUST-063,PROD-020,29,Traditional Trade,Purwakarta
S00787,2024-11-30,CUST-065,PROD-025,213,Modern Trade,Cirebon Kab.
S00788,2024-07-12,CUST-039,PROD-040,15,Traditional Trade,Purwakarta
S00789,2024-11-06,CUST-109,PROD-023,98,Traditional Trade,Tasikmalaya
S00790,2024-06-03,CUST-026,PROD-015,13,E-commerce,Pangandaran
S00791,2024-08-18,CUST-172,PROD-033,480,Distributor,Kuningan
S00792,2024-07-03,CUST-012,PROD-019,29,Traditional Trade,Cirebon
S00793,2024-09-26,CUST-150,PROD-015,149,Traditional Trade,Purwakarta
S00794,2024-02-01,CUST-077,PROD-005,149,Modern Trade,Banjar
S00795,2024-01-24,CUST-142,PROD-016,172,Distributor,Cirebon Kab.
S00796,2024-03-23,CUST-086,PROD-032,15,Traditional Trade,Bogor Kab.
S00797,2024-02-29,CUST-030,PROD-022,10,E-commerce,Banjar
S00798,2024-11-23,CUST-172,PROD-032,130,Distributor,Kuningan
S00799,2024-03-16,CUST-166,PROD-013,118,Modern Trade,Garut
S00800,2024-12-24,CUST-187,PROD-038,217,Modern Trade,Pangandaran
S00801,2024-04-15,CUST-170,PROD-026,253,Modern Trade,Bogor Kab.
S00802,2024-03-06,CUST-052,PROD-017,325,Distributor,Sumedang
S00803,2024-10-27,CUST-063,PROD-005,9,Traditional Trade,Purwakarta
S00804,2024-08-23,CUST-189,PROD-033,41,E-commerce,Cirebon Kab.
S00805,2024-06-22,CUST-120,PROD-027,72,Modern Trade,Cimahi
S00806,2024-07-15,CUST-105,PROD-005,233,Distributor,Sukabumi
S00807,2024-09-20,CUST-162,PROD-037,36,Traditional Trade,Purwakarta
S00808,2024-03-18,CUST-039,PROD-007,31,Traditional Trade,Purwakarta
S00809,2024-12-30,CUST-041,PROD-018,4,E-commerce,Cirebon Kab.
S00810,2024-12-24,CUST-121,PROD-031,41,E-commerce,Bogor
S00811,2024-08-20,CUST-108,PROD-006,11,Traditional Trade,Bandung
S00812,2024-03-11,CUST-165,PROD-002,107,Traditional Trade,Karawang
S00813,2024-08-31,CUST-065,PROD-013,155,Modern Trade,Cirebon Kab.
S00814,2024-01-28,CUST-118,PROD-011,38,E-commerce,Garut
S00815,2024-01-12,CUST-079,PROD-026,39,E-commerce,Bogor Kab.
S00816,2024-03-26,CUST-160,PROD-021,21,Traditional Trade,Sukabumi
S00817,2024-06-07,CUST-008,PROD-002,99,Modern Trade,Tasikmalaya Kab.
S00818,2024-11-22,CUST-097,PROD-040,119,Traditional Trade,Karawang
S00819,2024-09-24,CUST-018,PROD-020,90,Traditional Trade,Bogor
S00820,2024-10-02,CUST-173,PROD-017,112,Modern Trade,Depok
S00821,2024-05-19,CUST-096,PROD-016,131,Distributor,Indramayu
S00822,2024-04-18,CUST-033,PROD-005,175,Distributor,Majalengka
S00823,2024-04-24,CUST-005,PROD-014,42,Traditional Trade,Cimahi
S00824,2024-12-28,CUST-127,PROD-024,96,Traditional Trade,Depok
S00825,2024-01-16,CUST-074,PROD-004,21,E-commerce,Bogor Kab.
S00826,2024-11-21,CUST-126,PROD-024,67,Traditional Trade,Sukabumi Kab.
S00827,2024-07-24,CUST-164,PROD-009,140,Traditional Trade,Sukabumi Kab.
S00828,2024-05-27,CUST-151,PROD-003,34,Traditional Trade,Subang
S00829,2024-09-23,CUST-168,PROD-009,39,E-commerce,Majalengka
S00830,2024-06-17,CUST-005,PROD-018,68,Traditional Trade,Cimahi
S00831,2024-11-23,CUST-034,PROD-036,18,Modern Trade,Garut Kab.
S00832,2024-12-01,CUST-024,PROD-019,234,Modern Trade,Bekasi Kab.
S00833,2024-05-17,CUST-145,PROD-024,61,Traditional Trade,Garut Kab.
S00834,2024-03-31,CUST-095,PROD-004,43,E-commerce,Pangandaran
S00835,2024-07-30,CUST-071,PROD-009,99,Traditional Trade,Bogor Kab.
S00836,2024-12-05,CUST-092,PROD-033,79,Traditional Trade,Kuningan
S00837,2024-03-14,CUST-125,PROD-001,5,E-commerce,Bekasi
S00838,2024-08-10,CUST-022,PROD-035,400,Distributor,Cianjur
S00839,2024-08-13,CUST-015,PROD-010,20,E-commerce,Bogor Kab.
S00840,2024-09-27,CUST-101,PROD-012,13,Modern Trade,Cianjur
S00841,2024-02-19,CUST-015,PROD-018,8,E-commerce,Bogor Kab.
S00842,2024-09-18,CUST-153,PROD-014,475,Distributor,Bandung
S00843,2024-12-04,CUST-053,PROD-010,145,Traditional Trade,Bogor Kab.
S00844,2024-03-05,CUST-149,PROD-010,49,E-commerce,Bekasi
S00845,2024-03-21,CUST-102,PROD-018,5,E-commerce,Tasikmalaya Kab.
S00846,2024-12-23,CUST-194,PROD-024,28,Modern Trade,Kuningan
S00847,2024-03-06,CUST-113,PROD-001,91,Modern Trade,Bandung
S00848,2024-11-17,CUST-032,PROD-030,430,Distributor,Tasikmalaya
S00849,2024-06-19,CUST-021,PROD-015,13,Modern Trade,Bandung Barat
S00850,2024-03-23,CUST-196,PROD-008,132,Traditional Trade,Depok
S00851,2024-11-22,CUST-172,PROD-035,236,Distributor,Kuningan
S00852,2024-05-31,CUST-083,PROD-018,195,Distributor,Cirebon Kab.
S00853,2024-06-28,CUST-194,PROD-016,161,Modern Trade,Kuningan
S00854,2024-04-21,CUST-014,PROD-021,111,Traditional Trade,Pangandaran
S00855,2024-07-30,CUST-015,PROD-015,29,E-commerce,Bogor Kab.
S00856,2024-03-01,CUST-148,PROD-005,31,E-commerce,Bogor
S00857,2024-04-30,CUST-034,PROD-007,37,Modern Trade,Garut Kab.
S00858,2024-12-22,CUST-164,PROD-007,141,Traditional Trade,Sukabumi Kab.
S00859,2024-03-26,CUST-083,PROD-027,478,Distributor,Cirebon Kab.
S00860,2024-08-22,CUST-009,PROD-025,94,Traditional Trade,Garut
S00861,2024-04-12,CUST-199,PROD-022,53,Traditional Trade,Tasikmalaya
S00862,2024-10-18,CUST-158,PROD-013,115,Traditional Trade,Depok
S00863,2024-02-19,CUST-077,PROD-017,267,Modern Trade,Banjar
S00864,2024-12-22,CUST-191,PROD-013,55,Distributor,Ciamis
S00865,2024-06-04,CUST-163,PROD-026,33,Traditional Trade,Tasikmalaya Kab.
S00866,2024-03-20,CUST-141,PROD-009,459,Distributor,Bogor
S00867,2024-01-29,CUST-174,PROD-005,205,Distributor,Karawang
S00868,2024-03-03,CUST-184,PROD-039,312,Distributor,Sukabumi Kab.
S00869,2024-06-30,CUST-009,PROD-033,38,Traditional Trade,Garut
S00870,2024-04-15,CUST-036,PROD-004,142,Traditional Trade,Sukabumi Kab.
S00871,2024-11-10,CUST-117,PROD-028,48,E-commerce,Cirebon
S00872,2024-05-22,CUST-003,PROD-026,41,E-commerce,Purwakarta
S00873,2024-03-23,CUST-019,PROD-004,61,Traditional Trade,Banjar
S00874,2024-08-08,CUST-156,PROD-016,47,E-commerce,Kuningan
S00875,2024-09-13,CUST-023,PROD-037,31,Traditional Trade,Cirebon Kab.
S00876,2024-03-02,CUST-104,PROD-022,39,E-commerce,Karawang
S00877,2024-03-02,CUST-135,PROD-036,128,Modern Trade,Bandung
S00878,2024-01-15,CUST-105,PROD-038,196,Distributor,Sukabumi
S00879,2024-09-29,CUST-142,PROD-035,405,Distributor,Cirebon Kab.
S00880,2024-08-25,CUST-046,PROD-025,314,Distributor,Bekasi
S00881,2024-06-12,CUST-143,PROD-008,452,Distributor,Cimahi
S00882,2024-11-14,CUST-195,PROD-017,6,Traditional Trade,Tasikmalaya
S00883,2024-11-03,CUST-015,PROD-018,28,E-commerce,Bogor Kab.
S00884,2024-07-27,CUST-051,PROD-012,198,Modern Trade,Depok
S00885,2024-11-22,CUST-110,PROD-033,240,Modern Trade,Depok
S00886,2024-03-12,CUST-008,PROD-023,207,Modern Trade,Tasikmalaya Kab.
S00887,2024-02-12,CUST-069,PROD-012,288,Distributor,Subang
S00888,2024-03-29,CUST-190,PROD-011,7,E-commerce,Cirebon Kab.
S00889,2024-01-22,CUST-179,PROD-013,119,Distributor,Depok
S00890,2024-07-05,CUST-063,PROD-035,29,Traditional Trade,Purwakarta
S00891,2024-12-12,CUST-068,PROD-027,6,E-commerce,Bogor
S00892,2024-01-16,CUST-144,PROD-025,150,Traditional Trade,Banjar
S00893,2024-02-16,CUST-152,PROD-040,368,Distributor,Bogor
S00894,2024-06-03,CUST-006,PROD-003,53,Traditional Trade,Pangandaran
S00895,2024-12-11,CUST-119,PROD-025,127,Traditional Trade,Majalengka
S00896,2024-04-10,CUST-057,PROD-010,203,Modern Trade,Tasikmalaya Kab.
S00897,2024-06-25,CUST-031,PROD-017,49,Modern Trade,Cirebon Kab.
S00898,2024-01-16,CUST-006,PROD-003,89,Traditional Trade,Pangandaran
S00899,2024-02-25,CUST-157,PROD-022,91,Traditional Trade,Subang
S00900,2024-12-27,CUST-067,PROD-038,2,E-commerce,Purwakarta
S00901,2024-12-21,CUST-131,PROD-014,84,Traditional Trade,Sukabumi
S00902,2024-01-02,CUST-156,PROD-027,4,E-commerce,Kuningan
S00903,2024-12-17,CUST-074,PROD-020,34,E-commerce,Bogor Kab.
S00904,2024-08-16,CUST-114,PROD-018,296,Distributor,Cirebon Kab.
S00905,2024-11-21,CUST-097,PROD-013,9,Traditional Trade,Karawang
S00906,2024-06-04,CUST-176,PROD-006,235,Modern Trade,Cirebon
S00907,2024-06-29,CUST-080,PROD-010,199,Distributor,Banjar
S00908,2024-06-18,CUST-123,PROD-037,46,E-commerce,Bandung
S00909,2024-08-26,CUST-138,PROD-029,157,Modern Trade,Kuningan
S00910,2024-02-22,CUST-033,PROD-006,152,Distributor,Majalengka
S00911,2024-01-12,CUST-195,PROD-039,38,Traditional Trade,Tasikmalaya
S00912,2024-04-08,CUST-197,PROD-011,221,Distributor,Bandung
S00913,2024-09-12,CUST-140,PROD-025,6,E-commerce,Bekasi
S00914,2024-03-11,CUST-185,PROD-030,33,Traditional Trade,Karawang
S00915,2024-08-28,CUST-044,PROD-020,234,Modern Trade,Tasikmalaya
S00916,2024-12-22,CUST-013,PROD-037,102,Distributor,Cianjur
S00917,2024-02-05,CUST-152,PROD-016,306,Distributor,Bogor
S00918,2024-08-28,CUST-172,PROD-031,108,Distributor,Kuningan
S00919,2024-05-30,CUST-057,PROD-029,255,Modern Trade,Tasikmalaya Kab.
S00920,2024-11-21,CUST-096,PROD-006,56,Distributor,Indramayu
S00921,2024-03-05,CUST-144,PROD-029,82,Traditional Trade,Banjar
S00922,2024-09-06,CUST-109,PROD-032,55,Traditional Trade,Tasikmalaya
S00923,2024-11-12,CUST-120,PROD-009,225,Modern Trade,Cimahi
S00924,2024-12-15,CUST-100,PROD-037,31,Traditional Trade,Pangandaran
S00925,2024-09-01,CUST-149,PROD-023,23,E-commerce,Bekasi
S00926,2024-06-21,CUST-111,PROD-016,431,Distributor,Sukabumi
S00927,2024-08-08,CUST-051,PROD-018,54,Modern Trade,Depok
S00928,2024-11-22,CUST-021,PROD-019,181,Modern Trade,Bandung Barat
S00929,2024-07-21,CUST-060,PROD-002,133,Traditional Trade,Pangandaran
S00930,2024-01-12,CUST-179,PROD-010,144,Distributor,Depok
S00931,2024-12-11,CUST-021,PROD-012,53,Modern Trade,Bandung Barat
S00932,2024-09-05,CUST-107,PROD-018,66,Traditional Trade,Karawang
S00933,2024-08-30,CUST-126,PROD-019,65,Traditional Trade,Sukabumi Kab.
S00934,2024-03-15,CUST-134,PROD-038,83,Traditional Trade,Bandung Barat
S00935,2024-08-23,CUST-073,PROD-037,25,E-commerce,Cimahi
S00936,2024-04-30,CUST-193,PROD-027,121,Modern Trade,Tasikmalaya Kab.
S00937,2024-08-20,CUST-076,PROD-014,256,Distributor,Bekasi Kab.
S00938,2024-02-10,CUST-186,PROD-034,115,Traditional Trade,Tasikmalaya
S00939,2024-08-23,CUST-078,PROD-002,212,Modern Trade,Sukabumi Kab.
S00940,2024-12-31,CUST-134,PROD-033,45,Traditional Trade,Bandung Barat
S00941,2024-01-19,CUST-065,PROD-019,42,Modern Trade,Cirebon Kab.
S00942,2024-12-25,CUST-086,PROD-027,16,Traditional Trade,Bogor Kab.
S00943,2024-05-08,CUST-034,PROD-030,11,Modern Trade,Garut Kab.
S00944,2024-11-22,CUST-056,PROD-007,111,Traditional Trade,Sumedang
S00945,2024-10-23,CUST-075,PROD-027,198,Distributor,Bandung Barat
S00946,2024-07-19,CUST-003,PROD-021,14,E-commerce,Purwakarta
S00947,2024-09-30,CUST-170,PROD-007,299,Modern Trade,Bogor Kab.
S00948,2024-11-25,CUST-190,PROD-025,15,E-commerce,Cirebon Kab.
S00949,2024-05-06,CUST-006,PROD-038,89,Traditional Trade,Pangandaran
S00950,2024-04-13,CUST-006,PROD-018,89,Traditional Trade,Pangandaran
S00951,2024-08-26,CUST-191,PROD-033,355,Distributor,Ciamis
S00952,2024-11-03,CUST-148,PROD-033,14,E-commerce,Bogor
S00953,2024-10-12,CUST-149,PROD-032,21,E-commerce,Bekasi
S00954,2024-10-31,CUST-002,PROD-025,12,E-commerce,Ciamis
S00955,2024-05-25,CUST-090,PROD-014,411,Distributor,Cimahi
S00956,2024-11-06,CUST-056,PROD-038,50,Traditional Trade,Sumedang
S00957,2024-02-15,CUST-096,PROD-038,423,Distributor,Indramayu
S00958,2024-07-10,CUST-010,PROD-004,47,E-commerce,Kuningan
S00959,2024-01-03,CUST-087,PROD-018,310,Distributor,Subang
S00960,2024-04-12,CUST-070,PROD-010,70,Traditional Trade,Majalengka
S00961,2024-04-23,CUST-151,PROD-035,74,Traditional Trade,Subang
S00962,2024-05-01,CUST-113,PROD-035,11,Modern Trade,Bandung
S00963,2024-09-08,CUST-030,PROD-040,29,E-commerce,Banjar
S00964,2024-04-29,CUST-128,PROD-023,36,E-commerce,Tasikmalaya Kab.
S00965,2024-06-02,CUST-078,PROD-025,153,Modern Trade,Sukabumi Kab.
S00966,2024-03-21,CUST-165,PROD-001,101,Traditional Trade,Karawang
S00967,2024-04-25,CUST-055,PROD-018,279,Modern Trade,Subang
S00968,2024-03-18,CUST-049,PROD-015,213,Modern Trade,Pangandaran
S00969,2024-01-29,CUST-034,PROD-025,254,Modern Trade,Garut Kab.
S00970,2024-08-03,CUST-105,PROD-032,80,Distributor,Sukabumi
S00971,2024-08-27,CUST-172,PROD-020,381,Distributor,Kuningan
S00972,2024-08-09,CUST-022,PROD-017,473,Distributor,Cianjur
S00973,2024-06-08,CUST-031,PROD-011,61,Modern Trade,Cirebon Kab.
S00974,2024-04-27,CUST-135,PROD-013,252,Modern Trade,Bandung
S00975,2024-11-20,CUST-105,PROD-025,312,Distributor,Sukabumi
S00976,2024-06-30,CUST-149,PROD-020,46,E-commerce,Bekasi
S00977,2024-06-14,CUST-016,PROD-025,36,E-commerce,Cimahi
S00978,2024-01-10,CUST-020,PROD-031,140,Traditional Trade,Pangandaran
S00979,2024-04-17,CUST-043,PROD-001,70,Modern Trade,Ciamis
S00980,2024-04-27,CUST-172,PROD-016,409,Distributor,Kuningan
S00981,2024-05-03,CUST-047,PROD-028,197,Modern Trade,Garut
S00982,2024-07-25,CUST-114,PROD-021,457,Distributor,Cirebon Kab.
S00983,2024-07-06,CUST-019,PROD-030,11,Traditional Trade,Banjar
S00984,2024-08-05,CUST-048,PROD-003,87,Traditional Trade,Depok
S00985,2024-10-14,CUST-197,PROD-034,400,Distributor,Bandung
S00986,2024-11-05,CUST-139,PROD-006,31,Traditional Trade,Cianjur
S00987,2024-09-19,CUST-157,PROD-029,128,Traditional Trade,Subang
S00988,2024-12-18,CUST-045,PROD-003,91,Traditional Trade,Bogor
S00989,2024-01-07,CUST-196,PROD-033,74,Traditional Trade,Depok
S00990,2024-03-10,CUST-164,PROD-011,118,Traditional Trade,Sukabumi Kab.
S00991,2024-01-03,CUST-176,PROD-005,85,Modern Trade,Cirebon
S00992,2024-08-19,CUST-087,PROD-032,163,Distributor,Subang
S00993,2024-12-01,CUST-015,PROD-018,3,E-commerce,Bogor Kab.
S00994,2024-03-22,CUST-110,PROD-020,243,Modern Trade,Depok
S00995,2024-12-09,CUST-172,PROD-039,216,Distributor,Kuningan
S00996,2024-01-24,CUST-195,PROD-040,103,Traditional Trade,Tasikmalaya
S00997,2024-12-12,CUST-096,PROD-028,173,Distributor,Indramayu
S00998,2024-04-19,CUST-168,PROD-013,19,E-commerce,Majalengka
S00999,2024-02-08,CUST-102,PROD-026,45,E-commerce,Tasikmalaya Kab.
S01000,2024-06-17,CUST-086,PROD-016,130,Traditional Trade,Bogor Kab.
S01001,2024-03-26,CUST-142,PROD-025,373,Distributor,Cirebon Kab.
S01002,2024-04-02,CUST-191,PROD-010,336,Distributor,Ciamis
S01003,2024-04-08,CUST-081,PROD-029,115,Modern Trade,Sumedang
S01004,2024-11-02,CUST-051,PROD-038,143,Modern Trade,Depok
S01005,2024-07-08,CUST-112,PROD-020,12,Traditional Trade,Cianjur
S01006,2024-04-09,CUST-186,PROD-026,32,Traditional Trade,Tasikmalaya
S01007,2024-08-05,CUST-015,PROD-032,15,E-commerce,Bogor Kab.
S01008,2024-09-18,CUST-065,PROD-039,232,Modern Trade,Cirebon Kab.
S01009,2024-03-30,CUST-088,PROD-038,57,Distributor,Indramayu
S01010,2024-05-12,CUST-183,PROD-024,58,Traditional Trade,Bandung Barat
S01011,2024-02-15,CUST-076,PROD-031,183,Distributor,Bekasi Kab.
S01012,2024-03-06,CUST-010,PROD-040,29,E-commerce,Kuningan
S01013,2024-08-31,CUST-042,PROD-012,119,Traditional Trade,Kuningan
S01014,2024-03-06,CUST-095,PROD-036,46,E-commerce,Pangandaran
S01015,2024-07-03,CUST-011,PROD-010,38,Traditional Trade,Cirebon
S01016,2024-09-15,CUST-118,PROD-006,7,E-commerce,Garut
S01017,2024-02-10,CUST-144,PROD-007,44,Traditional Trade,Banjar
S01018,2024-07-20,CUST-125,PROD-031,10,E-commerce,Bekasi
S01019,2024-03-26,CUST-078,PROD-027,71,Modern Trade,Sukabumi Kab.
S01020,2024-12-20,CUST-147,PROD-008,22,E-commerce,Bandung
S01021,2024-06-16,CUST-159,PROD-003,222,Modern Trade,Garut Kab.
S01022,2024-11-03,CUST-181,PROD-040,1,E-commerce,Garut
S01023,2024-07-13,CUST-090,PROD-021,346,Distributor,Cimahi
S01024,2024-01-17,CUST-008,PROD-001,179,Modern Trade,Tasikmalaya Kab.
S01025,2024-08-14,CUST-152,PROD-015,165,Distributor,Bogor
S01026,2024-12-17,CUST-136,PROD-007,371,Distributor,Indramayu
S01027,2024-08-02,CUST-111,PROD-015,165,Distributor,Sukabumi
S01028,2024-11-07,CUST-176,PROD-025,230,Modern Trade,Cirebon
S01029,2024-11-26,CUST-158,PROD-003,143,Traditional Trade,Depok
S01030,2024-03-18,CUST-058,PROD-030,37,E-commerce,Sukabumi
S01031,2024-03-14,CUST-086,PROD-014,54,Traditional Trade,Bogor Kab.
S01032,2024-08-06,CUST-055,PROD-004,88,Modern Trade,Subang
S01033,2024-05-10,CUST-122,PROD-036,24,Traditional Trade,Bogor
S01034,2024-11-13,CUST-190,PROD-003,28,E-commerce,Cirebon Kab.
S01035,2024-12-01,CUST-108,PROD-005,127,Traditional Trade,Bandung
S01036,2024-04-20,CUST-048,PROD-025,41,Traditional Trade,Depok
S01037,2024-03-20,CUST-132,PROD-031,3,E-commerce,Cimahi
S01038,2024-10-22,CUST-165,PROD-011,97,Traditional Trade,Karawang
S01039,2024-03-30,CUST-136,PROD-008,236,Distributor,Indramayu
S01040,2024-11-08,CUST-129,PROD-026,105,Traditional Trade,Sukabumi
S01041,2024-05-18,CUST-198,PROD-002,250,Distributor,Bandung
S01042,2024-08-26,CUST-047,PROD-028,297,Modern Trade,Garut
S01043,2024-02-06,CUST-005,PROD-010,52,Traditional Trade,Cimahi
S01044,2024-08-10,CUST-178,PROD-039,50,Traditional Trade,Karawang
S01045,2024-06-03,CUST-024,PROD-037,240,Modern Trade,Bekasi Kab.
S01046,2024-07-27,CUST-175,PROD-039,104,Modern Trade,Purwakarta
S01047,2024-03-02,CUST-018,PROD-021,51,Traditional Trade,Bogor
S01048,2024-09-29,CUST-084,PROD-028,227,Modern Trade,Bandung Barat
S01049,2024-11-20,CUST-156,PROD-038,40,E-commerce,Kuningan
S01050,2024-03-15,CUST-005,PROD-033,135,Traditional Trade,Cimahi
S01051,2024-02-06,CUST-030,PROD-011,11,E-commerce,Banjar
S01052,2024-01-10,CUST-001,PROD-001,120,Traditional Trade,Depok
S01053,2024-08-17,CUST-086,PROD-033,95,Traditional Trade,Bogor Kab.
S01054,2024-08-04,CUST-082,PROD-003,67,Modern Trade,Tasikmalaya Kab.
S01055,2024-07-11,CUST-174,PROD-026,483,Distributor,Karawang
S01056,2024-03-19,CUST-069,PROD-015,59,Distributor,Subang
S01057,2024-04-29,CUST-031,PROD-014,265,Modern Trade,Cirebon Kab.
S01058,2024-07-31,CUST-198,PROD-023,366,Distributor,Bandung
S01059,2024-06-21,CUST-091,PROD-008,258,Modern Trade,Subang
S01060,2024-12-28,CUST-184,PROD-036,416,Distributor,Sukabumi Kab.
S01061,2024-02-21,CUST-093,PROD-020,426,Distributor,Tasikmalaya
S01062,2024-09-07,CUST-127,PROD-006,65,Traditional Trade,Depok
S01063,2024-05-06,CUST-156,PROD-033,23,E-commerce,Kuningan
S01064,2024-05-21,CUST-016,PROD-028,6,E-commerce,Cimahi
S01065,2024-09-19,CUST-054,PROD-038,11,E-commerce,Tasikmalaya
S01066,2024-09-06,CUST-181,PROD-030,43,E-commerce,Garut
S01067,2024-12-29,CUST-140,PROD-017,27,E-commerce,Bekasi
S01068,2024-02-18,CUST-020,PROD-009,35,Traditional Trade,Pangandaran
S01069,2024-02-09,CUST-082,PROD-028,132,Modern Trade,Tasikmalaya Kab.
S01070,2024-09-23,CUST-162,PROD-007,71,Traditional Trade,Purwakarta
S01071,2024-07-24,CUST-181,PROD-028,13,E-commerce,Garut
S01072,2024-03-30,CUST-192,PROD-017,63,Traditional Trade,Cirebon
S01073,2024-01-31,CUST-151,PROD-040,58,Traditional Trade,Subang
S01074,2024-02-02,CUST-109,PROD-005,108,Traditional Trade,Tasikmalaya
S01075,2024-11-29,CUST-155,PROD-005,326,Distributor,Tasikmalaya Kab.
S01076,2024-03-09,CUST-113,PROD-014,52,Modern Trade,Bandung
S01077,2024-04-12,CUST-017,PROD-006,15,Traditional Trade,Cianjur
S01078,2024-03-18,CUST-176,PROD-007,118,Modern Trade,Cirebon
S01079,2024-04-20,CUST-149,PROD-017,3,E-commerce,Bekasi
S01080,2024-01-27,CUST-178,PROD-009,99,Traditional Trade,Karawang
S01081,2024-06-30,CUST-168,PROD-031,24,E-commerce,Majalengka
S01082,2024-01-26,CUST-126,PROD-022,110,Traditional Trade,Sukabumi Kab.
S01083,2024-11-01,CUST-003,PROD-009,12,E-commerce,Purwakarta
S01084,2024-03-20,CUST-017,PROD-016,50,Traditional Trade,Cianjur
S01085,2024-07-09,CUST-189,PROD-036,43,E-commerce,Cirebon Kab.
S01086,2024-11-25,CUST-050,PROD-034,332,Distributor,Sukabumi
S01087,2024-08-20,CUST-122,PROD-013,89,Traditional Trade,Bogor
S01088,2024-07-06,CUST-090,PROD-019,266,Distributor,Cimahi
S01089,2024-04-12,CUST-087,PROD-012,207,Distributor,Subang
S01090,2024-04-14,CUST-006,PROD-036,98,Traditional Trade,Pangandaran
S01091,2024-08-27,CUST-156,PROD-010,10,E-commerce,Kuningan
S01092,2024-12-30,CUST-200,PROD-016,3,E-commerce,Garut Kab.
S01093,2024-08-24,CUST-055,PROD-028,69,Modern Trade,Subang
S01094,2024-07-16,CUST-186,PROD-019,31,Traditional Trade,Tasikmalaya
S01095,2024-09-26,CUST-173,PROD-040,71,Modern Trade,Depok
S01096,2024-06-08,CUST-200,PROD-006,24,E-commerce,Garut Kab.
S01097,2024-01-24,CUST-147,PROD-004,46,E-commerce,Bandung
S01098,2024-07-18,CUST-102,PROD-030,14,E-commerce,Tasikmalaya Kab.
S01099,2024-12-19,CUST-029,PROD-039,67,Traditional Trade,Tasikmalaya Kab.
S01100,2024-03-04,CUST-151,PROD-031,8,Traditional Trade,Subang
S01101,2024-09-05,CUST-111,PROD-027,65,Distributor,Sukabumi
S01102,2024-03-11,CUST-160,PROD-021,78,Traditional Trade,Sukabumi
S01103,2024-07-07,CUST-010,PROD-037,48,E-commerce,Kuningan
S01104,2024-02-06,CUST-091,PROD-009,110,Modern Trade,Subang
S01105,2024-06-02,CUST-177,PROD-035,49,Traditional Trade,Bogor Kab.
S01106,2024-10-09,CUST-193,PROD-021,282,Modern Trade,Tasikmalaya Kab.
S01107,2024-04-18,CUST-029,PROD-017,9,Traditional Trade,Tasikmalaya Kab.
S01108,2024-08-25,CUST-187,PROD-024,184,Modern Trade,Pangandaran
S01109,2024-10-30,CUST-045,PROD-031,48,Traditional Trade,Bogor
S01110,2024-12-09,CUST-195,PROD-006,25,Traditional Trade,Tasikmalaya
S01111,2024-03-20,CUST-051,PROD-035,252,Modern Trade,Depok
S01112,2024-05-03,CUST-101,PROD-037,297,Modern Trade,Cianjur
S01113,2024-02-27,CUST-128,PROD-013,24,E-commerce,Tasikmalaya Kab.
S01114,2024-12-29,CUST-011,PROD-025,150,Traditional Trade,Cirebon
S01115,2024-12-09,CUST-082,PROD-032,76,Modern Trade,Tasikmalaya Kab.
S01116,2024-07-09,CUST-128,PROD-001,39,E-commerce,Tasikmalaya Kab.
S01117,2024-11-14,CUST-006,PROD-035,58,Traditional Trade,Pangandaran
S01118,2024-07-01,CUST-067,PROD-019,26,E-commerce,Purwakarta
S01119,2024-08-10,CUST-062,PROD-012,24,E-commerce,Ciamis
S01120,2024-02-04,CUST-133,PROD-040,300,Distributor,Cirebon Kab.
S01121,2024-10-09,CUST-137,PROD-040,1,E-commerce,Kuningan
S01122,2024-02-18,CUST-028,PROD-020,235,Modern Trade,Cirebon Kab.
S01123,2024-11-09,CUST-038,PROD-033,237,Distributor,Purwakarta
S01124,2024-10-23,CUST-043,PROD-029,196,Modern Trade,Ciamis
S01125,2024-09-15,CUST-117,PROD-016,12,E-commerce,Cirebon
S01126,2024-01-14,CUST-149,PROD-014,17,E-commerce,Bekasi
S01127,2024-04-07,CUST-190,PROD-007,21,E-commerce,Cirebon Kab.
S01128,2024-03-27,CUST-046,PROD-006,198,Distributor,Bekasi
S01129,2024-04-21,CUST-198,PROD-021,244,Distributor,Bandung
S01130,2024-02-03,CUST-166,PROD-036,293,Modern Trade,Garut
S01131,2024-12-12,CUST-049,PROD-022,53,Modern Trade,Pangandaran
S01132,2024-07-14,CUST-039,PROD-040,98,Traditional Trade,Purwakarta
S01133,2024-04-07,CUST-071,PROD-019,26,Traditional Trade,Bogor Kab.
S01134,2024-05-02,CUST-127,PROD-025,42,Traditional Trade,Depok
S01135,2024-06-01,CUST-158,PROD-003,18,Traditional Trade,Depok
S01136,2024-08-02,CUST-149,PROD-036,34,E-commerce,Bekasi
S01137,2024-06-29,CUST-001,PROD-034,115,Traditional Trade,Depok
S01138,2024-12-07,CUST-160,PROD-011,126,Traditional Trade,Sukabumi
S01139,2024-06-21,CUST-136,PROD-027,459,Distributor,Indramayu
S01140,2024-12-29,CUST-069,PROD-002,217,Distributor,Subang
S01141,2024-11-16,CUST-030,PROD-006,13,E-commerce,Banjar
S01142,2024-03-13,CUST-115,PROD-002,136,Modern Trade,Cimahi
S01143,2024-12-10,CUST-008,PROD-017,284,Modern Trade,Tasikmalaya Kab.
S01144,2024-02-13,CUST-113,PROD-040,51,Modern Trade,Bandung
S01145,2024-11-06,CUST-019,PROD-014,45,Traditional Trade,Banjar
S01146,2024-04-27,CUST-059,PROD-010,50,E-commerce,Tasikmalaya Kab.
S01147,2024-11-24,CUST-183,PROD-033,135,Traditional Trade,Bandung Barat
S01148,2024-11-21,CUST-158,PROD-012,80,Traditional Trade,Depok
S01149,2024-11-03,CUST-079,PROD-032,15,E-commerce,Bogor Kab.
S01150,2024-10-27,CUST-036,PROD-024,103,Traditional Trade,Sukabumi Kab.
S01151,2024-04-07,CUST-055,PROD-014,59,Modern Trade,Subang
S01152,2024-02-01,CUST-044,PROD-005,155,Modern Trade,Tasikmalaya
S01153,2024-05-05,CUST-155,PROD-005,347,Distributor,Tasikmalaya Kab.
S01154,2024-03-04,CUST-077,PROD-032,154,Modern Trade,Banjar
S01155,2024-09-07,CUST-078,PROD-033,25,Modern Trade,Sukabumi Kab.
S01156,2024-04-18,CUST-101,PROD-004,94,Modern Trade,Cianjur
S01157,2024-12-24,CUST-182,PROD-030,56,Traditional Trade,Banjar
S01158,2024-08-17,CUST-176,PROD-017,45,Modern Trade,Cirebon
S01159,2024-11-08,CUST-030,PROD-003,43,E-commerce,Banjar
S01160,2024-02-19,CUST-039,PROD-013,85,Traditional Trade,Purwakarta
S01161,2024-11-20,CUST-013,PROD-036,458,Distributor,Cianjur
S01162,2024-12-08,CUST-122,PROD-018,119,Traditional Trade,Bogor
S01163,2024-06-17,CUST-144,PROD-023,46,Traditional Trade,Banjar
S01164,2024-08-04,CUST-172,PROD-035,303,Distributor,Kuningan
S01165,2024-10-14,CUST-199,PROD-033,72,Traditional Trade,Tasikmalaya
S01166,2024-03-04,CUST-112,PROD-036,128,Traditional Trade,Cianjur
S01167,2024-06-23,CUST-155,PROD-017,79,Distributor,Tasikmalaya Kab.
S01168,2024-05-03,CUST-045,PROD-039,37,Traditional Trade,Bogor
S01169,2024-02-24,CUST-119,PROD-034,107,Traditional Trade,Majalengka
S01170,2024-04-23,CUST-035,PROD-012,102,Distributor,Garut Kab.
S01171,2024-01-27,CUST-156,PROD-005,16,E-commerce,Kuningan
S01172,2024-01-10,CUST-007,PROD-040,186,Modern Trade,Depok
S01173,2024-02-20,CUST-190,PROD-027,24,E-commerce,Cirebon Kab.
S01174,2024-12-20,CUST-110,PROD-040,142,Modern Trade,Depok
S01175,2024-07-12,CUST-114,PROD-013,411,Distributor,Cirebon Kab.
S01176,2024-12-21,CUST-051,PROD-026,86,Modern Trade,Depok
S01177,2024-05-23,CUST-046,PROD-014,399,Distributor,Bekasi
S01178,2024-04-09,CUST-020,PROD-032,64,Traditional Trade,Pangandaran
S01179,2024-06-25,CUST-096,PROD-011,416,Distributor,Indramayu
S01180,2024-05-28,CUST-038,PROD-038,360,Distributor,Purwakarta
S01181,2024-02-10,CUST-189,PROD-016,27,E-commerce,Cirebon Kab.
S01182,2024-08-17,CUST-104,PROD-022,35,E-commerce,Karawang
S01183,2024-03-15,CUST-032,PROD-016,347,Distributor,Tasikmalaya
S01184,2024-08-09,CUST-154,PROD-013,374,Distributor,Bekasi
S01185,2024-08-20,CUST-058,PROD-012,24,E-commerce,Sukabumi
S01186,2024-02-26,CUST-167,PROD-018,208,Modern Trade,Depok
S01187,2024-01-24,CUST-148,PROD-029,7,E-commerce,Bogor
S01188,2024-10-22,CUST-082,PROD-018,127,Modern Trade,Tasikmalaya Kab.
S01189,2024-06-06,CUST-050,PROD-002,232,Distributor,Sukabumi
S01190,2024-01-23,CUST-052,PROD-002,447,Distributor,Sumedang
S01191,2024-12-30,CUST-086,PROD-003,59,Traditional Trade,Bogor Kab.
S01192,2024-01-23,CUST-115,PROD-029,280,Modern Trade,Cimahi
S01193,2024-09-07,CUST-150,PROD-008,9,Traditional Trade,Purwakarta
S01194,2024-12-27,CUST-053,PROD-011,105,Traditional Trade,Bogor Kab.
S01195,2024-03-21,CUST-066,PROD-012,295,Modern Trade,Cimahi
S01196,2024-02-23,CUST-117,PROD-032,20,E-commerce,Cirebon
S01197,2024-02-15,CUST-043,PROD-004,62,Modern Trade,Ciamis
S01198,2024-04-07,CUST-082,PROD-009,227,Modern Trade,Tasikmalaya Kab.
S01199,2024-02-08,CUST-151,PROD-024,77,Traditional Trade,Subang
S01200,2024-09-06,CUST-064,PROD-016,34,Traditional Trade,Depok
S01201,2024-01-24,CUST-137,PROD-017,44,E-commerce,Kuningan
S01202,2024-06-26,CUST-113,PROD-022,249,Modern Trade,Bandung
S01203,2024-12-30,CUST-135,PROD-007,223,Modern Trade,Bandung
S01204,2024-11-05,CUST-169,PROD-010,108,Traditional Trade,Ciamis
S01205,2024-08-07,CUST-054,PROD-029,41,E-commerce,Tasikmalaya
S01206,2024-04-07,CUST-065,PROD-036,231,Modern Trade,Cirebon Kab.
S01207,2024-08-10,CUST-002,PROD-024,20,E-commerce,Ciamis
S01208,2024-07-03,CUST-132,PROD-014,28,E-commerce,Cimahi
S01209,2024-05-19,CUST-078,PROD-014,198,Modern Trade,Sukabumi Kab.
S01210,2024-02-19,CUST-032,PROD-025,376,Distributor,Tasikmalaya
S01211,2024-11-27,CUST-100,PROD-022,72,Traditional Trade,Pangandaran
S01212,2024-06-02,CUST-130,PROD-023,108,Modern Trade,Depok
S01213,2024-03-09,CUST-104,PROD-032,33,E-commerce,Karawang
S01214,2024-04-23,CUST-192,PROD-026,75,Traditional Trade,Cirebon
S01215,2024-05-12,CUST-142,PROD-027,122,Distributor,Cirebon Kab.
S01216,2024-11-09,CUST-148,PROD-012,34,E-commerce,Bogor
S01217,2024-09-27,CUST-089,PROD-019,265,Modern Trade,Purwakarta
S01218,2024-10-16,CUST-049,PROD-019,240,Modern Trade,Pangandaran
S01219,2024-01-05,CUST-136,PROD-034,219,Distributor,Indramayu
S01220,2024-05-13,CUST-191,PROD-032,382,Distributor,Ciamis
S01221,2024-06-15,CUST-174,PROD-029,206,Distributor,Karawang
S01222,2024-01-08,CUST-149,PROD-021,35,E-commerce,Bekasi
S01223,2024-03-26,CUST-087,PROD-035,478,Distributor,Subang
S01224,2024-10-11,CUST-160,PROD-005,112,Traditional Trade,Sukabumi
S01225,2024-02-21,CUST-008,PROD-012,108,Modern Trade,Tasikmalaya Kab.
S01226,2024-07-07,CUST-101,PROD-007,229,Modern Trade,Cianjur
S01227,2024-03-15,CUST-016,PROD-002,29,E-commerce,Cimahi
S01228,2024-01-05,CUST-040,PROD-025,253,Modern Trade,Garut
S01229,2024-03-22,CUST-106,PROD-010,308,Distributor,Purwakarta
S01230,2024-12-24,CUST-027,PROD-038,203,Modern Trade,Bandung
S01231,2024-11-01,CUST-104,PROD-006,22,E-commerce,Karawang
S01232,2024-12-19,CUST-105,PROD-027,416,Distributor,Sukabumi
S01233,2024-06-17,CUST-146,PROD-035,50,E-commerce,Bogor
S01234,2024-02-11,CUST-035,PROD-010,204,Distributor,Garut Kab.
S01235,2024-07-12,CUST-113,PROD-009,31,Modern Trade,Bandung
S01236,2024-06-04,CUST-052,PROD-020,165,Distributor,Sumedang
S01237,2024-11-14,CUST-143,PROD-037,162,Distributor,Cimahi
S01238,2024-02-07,CUST-191,PROD-035,482,Distributor,Ciamis
S01239,2024-06-18,CUST-053,PROD-037,28,Traditional Trade,Bogor Kab.
S01240,2024-02-26,CUST-091,PROD-040,292,Modern Trade,Subang
S01241,2024-04-12,CUST-081,PROD-008,65,Modern Trade,Sumedang
S01242,2024-09-29,CUST-104,PROD-031,10,E-commerce,Karawang
S01243,2024-06-13,CUST-066,PROD-016,63,Modern Trade,Cimahi
S01244,2024-04-26,CUST-113,PROD-028,117,Modern Trade,Bandung
S01245,2024-04-30,CUST-031,PROD-006,211,Modern Trade,Cirebon Kab.
S01246,2024-06-06,CUST-061,PROD-032,251,Distributor,Bandung Barat
S01247,2024-10-24,CUST-192,PROD-028,85,Traditional Trade,Cirebon
S01248,2024-11-29,CUST-101,PROD-011,227,Modern Trade,Cianjur
S01249,2024-12-18,CUST-105,PROD-023,292,Distributor,Sukabumi
S01250,2024-10-25,CUST-098,PROD-030,187,Modern Trade,Sumedang
S01251,2024-04-10,CUST-034,PROD-009,70,Modern Trade,Garut Kab.
S01252,2024-09-04,CUST-183,PROD-028,40,Traditional Trade,Bandung Barat
S01253,2024-05-26,CUST-059,PROD-024,38,E-commerce,Tasikmalaya Kab.
S01254,2024-03-25,CUST-003,PROD-028,46,E-commerce,Purwakarta
S01255,2024-11-13,CUST-017,PROD-024,99,Traditional Trade,Cianjur
S01256,2024-01-15,CUST-078,PROD-015,53,Modern Trade,Sukabumi Kab.
S01257,2024-12-02,CUST-046,PROD-039,369,Distributor,Bekasi
S01258,2024-06-07,CUST-166,PROD-033,235,Modern Trade,Garut
S01259,2024-08-15,CUST-035,PROD-034,195,Distributor,Garut Kab.
S01260,2024-08-23,CUST-129,PROD-022,17,Traditional Trade,Sukabumi
S01261,2024-11-30,CUST-112,PROD-029,17,Traditional Trade,Cianjur
S01262,2024-08-15,CUST-157,PROD-034,29,Traditional Trade,Subang
S01263,2024-08-07,CUST-132,PROD-010,5,E-commerce,Cimahi
S01264,2024-01-26,CUST-061,PROD-030,177,Distributor,Bandung Barat
S01265,2024-06-30,CUST-097,PROD-011,43,Traditional Trade,Karawang
S01266,2024-02-26,CUST-145,PROD-034,112,Traditional Trade,Garut Kab.
S01267,2024-09-29,CUST-156,PROD-021,46,E-commerce,Kuningan
S01268,2024-06-27,CUST-178,PROD-013,142,Traditional Trade,Karawang
S01269,2024-08-31,CUST-090,PROD-025,235,Distributor,Cimahi
S01270,2024-01-16,CUST-136,PROD-021,330,Distributor,Indramayu
S01271,2024-02-02,CUST-162,PROD-001,78,Traditional Trade,Purwakarta
S01272,2024-09-18,CUST-059,PROD-005,39,E-commerce,Tasikmalaya Kab.
S01273,2024-01-28,CUST-018,PROD-022,20,Traditional Trade,Bogor
S01274,2024-01-28,CUST-095,PROD-007,28,E-commerce,Pangandaran
S01275,2024-01-05,CUST-187,PROD-013,181,Modern Trade,Pangandaran
S01276,2024-12-18,CUST-155,PROD-023,235,Distributor,Tasikmalaya Kab.
S01277,2024-09-29,CUST-016,PROD-021,32,E-commerce,Cimahi
S01278,2024-04-20,CUST-010,PROD-006,29,E-commerce,Kuningan
S01279,2024-04-05,CUST-104,PROD-020,45,E-commerce,Karawang
S01280,2024-04-19,CUST-076,PROD-012,358,Distributor,Bekasi Kab.
S01281,2024-10-19,CUST-150,PROD-040,54,Traditional Trade,Purwakarta
S01282,2024-08-24,CUST-016,PROD-009,27,E-commerce,Cimahi
S01283,2024-03-07,CUST-012,PROD-028,30,Traditional Trade,Cirebon
S01284,2024-03-04,CUST-075,PROD-011,436,Distributor,Bandung Barat
S01285,2024-02-07,CUST-179,PROD-032,395,Distributor,Depok
S01286,2024-08-24,CUST-129,PROD-011,43,Traditional Trade,Sukabumi
S01287,2024-10-13,CUST-027,PROD-024,202,Modern Trade,Bandung
S01288,2024-03-28,CUST-195,PROD-015,57,Traditional Trade,Tasikmalaya
S01289,2024-01-09,CUST-012,PROD-035,26,Traditional Trade,Cirebon
S01290,2024-02-01,CUST-030,PROD-017,6,E-commerce,Banjar
S01291,2024-12-22,CUST-009,PROD-025,56,Traditional Trade,Garut
S01292,2024-04-05,CUST-053,PROD-035,79,Traditional Trade,Bogor Kab.
S01293,2024-10-16,CUST-189,PROD-019,22,E-commerce,Cirebon Kab.
S01294,2024-08-11,CUST-054,PROD-031,47,E-commerce,Tasikmalaya
S01295,2024-04-27,CUST-165,PROD-017,77,Traditional Trade,Karawang
S01296,2024-03-12,CUST-193,PROD-023,38,Modern Trade,Tasikmalaya Kab.
S01297,2024-02-15,CUST-170,PROD-001,180,Modern Trade,Bogor Kab.
S01298,2024-08-07,CUST-049,PROD-010,131,Modern Trade,Pangandaran
S01299,2024-10-19,CUST-004,PROD-008,168,Modern Trade,Cirebon
S01300,2024-08-18,CUST-192,PROD-026,90,Traditional Trade,Cirebon
S01301,2024-07-05,CUST-079,PROD-034,46,E-commerce,Bogor Kab.
S01302,2024-01-17,CUST-179,PROD-019,53,Distributor,Depok
S01303,2024-12-22,CUST-091,PROD-014,11,Modern Trade,Subang
S01304,2024-10-31,CUST-200,PROD-008,5,E-commerce,Garut Kab.
S01305,2024-04-04,CUST-188,PROD-001,88,Modern Trade,Bekasi Kab.
S01306,2024-12-25,CUST-079,PROD-025,19,E-commerce,Bogor Kab.
S01307,2024-08-02,CUST-159,PROD-024,175,Modern Trade,Garut Kab.
S01308,2024-07-26,CUST-103,PROD-020,63,Traditional Trade,Tasikmalaya
S01309,2024-10-05,CUST-111,PROD-030,287,Distributor,Sukabumi
S01310,2024-11-04,CUST-200,PROD-005,8,E-commerce,Garut Kab.
S01311,2024-08-22,CUST-058,PROD-003,20,E-commerce,Sukabumi
S01312,2024-02-18,CUST-082,PROD-032,213,Modern Trade,Tasikmalaya Kab.
S01313,2024-04-16,CUST-132,PROD-017,4,E-commerce,Cimahi
S01314,2024-12-10,CUST-022,PROD-005,102,Distributor,Cianjur
S01315,2024-03-17,CUST-131,PROD-011,111,Traditional Trade,Sukabumi
S01316,2024-04-25,CUST-079,PROD-038,39,E-commerce,Bogor Kab.
S01317,2024-05-23,CUST-099,PROD-004,125,Traditional Trade,Purwakarta
S01318,2024-05-28,CUST-175,PROD-039,173,Modern Trade,Purwakarta
S01319,2024-08-06,CUST-038,PROD-019,491,Distributor,Purwakarta
S01320,2024-12-14,CUST-161,PROD-039,24,Modern Trade,Purwakarta
S01321,2024-03-21,CUST-176,PROD-023,10,Modern Trade,Cirebon
S01322,2024-02-15,CUST-193,PROD-017,146,Modern Trade,Tasikmalaya Kab.
S01323,2024-03-10,CUST-117,PROD-013,23,E-commerce,Cirebon
S01324,2024-11-27,CUST-026,PROD-027,26,E-commerce,Pangandaran
S01325,2024-08-18,CUST-136,PROD-001,281,Distributor,Indramayu
S01326,2024-04-02,CUST-050,PROD-002,237,Distributor,Sukabumi
S01327,2024-11-06,CUST-038,PROD-018,67,Distributor,Purwakarta
S01328,2024-11-19,CUST-138,PROD-036,234,Modern Trade,Kuningan
S01329,2024-11-15,CUST-042,PROD-033,109,Traditional Trade,Kuningan
S01330,2024-12-07,CUST-037,PROD-036,255,Distributor,Indramayu
S01331,2024-03-24,CUST-154,PROD-002,235,Distributor,Bekasi
S01332,2024-10-09,CUST-140,PROD-004,1,E-commerce,Bekasi
S01333,2024-06-06,CUST-049,PROD-016,216,Modern Trade,Pangandaran
S01334,2024-11-14,CUST-142,PROD-004,278,Distributor,Cirebon Kab.
S01335,2024-09-25,CUST-046,PROD-009,118,Distributor,Bekasi
S01336,2024-10-20,CUST-163,PROD-021,146,Traditional Trade,Tasikmalaya Kab.
S01337,2024-08-22,CUST-029,PROD-023,79,Traditional Trade,Tasikmalaya Kab.
S01338,2024-03-05,CUST-012,PROD-002,55,Traditional Trade,Cirebon
S01339,2024-07-11,CUST-116,PROD-003,5,E-commerce,Cianjur
S01340,2024-12-27,CUST-082,PROD-023,237,Modern Trade,Tasikmalaya Kab.
S01341,2024-12-12,CUST-044,PROD-026,280,Modern Trade,Tasikmalaya
S01342,2024-01-17,CUST-194,PROD-007,208,Modern Trade,Kuningan
S01343,2024-03-02,CUST-002,PROD-036,5,E-commerce,Ciamis
S01344,2024-02-19,CUST-187,PROD-033,24,Modern Trade,Pangandaran
S01345,2024-09-23,CUST-017,PROD-036,34,Traditional Trade,Cianjur
S01346,2024-11-06,CUST-138,PROD-004,225,Modern Trade,Kuningan
S01347,2024-03-14,CUST-018,PROD-023,39,Traditional Trade,Bogor
S01348,2024-06-25,CUST-022,PROD-025,118,Distributor,Cianjur
S01349,2024-11-13,CUST-083,PROD-026,445,Distributor,Cirebon Kab.
S01350,2024-09-27,CUST-058,PROD-028,20,E-commerce,Sukabumi
S01351,2024-07-09,CUST-053,PROD-028,50,Traditional Trade,Bogor Kab.
S01352,2024-07-29,CUST-001,PROD-021,130,Traditional Trade,Depok
S01353,2024-06-26,CUST-061,PROD-010,297,Distributor,Bandung Barat
S01354,2024-04-05,CUST-159,PROD-027,94,Modern Trade,Garut Kab.
S01355,2024-07-19,CUST-031,PROD-015,57,Modern Trade,Cirebon Kab.
S01356,2024-09-04,CUST-066,PROD-017,240,Modern Trade,Cimahi
S01357,2024-11-23,CUST-147,PROD-039,3,E-commerce,Bandung
S01358,2024-08-15,CUST-053,PROD-035,93,Traditional Trade,Bogor Kab.
S01359,2024-10-12,CUST-095,PROD-005,27,E-commerce,Pangandaran
S01360,2024-02-29,CUST-150,PROD-016,56,Traditional Trade,Purwakarta
S01361,2024-06-07,CUST-023,PROD-023,26,Traditional Trade,Cirebon Kab.
S01362,2024-01-04,CUST-143,PROD-039,471,Distributor,Cimahi
S01363,2024-03-23,CUST-154,PROD-009,148,Distributor,Bekasi
S01364,2024-09-24,CUST-131,PROD-033,135,Traditional Trade,Sukabumi
S01365,2024-12-29,CUST-087,PROD-035,137,Distributor,Subang
S01366,2024-02-07,CUST-148,PROD-040,8,E-commerce,Bogor
S01367,2024-05-04,CUST-125,PROD-024,48,E-commerce,Bekasi
S01368,2024-11-01,CUST-109,PROD-024,122,Traditional Trade,Tasikmalaya
S01369,2024-03-12,CUST-040,PROD-024,48,Modern Trade,Garut
S01370,2024-07-15,CUST-121,PROD-019,18,E-commerce,Bogor
S01371,2024-09-27,CUST-039,PROD-039,109,Traditional Trade,Purwakarta
S01372,2024-08-08,CUST-120,PROD-025,155,Modern Trade,Cimahi
S01373,2024-03-08,CUST-200,PROD-031,16,E-commerce,Garut Kab.
S01374,2024-04-20,CUST-018,PROD-038,121,Traditional Trade,Bogor
S01375,2024-10-24,CUST-169,PROD-025,5,Traditional Trade,Ciamis
S01376,2024-07-14,CUST-198,PROD-027,166,Distributor,Bandung
S01377,2024-01-03,CUST-155,PROD-032,433,Distributor,Tasikmalaya Kab.
S01378,2024-10-12,CUST-143,PROD-011,75,Distributor,Cimahi
S01379,2024-01-14,CUST-037,PROD-005,485,Distributor,Indramayu
S01380,2024-10-04,CUST-186,PROD-033,16,Traditional Trade,Tasikmalaya
S01381,2024-03-11,CUST-005,PROD-019,42,Traditional Trade,Cimahi
S01382,2024-12-19,CUST-073,PROD-016,21,E-commerce,Cimahi
S01383,2024-04-23,CUST-135,PROD-035,178,Modern Trade,Bandung
S01384,2024-04-13,CUST-041,PROD-011,13,E-commerce,Cirebon Kab.
S01385,2024-02-25,CUST-010,PROD-011,12,E-commerce,Kuningan
S01386,2024-04-07,CUST-190,PROD-010,13,E-commerce,Cirebon Kab.
S01387,2024-11-24,CUST-154,PROD-034,195,Distributor,Bekasi
S01388,2024-12-30,CUST-068,PROD-005,19,E-commerce,Bogor
S01389,2024-04-24,CUST-024,PROD-023,57,Modern Trade,Bekasi Kab.
S01390,2024-06-02,CUST-078,PROD-025,208,Modern Trade,Sukabumi Kab.
S01391,2024-09-21,CUST-169,PROD-029,75,Traditional Trade,Ciamis
S01392,2024-11-27,CUST-193,PROD-040,101,Modern Trade,Tasikmalaya Kab.
S01393,2024-07-30,CUST-145,PROD-013,90,Traditional Trade,Garut Kab.
S01394,2024-04-30,CUST-109,PROD-032,87,Traditional Trade,Tasikmalaya
S01395,2024-05-11,CUST-024,PROD-034,57,Modern Trade,Bekasi Kab.
S01396,2024-09-08,CUST-155,PROD-012,78,Distributor,Tasikmalaya Kab.
S01397,2024-01-02,CUST-007,PROD-024,185,Modern Trade,Depok
S01398,2024-08-09,CUST-073,PROD-040,19,E-commerce,Cimahi
S01399,2024-04-20,CUST-107,PROD-021,103,Traditional Trade,Karawang
S01400,2024-10-29,CUST-099,PROD-029,51,Traditional Trade,Purwakarta
S01401,2024-02-05,CUST-122,PROD-023,93,Traditional Trade,Bogor
S01402,2024-07-28,CUST-012,PROD-033,64,Traditional Trade,Cirebon
S01403,2024-06-15,CUST-085,PROD-008,185,Modern Trade,Sukabumi Kab.
S01404,2024-08-17,CUST-003,PROD-013,20,E-commerce,Purwakarta
S01405,2024-01-25,CUST-079,PROD-005,37,E-commerce,Bogor Kab.
S01406,2024-07-25,CUST-085,PROD-010,156,Modern Trade,Sukabumi Kab.
S01407,2024-07-17,CUST-010,PROD-014,42,E-commerce,Kuningan
S01408,2024-07-17,CUST-033,PROD-024,382,Distributor,Majalengka
S01409,2024-08-03,CUST-046,PROD-011,288,Distributor,Bekasi
S01410,2024-08-30,CUST-059,PROD-003,12,E-commerce,Tasikmalaya Kab.
S01411,2024-11-02,CUST-052,PROD-029,482,Distributor,Sumedang
S01412,2024-03-29,CUST-006,PROD-030,147,Traditional Trade,Pangandaran
S01413,2024-11-08,CUST-130,PROD-037,197,Modern Trade,Depok
S01414,2024-06-22,CUST-029,PROD-007,72,Traditional Trade,Tasikmalaya Kab.
S01415,2024-01-30,CUST-119,PROD-017,83,Traditional Trade,Majalengka
S01416,2024-01-23,CUST-168,PROD-020,17,E-commerce,Majalengka
S01417,2024-04-15,CUST-097,PROD-011,79,Traditional Trade,Karawang
S01418,2024-10-24,CUST-189,PROD-025,23,E-commerce,Cirebon Kab.
S01419,2024-09-14,CUST-196,PROD-024,19,Traditional Trade,Depok
S01420,2024-10-26,CUST-068,PROD-002,31,E-commerce,Bogor
S01421,2024-06-29,CUST-157,PROD-027,94,Traditional Trade,Subang
S01422,2024-05-28,CUST-190,PROD-019,7,E-commerce,Cirebon Kab.
S01423,2024-02-25,CUST-060,PROD-029,17,Traditional Trade,Pangandaran
S01424,2024-04-13,CUST-124,PROD-037,13,E-commerce,Garut Kab.
S01425,2024-05-24,CUST-084,PROD-011,235,Modern Trade,Bandung Barat
S01426,2024-02-03,CUST-041,PROD-019,10,E-commerce,Cirebon Kab.
S01427,2024-03-16,CUST-113,PROD-028,251,Modern Trade,Bandung
S01428,2024-08-01,CUST-065,PROD-039,189,Modern Trade,Cirebon Kab.
S01429,2024-09-29,CUST-192,PROD-021,130,Traditional Trade,Cirebon
S01430,2024-12-31,CUST-079,PROD-026,27,E-commerce,Bogor Kab.
S01431,2024-12-11,CUST-063,PROD-022,104,Traditional Trade,Purwakarta
S01432,2024-08-17,CUST-176,PROD-006,199,Modern Trade,Cirebon
S01433,2024-05-16,CUST-148,PROD-011,16,E-commerce,Bogor
S01434,2024-08-15,CUST-118,PROD-014,21,E-commerce,Garut
S01435,2024-10-25,CUST-037,PROD-036,65,Distributor,Indramayu
S01436,2024-02-14,CUST-064,PROD-040,17,Traditional Trade,Depok
S01437,2024-05-10,CUST-086,PROD-002,37,Traditional Trade,Bogor Kab.
S01438,2024-11-13,CUST-133,PROD-020,231,Distributor,Cirebon Kab.
S01439,2024-04-28,CUST-034,PROD-022,78,Modern Trade,Garut Kab.
S01440,2024-07-21,CUST-039,PROD-039,56,Traditional Trade,Purwakarta
S01441,2024-07-28,CUST-067,PROD-004,1,E-commerce,Purwakarta
S01442,2024-03-07,CUST-062,PROD-029,44,E-commerce,Ciamis
S01443,2024-04-22,CUST-088,PROD-024,463,Distributor,Indramayu
S01444,2024-04-15,CUST-152,PROD-001,456,Distributor,Bogor
S01445,2024-01-11,CUST-131,PROD-024,83,Traditional Trade,Sukabumi
S01446,2024-01-10,CUST-109,PROD-030,20,Traditional Trade,Tasikmalaya
S01447,2024-11-10,CUST-199,PROD-012,22,Traditional Trade,Tasikmalaya
S01448,2024-03-30,CUST-089,PROD-019,227,Modern Trade,Purwakarta
S01449,2024-06-30,CUST-067,PROD-037,17,E-commerce,Purwakarta
S01450,2024-04-05,CUST-079,PROD-040,11,E-commerce,Bogor Kab.
S01451,2024-12-13,CUST-178,PROD-004,56,Traditional Trade,Karawang
S01452,2024-03-26,CUST-029,PROD-015,60,Traditional Trade,Tasikmalaya Kab.
S01453,2024-05-22,CUST-074,PROD-020,29,E-commerce,Bogor Kab.
S01454,2024-11-23,CUST-032,PROD-020,487,Distributor,Tasikmalaya
S01455,2024-11-14,CUST-087,PROD-021,58,Distributor,Subang
S01456,2024-03-07,CUST-039,PROD-010,149,Traditional Trade,Purwakarta
S01457,2024-11-02,CUST-137,PROD-030,27,E-commerce,Kuningan
S01458,2024-06-05,CUST-101,PROD-024,31,Modern Trade,Cianjur
S01459,2024-06-15,CUST-142,PROD-040,121,Distributor,Cirebon Kab.
S01460,2024-02-20,CUST-068,PROD-040,3,E-commerce,Bogor
S01461,2024-01-31,CUST-192,PROD-038,103,Traditional Trade,Cirebon
S01462,2024-09-25,CUST-148,PROD-003,32,E-commerce,Bogor
S01463,2024-06-21,CUST-028,PROD-029,181,Modern Trade,Cirebon Kab.
S01464,2024-05-26,CUST-014,PROD-008,127,Traditional Trade,Pangandaran
S01465,2024-09-25,CUST-172,PROD-029,140,Distributor,Kuningan
S01466,2024-10-14,CUST-077,PROD-010,233,Modern Trade,Banjar
S01467,2024-02-29,CUST-116,PROD-005,36,E-commerce,Cianjur
S01468,2024-08-05,CUST-167,PROD-011,261,Modern Trade,Depok
S01469,2024-02-20,CUST-028,PROD-004,265,Modern Trade,Cirebon Kab.
S01470,2024-10-07,CUST-192,PROD-035,17,Traditional Trade,Cirebon
S01471,2024-08-22,CUST-089,PROD-040,127,Modern Trade,Purwakarta
S01472,2024-12-18,CUST-032,PROD-012,484,Distributor,Tasikmalaya
S01473,2024-01-27,CUST-137,PROD-021,50,E-commerce,Kuningan
S01474,2024-01-22,CUST-156,PROD-016,13,E-commerce,Kuningan
S01475,2024-04-01,CUST-095,PROD-014,33,E-commerce,Pangandaran
S01476,2024-03-27,CUST-017,PROD-021,99,Traditional Trade,Cianjur
S01477,2024-03-23,CUST-117,PROD-027,25,E-commerce,Cirebon
S01478,2024-12-03,CUST-077,PROD-036,177,Modern Trade,Banjar
S01479,2024-03-24,CUST-055,PROD-001,96,Modern Trade,Subang
S01480,2024-03-30,CUST-010,PROD-001,38,E-commerce,Kuningan
S01481,2024-10-11,CUST-080,PROD-022,52,Distributor,Banjar
S01482,2024-06-02,CUST-134,PROD-015,120,Traditional Trade,Bandung Barat
S01483,2024-10-20,CUST-176,PROD-020,25,Modern Trade,Cirebon
S01484,2024-01-26,CUST-116,PROD-003,2,E-commerce,Cianjur
S01485,2024-06-17,CUST-195,PROD-014,27,Traditional Trade,Tasikmalaya
S01486,2024-01-13,CUST-169,PROD-009,102,Traditional Trade,Ciamis
S01487,2024-01-25,CUST-079,PROD-019,30,E-commerce,Bogor Kab.
S01488,2024-12-03,CUST-060,PROD-040,14,Traditional Trade,Pangandaran
S01489,2024-02-22,CUST-042,PROD-034,69,Traditional Trade,Kuningan
S01490,2024-07-05,CUST-116,PROD-004,22,E-commerce,Cianjur
S01491,2024-05-10,CUST-109,PROD-033,56,Traditional Trade,Tasikmalaya
S01492,2024-04-18,CUST-071,PROD-037,115,Traditional Trade,Bogor Kab.
S01493,2024-12-01,CUST-156,PROD-002,33,E-commerce,Kuningan
S01494,2024-01-09,CUST-102,PROD-027,25,E-commerce,Tasikmalaya Kab.
S01495,2024-08-25,CUST-013,PROD-017,263,Distributor,Cianjur
S01496,2024-12-20,CUST-015,PROD-031,16,E-commerce,Bogor Kab.
S01497,2024-07-17,CUST-036,PROD-006,137,Traditional Trade,Sukabumi Kab.
S01498,2024-12-12,CUST-015,PROD-031,37,E-commerce,Bogor Kab.
S01499,2024-01-21,CUST-117,PROD-003,23,E-commerce,Cirebon
S01500,2024-05-15,CUST-075,PROD-040,155,Distributor,Bandung Barat
S01501,2024-03-26,CUST-056,PROD-003,95,Traditional Trade,Sumedang
S01502,2024-09-26,CUST-095,PROD-033,12,E-commerce,Pangandaran
S01503,2024-12-26,CUST-132,PROD-013,10,E-commerce,Cimahi
S01504,2024-03-25,CUST-052,PROD-021,169,Distributor,Sumedang
S01505,2024-08-21,CUST-138,PROD-037,170,Modern Trade,Kuningan
S01506,2024-03-10,CUST-173,PROD-016,217,Modern Trade,Depok
S01507,2024-07-19,CUST-084,PROD-021,164,Modern Trade,Bandung Barat
S01508,2024-06-08,CUST-029,PROD-013,11,Traditional Trade,Tasikmalaya Kab.
S01509,2024-12-23,CUST-053,PROD-004,104,Traditional Trade,Bogor Kab.
S01510,2024-08-05,CUST-157,PROD-031,78,Traditional Trade,Subang
S01511,2024-04-19,CUST-151,PROD-009,142,Traditional Trade,Subang
S01512,2024-02-13,CUST-185,PROD-033,61,Traditional Trade,Karawang
S01513,2024-02-26,CUST-178,PROD-037,34,Traditional Trade,Karawang
S01514,2024-03-17,CUST-021,PROD-037,268,Modern Trade,Bandung Barat
S01515,2024-03-24,CUST-112,PROD-024,18,Traditional Trade,Cianjur
S01516,2024-11-16,CUST-171,PROD-025,81,Traditional Trade,Bekasi
S01517,2024-07-17,CUST-138,PROD-029,229,Modern Trade,Kuningan
S01518,2024-07-02,CUST-076,PROD-040,281,Distributor,Bekasi Kab.
S01519,2024-02-13,CUST-030,PROD-036,49,E-commerce,Banjar
S01520,2024-11-19,CUST-125,PROD-015,38,E-commerce,Bekasi
S01521,2024-09-22,CUST-051,PROD-018,151,Modern Trade,Depok
S01522,2024-01-26,CUST-161,PROD-020,260,Modern Trade,Purwakarta
S01523,2024-09-14,CUST-146,PROD-005,30,E-commerce,Bogor
S01524,2024-07-10,CUST-078,PROD-018,149,Modern Trade,Sukabumi Kab.
S01525,2024-02-01,CUST-022,PROD-040,191,Distributor,Cianjur
S01526,2024-06-05,CUST-064,PROD-001,133,Traditional Trade,Depok
S01527,2024-06-16,CUST-021,PROD-019,27,Modern Trade,Bandung Barat
S01528,2024-03-02,CUST-129,PROD-023,68,Traditional Trade,Sukabumi
S01529,2024-12-15,CUST-107,PROD-026,100,Traditional Trade,Karawang
S01530,2024-11-16,CUST-116,PROD-029,28,E-commerce,Cianjur
S01531,2024-08-27,CUST-124,PROD-034,28,E-commerce,Garut Kab.
S01532,2024-06-07,CUST-143,PROD-019,279,Distributor,Cimahi
S01533,2024-05-11,CUST-036,PROD-018,29,Traditional Trade,Sukabumi Kab.
S01534,2024-08-20,CUST-047,PROD-002,184,Modern Trade,Garut
S01535,2024-07-11,CUST-182,PROD-027,34,Traditional Trade,Banjar
S01536,2024-01-24,CUST-032,PROD-006,214,Distributor,Tasikmalaya
S01537,2024-06-27,CUST-186,PROD-039,106,Traditional Trade,Tasikmalaya
S01538,2024-11-03,CUST-174,PROD-006,422,Distributor,Karawang
S01539,2024-06-06,CUST-054,PROD-006,42,E-commerce,Tasikmalaya
S01540,2024-01-20,CUST-161,PROD-031,78,Modern Trade,Purwakarta
S01541,2024-10-25,CUST-167,PROD-040,17,Modern Trade,Depok
S01542,2024-03-11,CUST-023,PROD-030,127,Traditional Trade,Cirebon Kab.
S01543,2024-03-26,CUST-171,PROD-021,101,Traditional Trade,Bekasi
S01544,2024-03-02,CUST-183,PROD-018,105,Traditional Trade,Bandung Barat
S01545,2024-04-14,CUST-002,PROD-023,1,E-commerce,Ciamis
S01546,2024-10-09,CUST-194,PROD-038,16,Modern Trade,Kuningan
S01547,2024-06-30,CUST-166,PROD-023,120,Modern Trade,Garut
S01548,2024-03-12,CUST-157,PROD-028,91,Traditional Trade,Subang
S01549,2024-11-24,CUST-110,PROD-036,195,Modern Trade,Depok
S01550,2024-11-25,CUST-124,PROD-025,24,E-commerce,Garut Kab.
S01551,2024-11-22,CUST-067,PROD-007,14,E-commerce,Purwakarta
S01552,2024-03-21,CUST-071,PROD-018,91,Traditional Trade,Bogor Kab.
S01553,2024-06-03,CUST-164,PROD-020,127,Traditional Trade,Sukabumi Kab.
S01554,2024-12-27,CUST-029,PROD-005,12,Traditional Trade,Tasikmalaya Kab.
S01555,2024-10-17,CUST-119,PROD-018,68,Traditional Trade,Majalengka
S01556,2024-01-11,CUST-165,PROD-040,140,Traditional Trade,Karawang
S01557,2024-01-26,CUST-113,PROD-033,195,Modern Trade,Bandung
S01558,2024-06-08,CUST-045,PROD-015,131,Traditional Trade,Bogor
S01559,2024-12-04,CUST-016,PROD-035,32,E-commerce,Cimahi
S01560,2024-07-08,CUST-031,PROD-001,58,Modern Trade,Cirebon Kab.
S01561,2024-06-21,CUST-162,PROD-021,134,Traditional Trade,Purwakarta
S01562,2024-02-09,CUST-050,PROD-008,176,Distributor,Sukabumi
S01563,2024-08-22,CUST-193,PROD-007,186,Modern Trade,Tasikmalaya Kab.
S01564,2024-11-08,CUST-122,PROD-040,94,Traditional Trade,Bogor
S01565,2024-04-27,CUST-190,PROD-040,27,E-commerce,Cirebon Kab.
S01566,2024-10-19,CUST-171,PROD-030,33,Traditional Trade,Bekasi
S01567,2024-12-21,CUST-184,PROD-038,338,Distributor,Sukabumi Kab.
S01568,2024-03-12,CUST-015,PROD-035,28,E-commerce,Bogor Kab.
S01569,2024-07-02,CUST-176,PROD-002,92,Modern Trade,Cirebon
S01570,2024-04-02,CUST-049,PROD-008,121,Modern Trade,Pangandaran
S01571,2024-10-28,CUST-172,PROD-038,203,Distributor,Kuningan
S01572,2024-07-24,CUST-010,PROD-004,50,E-commerce,Kuningan
S01573,2024-08-14,CUST-020,PROD-037,33,Traditional Trade,Pangandaran
S01574,2024-10-31,CUST-070,PROD-021,143,Traditional Trade,Majalengka
S01575,2024-05-01,CUST-008,PROD-013,222,Modern Trade,Tasikmalaya Kab.
S01576,2024-12-06,CUST-173,PROD-009,111,Modern Trade,Depok
S01577,2024-07-06,CUST-034,PROD-029,223,Modern Trade,Garut Kab.
S01578,2024-02-29,CUST-179,PROD-024,353,Distributor,Depok
S01579,2024-09-08,CUST-004,PROD-016,164,Modern Trade,Cirebon
S01580,2024-10-28,CUST-108,PROD-012,128,Traditional Trade,Bandung
S01581,2024-04-10,CUST-167,PROD-002,209,Modern Trade,Depok
S01582,2024-11-18,CUST-024,PROD-019,177,Modern Trade,Bekasi Kab.
S01583,2024-12-03,CUST-055,PROD-030,247,Modern Trade,Subang
S01584,2024-03-31,CUST-026,PROD-016,31,E-commerce,Pangandaran
S01585,2024-12-26,CUST-025,PROD-024,115,Traditional Trade,Bandung Barat
S01586,2024-02-22,CUST-036,PROD-013,28,Traditional Trade,Sukabumi Kab.
S01587,2024-03-11,CUST-071,PROD-005,27,Traditional Trade,Bogor Kab.
S01588,2024-03-07,CUST-186,PROD-023,20,Traditional Trade,Tasikmalaya
S01589,2024-11-29,CUST-012,PROD-038,31,Traditional Trade,Cirebon
S01590,2024-08-21,CUST-129,PROD-031,137,Traditional Trade,Sukabumi
S01591,2024-02-26,CUST-116,PROD-017,8,E-commerce,Cianjur
S01592,2024-05-28,CUST-178,PROD-003,39,Traditional Trade,Karawang
S01593,2024-08-07,CUST-153,PROD-026,247,Distributor,Bandung
S01594,2024-02-01,CUST-133,PROD-013,223,Distributor,Cirebon Kab.
S01595,2024-11-26,CUST-083,PROD-038,267,Distributor,Cirebon Kab.
S01596,2024-11-02,CUST-196,PROD-022,60,Traditional Trade,Depok
S01597,2024-06-24,CUST-006,PROD-021,131,Traditional Trade,Pangandaran
S01598,2024-12-22,CUST-026,PROD-029,39,E-commerce,Pangandaran
S01599,2024-05-14,CUST-113,PROD-039,161,Modern Trade,Bandung
S01600,2024-12-27,CUST-103,PROD-005,142,Traditional Trade,Tasikmalaya
S01601,2024-08-26,CUST-120,PROD-014,47,Modern Trade,Cimahi
S01602,2024-08-14,CUST-183,PROD-018,13,Traditional Trade,Bandung Barat
S01603,2024-03-02,CUST-167,PROD-004,187,Modern Trade,Depok
S01604,2024-11-26,CUST-009,PROD-033,73,Traditional Trade,Garut
S01605,2024-05-20,CUST-045,PROD-039,9,Traditional Trade,Bogor
S01606,2024-03-01,CUST-014,PROD-020,88,Traditional Trade,Pangandaran
S01607,2024-01-05,CUST-112,PROD-013,143,Traditional Trade,Cianjur
S01608,2024-07-17,CUST-055,PROD-036,251,Modern Trade,Subang
S01609,2024-07-03,CUST-137,PROD-004,27,E-commerce,Kuningan
S01610,2024-09-20,CUST-015,PROD-035,29,E-commerce,Bogor Kab.
S01611,2024-11-28,CUST-037,PROD-008,184,Distributor,Indramayu
S01612,2024-01-31,CUST-178,PROD-040,71,Traditional Trade,Karawang
S01613,2024-09-26,CUST-127,PROD-036,73,Traditional Trade,Depok
S01614,2024-03-08,CUST-117,PROD-006,13,E-commerce,Cirebon
S01615,2024-11-18,CUST-084,PROD-022,21,Modern Trade,Bandung Barat
S01616,2024-11-07,CUST-072,PROD-006,332,Distributor,Sumedang
S01617,2024-07-09,CUST-096,PROD-036,295,Distributor,Indramayu
S01618,2024-09-15,CUST-111,PROD-009,286,Distributor,Sukabumi
S01619,2024-04-10,CUST-149,PROD-016,33,E-commerce,Bekasi
S01620,2024-06-11,CUST-185,PROD-039,89,Traditional Trade,Karawang
S01621,2024-11-07,CUST-105,PROD-038,157,Distributor,Sukabumi
S01622,2024-06-06,CUST-147,PROD-033,17,E-commerce,Bandung
S01623,2024-04-21,CUST-058,PROD-018,37,E-commerce,Sukabumi
S01624,2024-06-20,CUST-095,PROD-012,49,E-commerce,Pangandaran
S01625,2024-11-09,CUST-118,PROD-027,15,E-commerce,Garut
S01626,2024-04-15,CUST-006,PROD-001,88,Traditional Trade,Pangandaran
S01627,2024-03-04,CUST-004,PROD-015,92,Modern Trade,Cirebon
S01628,2024-09-16,CUST-043,PROD-027,74,Modern Trade,Ciamis
S01629,2024-11-09,CUST-093,PROD-016,52,Distributor,Tasikmalaya
S01630,2024-02-08,CUST-042,PROD-021,109,Traditional Trade,Kuningan
S01631,2024-03-21,CUST-003,PROD-001,44,E-commerce,Purwakarta
S01632,2024-02-23,CUST-129,PROD-029,137,Traditional Trade,Sukabumi
S01633,2024-04-18,CUST-183,PROD-003,141,Traditional Trade,Bandung Barat
S01634,2024-06-02,CUST-015,PROD-012,1,E-commerce,Bogor Kab.
S01635,2024-10-05,CUST-047,PROD-028,256,Modern Trade,Garut
S01636,2024-08-20,CUST-085,PROD-039,244,Modern Trade,Sukabumi Kab.
S01637,2024-08-09,CUST-174,PROD-037,79,Distributor,Karawang
S01638,2024-04-19,CUST-058,PROD-031,7,E-commerce,Sukabumi
S01639,2024-11-13,CUST-199,PROD-031,97,Traditional Trade,Tasikmalaya
S01640,2024-06-11,CUST-039,PROD-033,31,Traditional Trade,Purwakarta
S01641,2024-12-25,CUST-131,PROD-033,67,Traditional Trade,Sukabumi
S01642,2024-08-14,CUST-158,PROD-040,85,Traditional Trade,Depok
S01643,2024-02-17,CUST-035,PROD-011,80,Distributor,Garut Kab.
S01644,2024-08-29,CUST-185,PROD-029,118,Traditional Trade,Karawang
S01645,2024-04-12,CUST-157,PROD-025,106,Traditional Trade,Subang
S01646,2024-09-03,CUST-178,PROD-013,97,Traditional Trade,Karawang
S01647,2024-01-27,CUST-190,PROD-019,15,E-commerce,Cirebon Kab.
S01648,2024-03-04,CUST-052,PROD-036,495,Distributor,Sumedang
S01649,2024-11-18,CUST-118,PROD-028,7,E-commerce,Garut
S01650,2024-03-18,CUST-014,PROD-004,75,Traditional Trade,Pangandaran
S01651,2024-11-12,CUST-163,PROD-003,90,Traditional Trade,Tasikmalaya Kab.
S01652,2024-03-31,CUST-156,PROD-038,12,E-commerce,Kuningan
S01653,2024-08-17,CUST-186,PROD-037,140,Traditional Trade,Tasikmalaya
S01654,2024-09-07,CUST-030,PROD-025,18,E-commerce,Banjar
S01655,2024-06-27,CUST-090,PROD-035,333,Distributor,Cimahi
S01656,2024-04-07,CUST-135,PROD-029,26,Modern Trade,Bandung
S01657,2024-03-14,CUST-167,PROD-029,224,Modern Trade,Depok
S01658,2024-01-13,CUST-095,PROD-012,11,E-commerce,Pangandaran
S01659,2024-04-07,CUST-069,PROD-035,448,Distributor,Subang
S01660,2024-08-21,CUST-163,PROD-020,99,Traditional Trade,Tasikmalaya Kab.
S01661,2024-12-13,CUST-127,PROD-017,125,Traditional Trade,Depok
S01662,2024-11-22,CUST-052,PROD-012,55,Distributor,Sumedang
S01663,2024-10-14,CUST-142,PROD-036,317,Distributor,Cirebon Kab.
S01664,2024-10-26,CUST-063,PROD-010,91,Traditional Trade,Purwakarta
S01665,2024-08-25,CUST-036,PROD-018,107,Traditional Trade,Sukabumi Kab.
S01666,2024-03-26,CUST-091,PROD-030,113,Modern Trade,Subang
S01667,2024-12-03,CUST-152,PROD-008,469,Distributor,Bogor
S01668,2024-08-27,CUST-168,PROD-013,35,E-commerce,Majalengka
S01669,2024-07-17,CUST-157,PROD-031,71,Traditional Trade,Subang
S01670,2024-02-11,CUST-053,PROD-006,110,Traditional Trade,Bogor Kab.
S01671,2024-06-01,CUST-109,PROD-007,96,Traditional Trade,Tasikmalaya
S01672,2024-06-06,CUST-150,PROD-021,67,Traditional Trade,Purwakarta
S01673,2024-11-20,CUST-072,PROD-038,132,Distributor,Sumedang
S01674,2024-07-11,CUST-015,PROD-028,40,E-commerce,Bogor Kab.
S01675,2024-04-27,CUST-113,PROD-021,91,Modern Trade,Bandung
S01676,2024-12-24,CUST-069,PROD-021,336,Distributor,Subang
S01677,2024-02-11,CUST-116,PROD-024,37,E-commerce,Cianjur
S01678,2024-05-17,CUST-192,PROD-027,137,Traditional Trade,Cirebon
S01679,2024-01-17,CUST-004,PROD-027,124,Modern Trade,Cirebon
S01680,2024-10-01,CUST-075,PROD-013,426,Distributor,Bandung Barat
S01681,2024-12-07,CUST-146,PROD-029,17,E-commerce,Bogor
S01682,2024-04-01,CUST-042,PROD-039,136,Traditional Trade,Kuningan
S01683,2024-11-19,CUST-030,PROD-028,26,E-commerce,Banjar
S01684,2024-04-04,CUST-143,PROD-037,457,Distributor,Cimahi
S01685,2024-12-04,CUST-070,PROD-029,42,Traditional Trade,Majalengka
S01686,2024-10-08,CUST-183,PROD-022,114,Traditional Trade,Bandung Barat
S01687,2024-11-02,CUST-181,PROD-036,19,E-commerce,Garut
S01688,2024-01-07,CUST-016,PROD-030,30,E-commerce,Cimahi
S01689,2024-12-20,CUST-111,PROD-028,331,Distributor,Sukabumi
S01690,2024-09-24,CUST-104,PROD-023,11,E-commerce,Karawang
S01691,2024-04-07,CUST-107,PROD-033,122,Traditional Trade,Karawang
S01692,2024-11-10,CUST-123,PROD-004,39,E-commerce,Bandung
S01693,2024-04-01,CUST-162,PROD-003,149,Traditional Trade,Purwakarta
S01694,2024-11-23,CUST-027,PROD-032,120,Modern Trade,Bandung
S01695,2024-02-12,CUST-013,PROD-004,216,Distributor,Cianjur
S01696,2024-09-12,CUST-155,PROD-001,238,Distributor,Tasikmalaya Kab.
S01697,2024-07-09,CUST-073,PROD-012,47,E-commerce,Cimahi
S01698,2024-02-06,CUST-197,PROD-013,98,Distributor,Bandung
S01699,2024-03-22,CUST-086,PROD-034,111,Traditional Trade,Bogor Kab.
S01700,2024-01-05,CUST-031,PROD-029,102,Modern Trade,Cirebon Kab.
S01701,2024-06-10,CUST-003,PROD-009,12,E-commerce,Purwakarta
S01702,2024-04-06,CUST-030,PROD-031,13,E-commerce,Banjar
S01703,2024-08-01,CUST-149,PROD-007,11,E-commerce,Bekasi
S01704,2024-04-05,CUST-099,PROD-013,143,Traditional Trade,Purwakarta
S01705,2024-04-06,CUST-134,PROD-002,126,Traditional Trade,Bandung Barat
S01706,2024-10-02,CUST-160,PROD-033,109,Traditional Trade,Sukabumi
S01707,2024-01-19,CUST-170,PROD-007,180,Modern Trade,Bogor Kab.
S01708,2024-12-02,CUST-190,PROD-018,36,E-commerce,Cirebon Kab.
S01709,2024-11-17,CUST-160,PROD-008,134,Traditional Trade,Sukabumi
S01710,2024-08-26,CUST-099,PROD-012,91,Traditional Trade,Purwakarta
S01711,2024-07-30,CUST-086,PROD-030,65,Traditional Trade,Bogor Kab.
S01712,2024-11-29,CUST-167,PROD-009,58,Modern Trade,Depok
S01713,2024-03-07,CUST-064,PROD-028,144,Traditional Trade,Depok
S01714,2024-01-31,CUST-118,PROD-004,29,E-commerce,Garut
S01715,2024-03-21,CUST-158,PROD-039,10,Traditional Trade,Depok
S01716,2024-10-29,CUST-191,PROD-017,349,Distributor,Ciamis
S01717,2024-01-14,CUST-114,PROD-011,224,Distributor,Cirebon Kab.
S01718,2024-07-26,CUST-159,PROD-002,288,Modern Trade,Garut Kab.
S01719,2024-12-30,CUST-087,PROD-023,420,Distributor,Subang
S01720,2024-11-18,CUST-040,PROD-022,213,Modern Trade,Garut
S01721,2024-07-01,CUST-161,PROD-026,105,Modern Trade,Purwakarta
S01722,2024-01-25,CUST-191,PROD-012,331,Distributor,Ciamis
S01723,2024-11-10,CUST-025,PROD-032,139,Traditional Trade,Bandung Barat
S01724,2024-08-01,CUST-164,PROD-009,37,Traditional Trade,Sukabumi Kab.
S01725,2024-02-13,CUST-152,PROD-005,131,Distributor,Bogor
S01726,2024-02-05,CUST-095,PROD-026,35,E-commerce,Pangandaran
S01727,2024-12-04,CUST-186,PROD-007,99,Traditional Trade,Tasikmalaya
S01728,2024-08-27,CUST-167,PROD-029,179,Modern Trade,Depok
S01729,2024-11-10,CUST-046,PROD-033,260,Distributor,Bekasi
S01730,2024-11-25,CUST-138,PROD-024,200,Modern Trade,Kuningan
S01731,2024-07-21,CUST-032,PROD-025,56,Distributor,Tasikmalaya
S01732,2024-06-29,CUST-097,PROD-031,128,Traditional Trade,Karawang
S01733,2024-05-22,CUST-164,PROD-029,62,Traditional Trade,Sukabumi Kab.
S01734,2024-04-10,CUST-156,PROD-005,22,E-commerce,Kuningan
S01735,2024-05-25,CUST-144,PROD-038,38,Traditional Trade,Banjar
S01736,2024-10-18,CUST-016,PROD-011,10,E-commerce,Cimahi
S01737,2024-08-02,CUST-018,PROD-032,115,Traditional Trade,Bogor
S01738,2024-11-29,CUST-136,PROD-008,155,Distributor,Indramayu
S01739,2024-05-30,CUST-075,PROD-020,331,Distributor,Bandung Barat
S01740,2024-08-04,CUST-198,PROD-034,81,Distributor,Bandung
S01741,2024-08-13,CUST-001,PROD-008,128,Traditional Trade,Depok
S01742,2024-07-29,CUST-190,PROD-002,42,E-commerce,Cirebon Kab.
S01743,2024-09-11,CUST-125,PROD-021,27,E-commerce,Bekasi
S01744,2024-03-21,CUST-038,PROD-015,495,Distributor,Purwakarta
S01745,2024-06-27,CUST-045,PROD-006,16,Traditional Trade,Bogor
S01746,2024-02-09,CUST-186,PROD-005,91,Traditional Trade,Tasikmalaya
S01747,2024-04-28,CUST-081,PROD-003,87,Modern Trade,Sumedang
S01748,2024-06-17,CUST-129,PROD-016,38,Traditional Trade,Sukabumi
S01749,2024-08-21,CUST-032,PROD-035,258,Distributor,Tasikmalaya
S01750,2024-12-16,CUST-136,PROD-009,375,Distributor,Indramayu
S01751,2024-08-02,CUST-118,PROD-035,27,E-commerce,Garut
S01752,2024-10-03,CUST-040,PROD-019,17,Modern Trade,Garut
S01753,2024-06-25,CUST-184,PROD-034,274,Distributor,Sukabumi Kab.
S01754,2024-08-14,CUST-191,PROD-039,276,Distributor,Ciamis
S01755,2024-01-28,CUST-074,PROD-010,47,E-commerce,Bogor Kab.
S01756,2024-03-25,CUST-111,PROD-010,130,Distributor,Sukabumi
S01757,2024-04-22,CUST-103,PROD-020,30,Traditional Trade,Tasikmalaya
S01758,2024-06-11,CUST-103,PROD-001,61,Traditional Trade,Tasikmalaya
S01759,2024-01-18,CUST-074,PROD-006,7,E-commerce,Bogor Kab.
S01760,2024-02-22,CUST-164,PROD-002,30,Traditional Trade,Sukabumi Kab.
S01761,2024-03-31,CUST-114,PROD-038,236,Distributor,Cirebon Kab.
S01762,2024-12-23,CUST-123,PROD-033,50,E-commerce,Bandung
S01763,2024-04-14,CUST-057,PROD-003,127,Modern Trade,Tasikmalaya Kab.
S01764,2024-06-15,CUST-074,PROD-036,5,E-commerce,Bogor Kab.
S01765,2024-03-10,CUST-083,PROD-013,165,Distributor,Cirebon Kab.
S01766,2024-08-06,CUST-173,PROD-035,111,Modern Trade,Depok
S01767,2024-04-01,CUST-079,PROD-015,35,E-commerce,Bogor Kab.
S01768,2024-03-13,CUST-130,PROD-022,187,Modern Trade,Depok
S01769,2024-06-29,CUST-093,PROD-004,329,Distributor,Tasikmalaya
S01770,2024-01-03,CUST-196,PROD-017,34,Traditional Trade,Depok
S01771,2024-01-03,CUST-050,PROD-005,261,Distributor,Sukabumi
S01772,2024-03-16,CUST-029,PROD-021,58,Traditional Trade,Tasikmalaya Kab.
S01773,2024-01-15,CUST-081,PROD-024,76,Modern Trade,Sumedang
S01774,2024-02-10,CUST-010,PROD-031,32,E-commerce,Kuningan
S01775,2024-04-16,CUST-155,PROD-040,300,Distributor,Tasikmalaya Kab.
S01776,2024-11-02,CUST-117,PROD-030,8,E-commerce,Cirebon
S01777,2024-07-22,CUST-143,PROD-007,483,Distributor,Cimahi
S01778,2024-06-27,CUST-060,PROD-007,50,Traditional Trade,Pangandaran
S01779,2024-04-04,CUST-159,PROD-027,89,Modern Trade,Garut Kab.
S01780,2024-12-11,CUST-149,PROD-024,35,E-commerce,Bekasi
S01781,2024-05-02,CUST-060,PROD-019,93,Traditional Trade,Pangandaran
S01782,2024-02-03,CUST-058,PROD-034,15,E-commerce,Sukabumi
S01783,2024-08-08,CUST-169,PROD-022,140,Traditional Trade,Ciamis
S01784,2024-02-13,CUST-174,PROD-027,83,Distributor,Karawang
S01785,2024-04-18,CUST-045,PROD-006,29,Traditional Trade,Bogor
S01786,2024-06-25,CUST-124,PROD-010,49,E-commerce,Garut Kab.
S01787,2024-11-23,CUST-026,PROD-031,44,E-commerce,Pangandaran
S01788,2024-06-20,CUST-102,PROD-025,19,E-commerce,Tasikmalaya Kab.
S01789,2024-09-11,CUST-051,PROD-002,52,Modern Trade,Depok
S01790,2024-12-29,CUST-164,PROD-010,130,Traditional Trade,Sukabumi Kab.
S01791,2024-02-19,CUST-052,PROD-010,483,Distributor,Sumedang
S01792,2024-03-30,CUST-051,PROD-026,22,Modern Trade,Depok
S01793,2024-04-30,CUST-131,PROD-005,129,Traditional Trade,Sukabumi
S01794,2024-05-17,CUST-014,PROD-022,80,Traditional Trade,Pangandaran
S01795,2024-05-10,CUST-177,PROD-004,91,Traditional Trade,Bogor Kab.
S01796,2024-12-03,CUST-001,PROD-034,108,Traditional Trade,Depok
S01797,2024-09-17,CUST-185,PROD-007,134,Traditional Trade,Karawang
S01798,2024-08-05,CUST-145,PROD-017,44,Traditional Trade,Garut Kab.
S01799,2024-04-08,CUST-178,PROD-011,27,Traditional Trade,Karawang
S01800,2024-11-08,CUST-014,PROD-008,73,Traditional Trade,Pangandaran
S01801,2024-12-18,CUST-187,PROD-028,299,Modern Trade,Pangandaran
S01802,2024-11-07,CUST-081,PROD-033,211,Modern Trade,Sumedang
S01803,2024-01-01,CUST-003,PROD-025,27,E-commerce,Purwakarta
S01804,2024-08-15,CUST-098,PROD-021,64,Modern Trade,Sumedang
S01805,2024-01-20,CUST-040,PROD-012,115,Modern Trade,Garut
S01806,2024-03-26,CUST-089,PROD-026,269,Modern Trade,Purwakarta
S01807,2024-01-23,CUST-125,PROD-029,4,E-commerce,Bekasi
S01808,2024-08-03,CUST-194,PROD-038,209,Modern Trade,Kuningan
S01809,2024-09-03,CUST-162,PROD-035,74,Traditional Trade,Purwakarta
S01810,2024-02-13,CUST-095,PROD-037,25,E-commerce,Pangandaran
S01811,2024-04-28,CUST-009,PROD-029,51,Traditional Trade,Garut
S01812,2024-06-05,CUST-094,PROD-024,419,Distributor,Cimahi
S01813,2024-04-24,CUST-084,PROD-015,126,Modern Trade,Bandung Barat
S01814,2024-02-15,CUST-021,PROD-006,221,Modern Trade,Bandung Barat
S01815,2024-05-15,CUST-025,PROD-032,11,Traditional Trade,Bandung Barat
S01816,2024-10-07,CUST-102,PROD-034,23,E-commerce,Tasikmalaya Kab.
S01817,2024-01-28,CUST-122,PROD-036,117,Traditional Trade,Bogor
S01818,2024-01-31,CUST-172,PROD-020,292,Distributor,Kuningan
S01819,2024-04-20,CUST-025,PROD-012,102,Traditional Trade,Bandung Barat
S01820,2024-12-14,CUST-137,PROD-035,29,E-commerce,Kuningan
S01821,2024-08-27,CUST-103,PROD-038,119,Traditional Trade,Tasikmalaya
S01822,2024-08-30,CUST-190,PROD-017,5,E-commerce,Cirebon Kab.
S01823,2024-04-22,CUST-154,PROD-027,204,Distributor,Bekasi
S01824,2024-07-30,CUST-057,PROD-017,149,Modern Trade,Tasikmalaya Kab.
S01825,2024-01-04,CUST-037,PROD-011,450,Distributor,Indramayu
S01826,2024-08-15,CUST-016,PROD-039,37,E-commerce,Cimahi
S01827,2024-12-05,CUST-037,PROD-002,339,Distributor,Indramayu
S01828,2024-08-06,CUST-076,PROD-002,305,Distributor,Bekasi Kab.
S01829,2024-11-23,CUST-152,PROD-029,213,Distributor,Bogor
S01830,2024-09-22,CUST-026,PROD-024,6,E-commerce,Pangandaran
S01831,2024-02-15,CUST-020,PROD-024,100,Traditional Trade,Pangandaran
S01832,2024-12-02,CUST-137,PROD-016,32,E-commerce,Kuningan
S01833,2024-01-26,CUST-103,PROD-031,77,Traditional Trade,Tasikmalaya
S01834,2024-07-06,CUST-029,PROD-009,126,Traditional Trade,Tasikmalaya Kab.
S01835,2024-02-23,CUST-031,PROD-027,275,Modern Trade,Cirebon Kab.
S01836,2024-01-05,CUST-019,PROD-014,33,Traditional Trade,Banjar
S01837,2024-05-17,CUST-148,PROD-025,11,E-commerce,Bogor
S01838,2024-04-05,CUST-027,PROD-022,94,Modern Trade,Bandung
S01839,2024-06-17,CUST-094,PROD-035,298,Distributor,Cimahi
S01840,2024-07-24,CUST-085,PROD-033,242,Modern Trade,Sukabumi Kab.
S01841,2024-01-17,CUST-044,PROD-027,70,Modern Trade,Tasikmalaya
S01842,2024-02-16,CUST-163,PROD-040,21,Traditional Trade,Tasikmalaya Kab.
S01843,2024-07-16,CUST-113,PROD-026,228,Modern Trade,Bandung
S01844,2024-04-17,CUST-199,PROD-019,34,Traditional Trade,Tasikmalaya
S01845,2024-09-25,CUST-150,PROD-039,76,Traditional Trade,Purwakarta
S01846,2024-08-21,CUST-074,PROD-026,37,E-commerce,Bogor Kab.
S01847,2024-11-15,CUST-087,PROD-006,438,Distributor,Subang
S01848,2024-09-06,CUST-143,PROD-003,459,Distributor,Cimahi
S01849,2024-05-22,CUST-094,PROD-006,247,Distributor,Cimahi
S01850,2024-08-28,CUST-098,PROD-028,89,Modern Trade,Sumedang
S01851,2024-03-30,CUST-141,PROD-003,434,Distributor,Bogor
S01852,2024-04-07,CUST-132,PROD-013,9,E-commerce,Cimahi
S01853,2024-10-26,CUST-056,PROD-013,75,Traditional Trade,Sumedang
S01854,2024-06-01,CUST-151,PROD-013,111,Traditional Trade,Subang
S01855,2024-10-31,CUST-097,PROD-001,137,Traditional Trade,Karawang
S01856,2024-11-08,CUST-098,PROD-040,175,Modern Trade,Sumedang
S01857,2024-11-18,CUST-034,PROD-037,189,Modern Trade,Garut Kab.
S01858,2024-12-06,CUST-100,PROD-031,125,Traditional Trade,Pangandaran
S01859,2024-05-22,CUST-145,PROD-017,79,Traditional Trade,Garut Kab.
S01860,2024-04-11,CUST-156,PROD-009,4,E-commerce,Kuningan
S01861,2024-07-26,CUST-014,PROD-013,142,Traditional Trade,Pangandaran
S01862,2024-04-24,CUST-162,PROD-037,102,Traditional Trade,Purwakarta
S01863,2024-08-02,CUST-112,PROD-014,136,Traditional Trade,Cianjur
S01864,2024-09-13,CUST-075,PROD-011,357,Distributor,Bandung Barat
S01865,2024-09-04,CUST-185,PROD-025,78,Traditional Trade,Karawang
S01866,2024-04-25,CUST-097,PROD-031,22,Traditional Trade,Karawang
S01867,2024-03-02,CUST-121,PROD-014,12,E-commerce,Bogor
S01868,2024-05-22,CUST-055,PROD-007,160,Modern Trade,Subang
S01869,2024-02-23,CUST-194,PROD-024,117,Modern Trade,Kuningan
S01870,2024-11-28,CUST-117,PROD-036,25,E-commerce,Cirebon
S01871,2024-04-18,CUST-093,PROD-003,365,Distributor,Tasikmalaya
S01872,2024-02-27,CUST-037,PROD-026,86,Distributor,Indramayu
S01873,2024-01-10,CUST-196,PROD-026,81,Traditional Trade,Depok
S01874,2024-08-18,CUST-026,PROD-001,18,E-commerce,Pangandaran
S01875,2024-08-15,CUST-189,PROD-015,29,E-commerce,Cirebon Kab.
S01876,2024-04-16,CUST-067,PROD-011,44,E-commerce,Purwakarta
S01877,2024-01-28,CUST-084,PROD-037,295,Modern Trade,Bandung Barat
S01878,2024-05-09,CUST-180,PROD-007,289,Distributor,Garut Kab.
S01879,2024-04-09,CUST-018,PROD-012,123,Traditional Trade,Bogor
S01880,2024-08-30,CUST-181,PROD-038,38,E-commerce,Garut
S01881,2024-08-04,CUST-191,PROD-003,269,Distributor,Ciamis
S01882,2024-04-23,CUST-181,PROD-026,7,E-commerce,Garut
S01883,2024-03-15,CUST-027,PROD-030,225,Modern Trade,Bandung
S01884,2024-12-28,CUST-031,PROD-032,178,Modern Trade,Cirebon Kab.
S01885,2024-06-04,CUST-106,PROD-036,123,Distributor,Purwakarta
S01886,2024-09-04,CUST-129,PROD-037,41,Traditional Trade,Sukabumi
S01887,2024-02-22,CUST-006,PROD-018,31,Traditional Trade,Pangandaran
S01888,2024-06-17,CUST-011,PROD-001,25,Traditional Trade,Cirebon
S01889,2024-01-11,CUST-162,PROD-021,47,Traditional Trade,Purwakarta
S01890,2024-06-25,CUST-191,PROD-028,356,Distributor,Ciamis
S01891,2024-12-21,CUST-181,PROD-016,29,E-commerce,Garut
S01892,2024-04-28,CUST-018,PROD-028,75,Traditional Trade,Bogor
S01893,2024-01-15,CUST-021,PROD-022,278,Modern Trade,Bandung Barat
S01894,2024-01-12,CUST-019,PROD-019,113,Traditional Trade,Banjar
S01895,2024-04-29,CUST-004,PROD-001,190,Modern Trade,Cirebon
S01896,2024-02-29,CUST-077,PROD-031,224,Modern Trade,Banjar
S01897,2024-01-09,CUST-116,PROD-034,50,E-commerce,Cianjur
S01898,2024-10-09,CUST-157,PROD-040,129,Traditional Trade,Subang
S01899,2024-06-06,CUST-025,PROD-006,109,Traditional Trade,Bandung Barat
S01900,2024-04-03,CUST-184,PROD-028,286,Distributor,Sukabumi Kab.
S01901,2024-12-01,CUST-077,PROD-003,150,Modern Trade,Banjar
S01902,2024-02-13,CUST-191,PROD-031,342,Distributor,Ciamis
S01903,2024-12-18,CUST-155,PROD-016,207,Distributor,Tasikmalaya Kab.
S01904,2024-04-09,CUST-188,PROD-017,283,Modern Trade,Bekasi Kab.
S01905,2024-11-28,CUST-049,PROD-027,126,Modern Trade,Pangandaran
S01906,2024-08-03,CUST-065,PROD-024,71,Modern Trade,Cirebon Kab.
S01907,2024-11-09,CUST-166,PROD-020,33,Modern Trade,Garut
S01908,2024-12-27,CUST-083,PROD-032,109,Distributor,Cirebon Kab.
S01909,2024-04-03,CUST-180,PROD-035,450,Distributor,Garut Kab.
S01910,2024-12-20,CUST-001,PROD-013,110,Traditional Trade,Depok
S01911,2024-04-29,CUST-168,PROD-020,9,E-commerce,Majalengka
S01912,2024-04-28,CUST-081,PROD-002,189,Modern Trade,Sumedang
S01913,2024-04-16,CUST-021,PROD-004,241,Modern Trade,Bandung Barat
S01914,2024-07-09,CUST-086,PROD-027,147,Traditional Trade,Bogor Kab.
S01915,2024-02-27,CUST-015,PROD-025,13,E-commerce,Bogor Kab.
S01916,2024-07-14,CUST-050,PROD-004,461,Distributor,Sukabumi
S01917,2024-07-09,CUST-048,PROD-032,85,Traditional Trade,Depok
S01918,2024-10-12,CUST-160,PROD-017,130,Traditional Trade,Sukabumi
S01919,2024-11-11,CUST-049,PROD-001,146,Modern Trade,Pangandaran
S01920,2024-05-28,CUST-196,PROD-033,60,Traditional Trade,Depok
S01921,2024-04-06,CUST-108,PROD-030,98,Traditional Trade,Bandung
S01922,2024-03-26,CUST-045,PROD-005,131,Traditional Trade,Bogor
S01923,2024-03-09,CUST-032,PROD-012,341,Distributor,Tasikmalaya
S01924,2024-01-23,CUST-132,PROD-038,25,E-commerce,Cimahi
S01925,2024-04-17,CUST-193,PROD-032,208,Modern Trade,Tasikmalaya Kab.
S01926,2024-03-29,CUST-097,PROD-038,24,Traditional Trade,Karawang
S01927,2024-12-21,CUST-199,PROD-017,59,Traditional Trade,Tasikmalaya
S01928,2024-07-16,CUST-193,PROD-040,255,Modern Trade,Tasikmalaya Kab.
S01929,2024-04-18,CUST-080,PROD-032,300,Distributor,Banjar
S01930,2024-07-25,CUST-146,PROD-024,35,E-commerce,Bogor
S01931,2024-02-22,CUST-054,PROD-012,10,E-commerce,Tasikmalaya
S01932,2024-05-30,CUST-127,PROD-031,133,Traditional Trade,Depok
S01933,2024-08-11,CUST-175,PROD-019,54,Modern Trade,Purwakarta
S01934,2024-06-18,CUST-134,PROD-029,28,Traditional Trade,Bandung Barat
S01935,2024-05-05,CUST-066,PROD-021,269,Modern Trade,Cimahi
S01936,2024-12-30,CUST-137,PROD-026,27,E-commerce,Kuningan
S01937,2024-11-25,CUST-196,PROD-028,111,Traditional Trade,Depok
S01938,2024-08-10,CUST-109,PROD-017,17,Traditional Trade,Tasikmalaya
S01939,2024-07-20,CUST-023,PROD-009,105,Traditional Trade,Cirebon Kab.
S01940,2024-08-09,CUST-107,PROD-021,99,Traditional Trade,Karawang
S01941,2024-03-11,CUST-171,PROD-034,61,Traditional Trade,Bekasi
S01942,2024-05-01,CUST-051,PROD-011,244,Modern Trade,Depok
S01943,2024-01-16,CUST-072,PROD-020,376,Distributor,Sumedang
S01944,2024-06-12,CUST-103,PROD-039,104,Traditional Trade,Tasikmalaya
S01945,2024-07-10,CUST-153,PROD-016,287,Distributor,Bandung
S01946,2024-03-18,CUST-080,PROD-029,156,Distributor,Banjar
S01947,2024-12-21,CUST-163,PROD-001,94,Traditional Trade,Tasikmalaya Kab.
S01948,2024-12-04,CUST-145,PROD-018,112,Traditional Trade,Garut Kab.
S01949,2024-09-21,CUST-018,PROD-022,134,Traditional Trade,Bogor
S01950,2024-07-06,CUST-155,PROD-008,348,Distributor,Tasikmalaya Kab.
S01951,2024-11-22,CUST-143,PROD-007,92,Distributor,Cimahi
S01952,2024-02-19,CUST-081,PROD-025,72,Modern Trade,Sumedang
S01953,2024-10-27,CUST-107,PROD-030,77,Traditional Trade,Karawang
S01954,2024-02-17,CUST-069,PROD-034,235,Distributor,Subang
S01955,2024-10-29,CUST-080,PROD-011,166,Distributor,Banjar
S01956,2024-03-30,CUST-143,PROD-015,353,Distributor,Cimahi
S01957,2024-11-24,CUST-042,PROD-035,9,Traditional Trade,Kuningan
S01958,2024-12-15,CUST-034,PROD-023,85,Modern Trade,Garut Kab.
S01959,2024-02-25,CUST-048,PROD-021,39,Traditional Trade,Depok
S01960,2024-06-07,CUST-136,PROD-028,398,Distributor,Indramayu
S01961,2024-12-26,CUST-138,PROD-013,92,Modern Trade,Kuningan
S01962,2024-06-16,CUST-005,PROD-034,64,Traditional Trade,Cimahi
S01963,2024-11-20,CUST-116,PROD-038,43,E-commerce,Cianjur
S01964,2024-07-28,CUST-176,PROD-006,126,Modern Trade,Cirebon
S01965,2024-04-25,CUST-117,PROD-004,27,E-commerce,Cirebon
S01966,2024-04-02,CUST-154,PROD-005,131,Distributor,Bekasi
S01967,2024-03-12,CUST-108,PROD-040,63,Traditional Trade,Bandung
S01968,2024-10-12,CUST-023,PROD-006,68,Traditional Trade,Cirebon Kab.
S01969,2024-04-28,CUST-062,PROD-021,41,E-commerce,Ciamis
S01970,2024-06-27,CUST-013,PROD-028,190,Distributor,Cianjur
S01971,2024-06-19,CUST-137,PROD-003,30,E-commerce,Kuningan
S01972,2024-07-24,CUST-020,PROD-023,74,Traditional Trade,Pangandaran
S01973,2024-11-21,CUST-092,PROD-008,135,Traditional Trade,Kuningan
S01974,2024-12-26,CUST-108,PROD-019,16,Traditional Trade,Bandung
S01975,2024-05-08,CUST-185,PROD-011,45,Traditional Trade,Karawang
S01976,2024-11-09,CUST-152,PROD-010,154,Distributor,Bogor
S01977,2024-10-14,CUST-108,PROD-028,69,Traditional Trade,Bandung
S01978,2024-07-22,CUST-033,PROD-020,112,Distributor,Majalengka
S01979,2024-12-18,CUST-148,PROD-028,50,E-commerce,Bogor
S01980,2024-03-11,CUST-188,PROD-029,17,Modern Trade,Bekasi Kab.
S01981,2024-02-11,CUST-176,PROD-008,168,Modern Trade,Cirebon
S01982,2024-11-17,CUST-064,PROD-019,15,Traditional Trade,Depok
S01983,2024-05-27,CUST-030,PROD-021,17,E-commerce,Banjar
S01984,2024-11-15,CUST-108,PROD-018,128,Traditional Trade,Bandung
S01985,2024-11-29,CUST-073,PROD-009,31,E-commerce,Cimahi
S01986,2024-01-24,CUST-109,PROD-004,119,Traditional Trade,Tasikmalaya
S01987,2024-11-26,CUST-145,PROD-025,127,Traditional Trade,Garut Kab.
S01988,2024-06-01,CUST-100,PROD-034,91,Traditional Trade,Pangandaran
S01989,2024-06-27,CUST-014,PROD-009,60,Traditional Trade,Pangandaran
S01990,2024-08-11,CUST-019,PROD-009,98,Traditional Trade,Banjar
S01991,2024-12-09,CUST-071,PROD-018,102,Traditional Trade,Bogor Kab.
S01992,2024-01-08,CUST-059,PROD-011,47,E-commerce,Tasikmalaya Kab.
S01993,2024-06-13,CUST-195,PROD-013,23,Traditional Trade,Tasikmalaya
S01994,2024-09-04,CUST-097,PROD-038,61,Traditional Trade,Karawang
S01995,2024-09-22,CUST-044,PROD-009,25,Modern Trade,Tasikmalaya
S01996,2024-09-06,CUST-160,PROD-016,49,Traditional Trade,Sukabumi
S01997,2024-02-20,CUST-111,PROD-004,204,Distributor,Sukabumi
S01998,2024-04-06,CUST-011,PROD-034,117,Traditional Trade,Cirebon
S01999,2024-04-21,CUST-106,PROD-007,426,Distributor,Purwakarta
S02000,2024-11-02,CUST-002,PROD-015,39,E-commerce,Ciamis
S02001,2024-03-31,CUST-125,PROD-038,44,E-commerce,Bekasi
S02002,2024-03-14,CUST-196,PROD-011,113,Traditional Trade,Depok
S02003,2024-12-19,CUST-145,PROD-032,113,Traditional Trade,Garut Kab.
S02004,2024-01-04,CUST-094,PROD-027,159,Distributor,Cimahi
S02005,2024-12-31,CUST-168,PROD-030,47,E-commerce,Majalengka
S02006,2024-08-30,CUST-174,PROD-017,272,Distributor,Karawang
S02007,2024-11-09,CUST-093,PROD-036,435,Distributor,Tasikmalaya
S02008,2024-04-04,CUST-004,PROD-019,274,Modern Trade,Cirebon
S02009,2024-01-06,CUST-166,PROD-007,280,Modern Trade,Garut
S02010,2024-09-30,CUST-063,PROD-021,62,Traditional Trade,Purwakarta
S02011,2024-11-11,CUST-029,PROD-028,6,Traditional Trade,Tasikmalaya Kab.
S02012,2024-10-01,CUST-019,PROD-003,135,Traditional Trade,Banjar
S02013,2024-02-23,CUST-091,PROD-014,256,Modern Trade,Subang
S02014,2024-10-08,CUST-029,PROD-002,59,Traditional Trade,Tasikmalaya Kab.
S02015,2024-10-16,CUST-163,PROD-029,57,Traditional Trade,Tasikmalaya Kab.
S02016,2024-08-23,CUST-116,PROD-018,30,E-commerce,Cianjur
S02017,2024-10-14,CUST-070,PROD-037,76,Traditional Trade,Majalengka
S02018,2024-11-15,CUST-123,PROD-024,40,E-commerce,Bandung
S02019,2024-08-07,CUST-023,PROD-012,43,Traditional Trade,Cirebon Kab.
S02020,2024-02-03,CUST-046,PROD-032,220,Distributor,Bekasi
S02021,2024-06-17,CUST-172,PROD-018,295,Distributor,Kuningan
S02022,2024-01-30,CUST-176,PROD-013,150,Modern Trade,Cirebon
S02023,2024-05-08,CUST-180,PROD-004,153,Distributor,Garut Kab.
S02024,2024-05-08,CUST-008,PROD-023,114,Modern Trade,Tasikmalaya Kab.
S02025,2024-01-26,CUST-183,PROD-010,59,Traditional Trade,Bandung Barat
S02026,2024-04-19,CUST-066,PROD-005,289,Modern Trade,Cimahi
S02027,2024-02-11,CUST-168,PROD-040,49,E-commerce,Majalengka
S02028,2024-11-03,CUST-159,PROD-014,31,Modern Trade,Garut Kab.
S02029,2024-12-16,CUST-176,PROD-034,87,Modern Trade,Cirebon
S02030,2024-01-28,CUST-100,PROD-028,49,Traditional Trade,Pangandaran
S02031,2024-12-18,CUST-061,PROD-008,441,Distributor,Bandung Barat
S02032,2024-07-01,CUST-112,PROD-016,68,Traditional Trade,Cianjur
S02033,2024-04-06,CUST-052,PROD-031,402,Distributor,Sumedang
S02034,2024-01-30,CUST-166,PROD-007,30,Modern Trade,Garut
S02035,2024-06-23,CUST-036,PROD-003,109,Traditional Trade,Sukabumi Kab.
S02036,2024-10-29,CUST-112,PROD-029,49,Traditional Trade,Cianjur
S02037,2024-09-14,CUST-087,PROD-036,93,Distributor,Subang
S02038,2024-01-20,CUST-183,PROD-039,45,Traditional Trade,Bandung Barat
S02039,2024-01-28,CUST-085,PROD-004,189,Modern Trade,Sukabumi Kab.
S02040,2024-05-05,CUST-013,PROD-009,444,Distributor,Cianjur
S02041,2024-04-05,CUST-165,PROD-017,105,Traditional Trade,Karawang
S02042,2024-03-19,CUST-047,PROD-020,124,Modern Trade,Garut
S02043,2024-04-01,CUST-090,PROD-014,262,Distributor,Cimahi
S02044,2024-11-02,CUST-199,PROD-029,22,Traditional Trade,Tasikmalaya
S02045,2024-12-10,CUST-022,PROD-013,444,Distributor,Cianjur
S02046,2024-05-07,CUST-167,PROD-036,36,Modern Trade,Depok
S02047,2024-12-03,CUST-058,PROD-017,43,E-commerce,Sukabumi
S02048,2024-04-11,CUST-030,PROD-004,38,E-commerce,Banjar
S02049,2024-06-13,CUST-146,PROD-020,1,E-commerce,Bogor
S02050,2024-03-18,CUST-106,PROD-011,487,Distributor,Purwakarta
S02051,2024-08-16,CUST-146,PROD-022,29,E-commerce,Bogor
S02052,2024-12-25,CUST-074,PROD-008,21,E-commerce,Bogor Kab.
S02053,2024-08-03,CUST-167,PROD-028,294,Modern Trade,Depok
S02054,2024-04-21,CUST-094,PROD-030,186,Distributor,Cimahi
S02055,2024-08-19,CUST-154,PROD-033,238,Distributor,Bekasi
S02056,2024-02-16,CUST-071,PROD-033,106,Traditional Trade,Bogor Kab.
S02057,2024-11-28,CUST-007,PROD-036,100,Modern Trade,Depok
S02058,2024-06-24,CUST-197,PROD-027,273,Distributor,Bandung
S02059,2024-06-02,CUST-065,PROD-020,14,Modern Trade,Cirebon Kab.
S02060,2024-07-27,CUST-046,PROD-033,402,Distributor,Bekasi
S02061,2024-08-11,CUST-018,PROD-025,19,Traditional Trade,Bogor
S02062,2024-01-28,CUST-141,PROD-019,490,Distributor,Bogor
S02063,2024-09-01,CUST-153,PROD-021,54,Distributor,Bandung
S02064,2024-03-22,CUST-008,PROD-033,239,Modern Trade,Tasikmalaya Kab.
S02065,2024-09-17,CUST-074,PROD-003,37,E-commerce,Bogor Kab.
S02066,2024-11-08,CUST-160,PROD-014,85,Traditional Trade,Sukabumi
S02067,2024-11-02,CUST-145,PROD-015,118,Traditional Trade,Garut Kab.
S02068,2024-07-14,CUST-102,PROD-033,4,E-commerce,Tasikmalaya Kab.
S02069,2024-07-01,CUST-079,PROD-022,21,E-commerce,Bogor Kab.
S02070,2024-02-23,CUST-079,PROD-001,34,E-commerce,Bogor Kab.
S02071,2024-10-19,CUST-121,PROD-031,40,E-commerce,Bogor
S02072,2024-03-29,CUST-176,PROD-035,205,Modern Trade,Cirebon
S02073,2024-06-21,CUST-063,PROD-020,131,Traditional Trade,Purwakarta
S02074,2024-04-02,CUST-040,PROD-032,151,Modern Trade,Garut
S02075,2024-02-20,CUST-084,PROD-012,145,Modern Trade,Bandung Barat
S02076,2024-08-12,CUST-015,PROD-016,3,E-commerce,Bogor Kab.
S02077,2024-01-21,CUST-099,PROD-008,118,Traditional Trade,Purwakarta
S02078,2024-10-05,CUST-134,PROD-014,123,Traditional Trade,Bandung Barat
S02079,2024-04-10,CUST-121,PROD-018,30,E-commerce,Bogor
S02080,2024-01-01,CUST-063,PROD-030,16,Traditional Trade,Purwakarta
S02081,2024-06-27,CUST-136,PROD-033,293,Distributor,Indramayu
S02082,2024-01-18,CUST-128,PROD-034,41,E-commerce,Tasikmalaya Kab.
S02083,2024-03-31,CUST-112,PROD-034,6,Traditional Trade,Cianjur
S02084,2024-09-14,CUST-111,PROD-007,50,Distributor,Sukabumi
S02085,2024-01-25,CUST-032,PROD-006,288,Distributor,Tasikmalaya
S02086,2024-11-13,CUST-045,PROD-006,59,Traditional Trade,Bogor
S02087,2024-01-02,CUST-122,PROD-022,108,Traditional Trade,Bogor
S02088,2024-03-23,CUST-180,PROD-008,404,Distributor,Garut Kab.
S02089,2024-10-01,CUST-082,PROD-037,286,Modern Trade,Tasikmalaya Kab.
S02090,2024-04-10,CUST-013,PROD-015,59,Distributor,Cianjur
S02091,2024-02-08,CUST-024,PROD-026,113,Modern Trade,Bekasi Kab.
S02092,2024-04-21,CUST-168,PROD-039,25,E-commerce,Majalengka
S02093,2024-03-29,CUST-014,PROD-003,118,Traditional Trade,Pangandaran
S02094,2024-11-14,CUST-070,PROD-010,119,Traditional Trade,Majalengka
S02095,2024-04-09,CUST-062,PROD-003,6,E-commerce,Ciamis
S02096,2024-10-26,CUST-120,PROD-030,23,Modern Trade,Cimahi
S02097,2024-11-29,CUST-089,PROD-022,177,Modern Trade,Purwakarta
S02098,2024-05-24,CUST-189,PROD-003,40,E-commerce,Cirebon Kab.
S02099,2024-12-04,CUST-001,PROD-001,86,Traditional Trade,Depok
S02100,2024-04-26,CUST-194,PROD-033,39,Modern Trade,Kuningan
S02101,2024-12-21,CUST-126,PROD-019,18,Traditional Trade,Sukabumi Kab.
S02102,2024-02-04,CUST-032,PROD-036,287,Distributor,Tasikmalaya
S02103,2024-09-03,CUST-141,PROD-034,485,Distributor,Bogor
S02104,2024-06-20,CUST-161,PROD-031,71,Modern Trade,Purwakarta
S02105,2024-04-29,CUST-032,PROD-024,159,Distributor,Tasikmalaya
S02106,2024-08-14,CUST-056,PROD-012,57,Traditional Trade,Sumedang
S02107,2024-09-12,CUST-152,PROD-013,209,Distributor,Bogor
S02108,2024-01-02,CUST-091,PROD-016,64,Modern Trade,Subang
S02109,2024-03-02,CUST-004,PROD-016,258,Modern Trade,Cirebon
S02110,2024-09-17,CUST-023,PROD-020,26,Traditional Trade,Cirebon Kab.
S02111,2024-08-26,CUST-029,PROD-027,107,Traditional Trade,Tasikmalaya Kab.
S02112,2024-12-21,CUST-098,PROD-039,273,Modern Trade,Sumedang
S02113,2024-10-12,CUST-149,PROD-013,44,E-commerce,Bekasi
S02114,2024-12-17,CUST-030,PROD-004,1,E-commerce,Banjar
S02115,2024-09-11,CUST-090,PROD-032,282,Distributor,Cimahi
S02116,2024-04-05,CUST-148,PROD-040,40,E-commerce,Bogor
S02117,2024-02-09,CUST-144,PROD-034,9,Traditional Trade,Banjar
S02118,2024-10-23,CUST-067,PROD-039,45,E-commerce,Purwakarta
S02119,2024-08-18,CUST-177,PROD-017,50,Traditional Trade,Bogor Kab.
S02120,2024-01-19,CUST-101,PROD-024,173,Modern Trade,Cianjur
S02121,2024-04-21,CUST-058,PROD-029,17,E-commerce,Sukabumi
S02122,2024-12-18,CUST-172,PROD-028,218,Distributor,Kuningan
S02123,2024-06-23,CUST-025,PROD-022,83,Traditional Trade,Bandung Barat
S02124,2024-05-23,CUST-023,PROD-028,70,Traditional Trade,Cirebon Kab.
S02125,2024-06-05,CUST-187,PROD-025,269,Modern Trade,Pangandaran
S02126,2024-03-13,CUST-129,PROD-003,92,Traditional Trade,Sukabumi
S02127,2024-04-24,CUST-097,PROD-013,59,Traditional Trade,Karawang
S02128,2024-04-24,CUST-143,PROD-031,108,Distributor,Cimahi
S02129,2024-01-21,CUST-128,PROD-013,42,E-commerce,Tasikmalaya Kab.
S02130,2024-10-15,CUST-081,PROD-018,267,Modern Trade,Sumedang
S02131,2024-05-14,CUST-180,PROD-037,95,Distributor,Garut Kab.
S02132,2024-11-08,CUST-186,PROD-034,6,Traditional Trade,Tasikmalaya
S02133,2024-11-16,CUST-169,PROD-017,133,Traditional Trade,Ciamis
S02134,2024-03-14,CUST-172,PROD-021,318,Distributor,Kuningan
S02135,2024-08-23,CUST-004,PROD-036,287,Modern Trade,Cirebon
S02136,2024-06-11,CUST-196,PROD-040,21,Traditional Trade,Depok
S02137,2024-11-25,CUST-135,PROD-019,196,Modern Trade,Bandung
S02138,2024-03-15,CUST-046,PROD-012,391,Distributor,Bekasi
S02139,2024-08-30,CUST-009,PROD-028,74,Traditional Trade,Garut
S02140,2024-08-05,CUST-161,PROD-011,125,Modern Trade,Purwakarta
S02141,2024-04-05,CUST-033,PROD-037,308,Distributor,Majalengka
S02142,2024-02-21,CUST-084,PROD-028,258,Modern Trade,Bandung Barat
S02143,2024-08-21,CUST-132,PROD-035,6,E-commerce,Cimahi
S02144,2024-09-30,CUST-065,PROD-015,236,Modern Trade,Cirebon Kab.
S02145,2024-04-10,CUST-106,PROD-016,226,Distributor,Purwakarta
S02146,2024-08-18,CUST-034,PROD-007,252,Modern Trade,Garut Kab.
S02147,2024-05-01,CUST-085,PROD-003,44,Modern Trade,Sukabumi Kab.
S02148,2024-09-17,CUST-088,PROD-031,456,Distributor,Indramayu
S02149,2024-03-11,CUST-192,PROD-012,139,Traditional Trade,Cirebon
S02150,2024-11-28,CUST-153,PROD-008,355,Distributor,Bandung
S02151,2024-04-03,CUST-055,PROD-025,19,Modern Trade,Subang
S02152,2024-04-23,CUST-137,PROD-035,26,E-commerce,Kuningan
S02153,2024-01-23,CUST-017,PROD-012,23,Traditional Trade,Cianjur
S02154,2024-02-12,CUST-149,PROD-021,23,E-commerce,Bekasi
S02155,2024-06-29,CUST-188,PROD-026,104,Modern Trade,Bekasi Kab.
S02156,2024-03-28,CUST-141,PROD-002,113,Distributor,Bogor
S02157,2024-11-12,CUST-131,PROD-014,100,Traditional Trade,Sukabumi
S02158,2024-01-06,CUST-196,PROD-004,101,Traditional Trade,Depok
S02159,2024-04-26,CUST-004,PROD-017,274,Modern Trade,Cirebon
S02160,2024-04-16,CUST-007,PROD-005,166,Modern Trade,Depok
S02161,2024-01-08,CUST-026,PROD-024,15,E-commerce,Pangandaran
S02162,2024-02-16,CUST-024,PROD-007,283,Modern Trade,Bekasi Kab.
S02163,2024-05-12,CUST-010,PROD-023,18,E-commerce,Kuningan
S02164,2024-06-19,CUST-013,PROD-017,295,Distributor,Cianjur
S02165,2024-05-06,CUST-125,PROD-012,7,E-commerce,Bekasi
S02166,2024-07-05,CUST-172,PROD-011,334,Distributor,Kuningan
S02167,2024-07-31,CUST-039,PROD-011,120,Traditional Trade,Purwakarta
S02168,2024-01-04,CUST-147,PROD-034,19,E-commerce,Bandung
S02169,2024-06-08,CUST-179,PROD-037,366,Distributor,Depok
S02170,2024-12-20,CUST-019,PROD-029,137,Traditional Trade,Banjar
S02171,2024-06-30,CUST-076,PROD-036,154,Distributor,Bekasi Kab.
S02172,2024-08-30,CUST-052,PROD-027,419,Distributor,Sumedang
S02173,2024-04-09,CUST-175,PROD-022,246,Modern Trade,Purwakarta
S02174,2024-10-18,CUST-120,PROD-002,78,Modern Trade,Cimahi
S02175,2024-10-18,CUST-158,PROD-036,122,Traditional Trade,Depok
S02176,2024-07-01,CUST-046,PROD-030,229,Distributor,Bekasi
S02177,2024-12-24,CUST-149,PROD-007,15,E-commerce,Bekasi
S02178,2024-02-17,CUST-075,PROD-012,139,Distributor,Bandung Barat
S02179,2024-01-07,CUST-124,PROD-003,24,E-commerce,Garut Kab.
S02180,2024-10-16,CUST-048,PROD-017,87,Traditional Trade,Depok
S02181,2024-11-03,CUST-062,PROD-032,20,E-commerce,Ciamis
S02182,2024-02-15,CUST-058,PROD-008,43,E-commerce,Sukabumi
S02183,2024-03-28,CUST-018,PROD-023,77,Traditional Trade,Bogor
S02184,2024-01-07,CUST-108,PROD-038,96,Traditional Trade,Bandung
S02185,2024-04-04,CUST-187,PROD-030,281,Modern Trade,Pangandaran
S02186,2024-10-18,CUST-048,PROD-015,79,Traditional Trade,Depok
S02187,2024-06-30,CUST-063,PROD-010,102,Traditional Trade,Purwakarta
S02188,2024-04-18,CUST-012,PROD-038,123,Traditional Trade,Cirebon
S02189,2024-04-24,CUST-034,PROD-015,66,Modern Trade,Garut Kab.
S02190,2024-01-01,CUST-189,PROD-030,21,E-commerce,Cirebon Kab.
S02191,2024-04-06,CUST-102,PROD-026,5,E-commerce,Tasikmalaya Kab.
S02192,2024-08-19,CUST-087,PROD-014,284,Distributor,Subang
S02193,2024-12-24,CUST-181,PROD-003,9,E-commerce,Garut
S02194,2024-11-15,CUST-025,PROD-036,15,Traditional Trade,Bandung Barat
S02195,2024-01-10,CUST-190,PROD-026,37,E-commerce,Cirebon Kab.
S02196,2024-12-01,CUST-132,PROD-014,41,E-commerce,Cimahi
S02197,2024-10-23,CUST-141,PROD-031,370,Distributor,Bogor
S02198,2024-10-22,CUST-170,PROD-014,291,Modern Trade,Bogor Kab.
S02199,2024-06-05,CUST-049,PROD-040,211,Modern Trade,Pangandaran
S02200,2024-05-02,CUST-078,PROD-010,241,Modern Trade,Sukabumi Kab.
S02201,2024-04-07,CUST-184,PROD-009,68,Distributor,Sukabumi Kab.
S02202,2024-01-26,CUST-175,PROD-040,25,Modern Trade,Purwakarta
S02203,2024-03-18,CUST-136,PROD-018,105,Distributor,Indramayu
S02204,2024-03-23,CUST-055,PROD-036,123,Modern Trade,Subang
S02205,2024-06-16,CUST-018,PROD-036,72,Traditional Trade,Bogor
S02206,2024-10-05,CUST-035,PROD-012,127,Distributor,Garut Kab.
S02207,2024-06-12,CUST-160,PROD-040,34,Traditional Trade,Sukabumi
S02208,2024-01-23,CUST-152,PROD-003,56,Distributor,Bogor
S02209,2024-12-19,CUST-007,PROD-018,161,Modern Trade,Depok
S02210,2024-12-14,CUST-013,PROD-007,412,Distributor,Cianjur
S02211,2024-10-24,CUST-126,PROD-031,26,Traditional Trade,Sukabumi Kab.
S02212,2024-12-29,CUST-112,PROD-001,34,Traditional Trade,Cianjur
S02213,2024-07-10,CUST-069,PROD-031,493,Distributor,Subang
S02214,2024-12-20,CUST-100,PROD-013,53,Traditional Trade,Pangandaran
S02215,2024-01-29,CUST-090,PROD-029,374,Distributor,Cimahi
S02216,2024-04-23,CUST-042,PROD-003,46,Traditional Trade,Kuningan
S02217,2024-03-17,CUST-109,PROD-029,10,Traditional Trade,Tasikmalaya
S02218,2024-03-10,CUST-159,PROD-035,190,Modern Trade,Garut Kab.
S02219,2024-02-22,CUST-110,PROD-015,299,Modern Trade,Depok
S02220,2024-08-10,CUST-026,PROD-021,5,E-commerce,Pangandaran
S02221,2024-10-22,CUST-076,PROD-019,315,Distributor,Bekasi Kab.
S02222,2024-07-24,CUST-032,PROD-028,77,Distributor,Tasikmalaya
S02223,2024-02-25,CUST-091,PROD-004,268,Modern Trade,Subang
S02224,2024-11-04,CUST-125,PROD-013,13,E-commerce,Bekasi
S02225,2024-08-15,CUST-126,PROD-015,115,Traditional Trade,Sukabumi Kab.
S02226,2024-04-29,CUST-052,PROD-039,243,Distributor,Sumedang
S02227,2024-08-29,CUST-148,PROD-032,35,E-commerce,Bogor
S02228,2024-03-26,CUST-103,PROD-003,118,Traditional Trade,Tasikmalaya
S02229,2024-04-18,CUST-105,PROD-030,111,Distributor,Sukabumi
S02230,2024-12-06,CUST-168,PROD-020,47,E-commerce,Majalengka
S02231,2024-04-03,CUST-187,PROD-002,110,Modern Trade,Pangandaran
S02232,2024-06-10,CUST-014,PROD-025,27,Traditional Trade,Pangandaran
S02233,2024-11-28,CUST-172,PROD-011,156,Distributor,Kuningan
S02234,2024-09-14,CUST-104,PROD-001,23,E-commerce,Karawang
S02235,2024-01-24,CUST-117,PROD-010,35,E-commerce,Cirebon
S02236,2024-02-25,CUST-048,PROD-017,107,Traditional Trade,Depok
S02237,2024-01-04,CUST-093,PROD-030,424,Distributor,Tasikmalaya
S02238,2024-08-13,CUST-171,PROD-035,36,Traditional Trade,Bekasi
S02239,2024-06-01,CUST-144,PROD-019,6,Traditional Trade,Banjar
S02240,2024-02-20,CUST-110,PROD-034,248,Modern Trade,Depok
S02241,2024-12-19,CUST-163,PROD-032,116,Traditional Trade,Tasikmalaya Kab.
S02242,2024-07-04,CUST-053,PROD-012,126,Traditional Trade,Bogor Kab.
S02243,2024-03-22,CUST-162,PROD-017,20,Traditional Trade,Purwakarta
S02244,2024-06-23,CUST-003,PROD-006,16,E-commerce,Purwakarta
S02245,2024-08-31,CUST-068,PROD-013,3,E-commerce,Bogor
S02246,2024-01-30,CUST-133,PROD-039,141,Distributor,Cirebon Kab.
S02247,2024-03-30,CUST-138,PROD-022,230,Modern Trade,Kuningan
S02248,2024-11-03,CUST-052,PROD-011,103,Distributor,Sumedang
S02249,2024-06-06,CUST-157,PROD-007,37,Traditional Trade,Subang
S02250,2024-07-11,CUST-096,PROD-021,263,Distributor,Indramayu
S02251,2024-05-24,CUST-031,PROD-001,145,Modern Trade,Cirebon Kab.
S02252,2024-01-17,CUST-066,PROD-030,257,Modern Trade,Cimahi
S02253,2024-03-02,CUST-091,PROD-019,62,Modern Trade,Subang
S02254,2024-05-31,CUST-069,PROD-029,113,Distributor,Subang
S02255,2024-03-13,CUST-165,PROD-035,62,Traditional Trade,Karawang
S02256,2024-01-20,CUST-155,PROD-020,423,Distributor,Tasikmalaya Kab.
S02257,2024-11-14,CUST-087,PROD-036,86,Distributor,Subang
S02258,2024-12-26,CUST-033,PROD-039,261,Distributor,Majalengka
S02259,2024-10-28,CUST-068,PROD-001,12,E-commerce,Bogor
S02260,2024-11-17,CUST-187,PROD-023,93,Modern Trade,Pangandaran
S02261,2024-03-22,CUST-192,PROD-031,136,Traditional Trade,Cirebon
S02262,2024-12-20,CUST-088,PROD-035,143,Distributor,Indramayu
S02263,2024-03-10,CUST-172,PROD-022,464,Distributor,Kuningan
S02264,2024-12-17,CUST-095,PROD-007,22,E-commerce,Pangandaran
S02265,2024-12-30,CUST-108,PROD-033,42,Traditional Trade,Bandung
S02266,2024-09-16,CUST-177,PROD-036,96,Traditional Trade,Bogor Kab.
S02267,2024-12-26,CUST-053,PROD-007,18,Traditional Trade,Bogor Kab.
S02268,2024-07-21,CUST-074,PROD-027,11,E-commerce,Bogor Kab.
S02269,2024-03-26,CUST-049,PROD-002,137,Modern Trade,Pangandaran
S02270,2024-05-26,CUST-113,PROD-017,161,Modern Trade,Bandung
S02271,2024-07-30,CUST-114,PROD-001,59,Distributor,Cirebon Kab.
S02272,2024-01-29,CUST-194,PROD-030,47,Modern Trade,Kuningan
S02273,2024-08-10,CUST-095,PROD-022,43,E-commerce,Pangandaran
S02274,2024-12-26,CUST-191,PROD-028,154,Distributor,Ciamis
S02275,2024-03-08,CUST-025,PROD-033,36,Traditional Trade,Bandung Barat
S02276,2024-10-28,CUST-132,PROD-026,20,E-commerce,Cimahi
S02277,2024-12-04,CUST-179,PROD-035,63,Distributor,Depok
S02278,2024-12-14,CUST-139,PROD-011,136,Traditional Trade,Cianjur
S02279,2024-12-19,CUST-145,PROD-007,100,Traditional Trade,Garut Kab.
S02280,2024-07-01,CUST-108,PROD-028,14,Traditional Trade,Bandung
S02281,2024-12-25,CUST-194,PROD-025,25,Modern Trade,Kuningan
S02282,2024-10-10,CUST-198,PROD-031,216,Distributor,Bandung
S02283,2024-03-01,CUST-069,PROD-003,145,Distributor,Subang
S02284,2024-06-13,CUST-084,PROD-033,27,Modern Trade,Bandung Barat
S02285,2024-09-20,CUST-157,PROD-034,11,Traditional Trade,Subang
S02286,2024-03-23,CUST-085,PROD-021,193,Modern Trade,Sukabumi Kab.
S02287,2024-08-16,CUST-119,PROD-037,130,Traditional Trade,Majalengka
S02288,2024-08-26,CUST-072,PROD-019,294,Distributor,Sumedang
S02289,2024-03-01,CUST-020,PROD-037,119,Traditional Trade,Pangandaran
S02290,2024-07-19,CUST-027,PROD-021,91,Modern Trade,Bandung
S02291,2024-10-17,CUST-008,PROD-014,140,Modern Trade,Tasikmalaya Kab.
S02292,2024-06-22,CUST-085,PROD-010,138,Modern Trade,Sukabumi Kab.
S02293,2024-01-05,CUST-061,PROD-007,338,Distributor,Bandung Barat
S02294,2024-01-04,CUST-156,PROD-029,7,E-commerce,Kuningan
S02295,2024-04-21,CUST-198,PROD-040,123,Distributor,Bandung
S02296,2024-12-09,CUST-003,PROD-008,44,E-commerce,Purwakarta
S02297,2024-03-18,CUST-197,PROD-039,108,Distributor,Bandung
S02298,2024-08-14,CUST-007,PROD-013,81,Modern Trade,Depok
S02299,2024-03-17,CUST-188,PROD-019,169,Modern Trade,Bekasi Kab.
S02300,2024-04-11,CUST-004,PROD-011,96,Modern Trade,Cirebon
S02301,2024-11-15,CUST-133,PROD-002,450,Distributor,Cirebon Kab.
S02302,2024-09-25,CUST-139,PROD-006,21,Traditional Trade,Cianjur
S02303,2024-02-06,CUST-125,PROD-029,25,E-commerce,Bekasi
S02304,2024-05-21,CUST-015,PROD-005,21,E-commerce,Bogor Kab.
S02305,2024-01-12,CUST-192,PROD-030,59,Traditional Trade,Cirebon
S02306,2024-06-15,CUST-013,PROD-039,55,Distributor,Cianjur
S02307,2024-08-24,CUST-118,PROD-036,20,E-commerce,Garut
S02308,2024-02-14,CUST-007,PROD-027,93,Modern Trade,Depok
S02309,2024-04-03,CUST-104,PROD-018,26,E-commerce,Karawang
S02310,2024-05-02,CUST-006,PROD-036,76,Traditional Trade,Pangandaran
S02311,2024-12-07,CUST-184,PROD-016,158,Distributor,Sukabumi Kab.
S02312,2024-12-29,CUST-064,PROD-005,116,Traditional Trade,Depok
S02313,2024-01-18,CUST-178,PROD-009,33,Traditional Trade,Karawang
S02314,2024-10-12,CUST-030,PROD-034,17,E-commerce,Banjar
S02315,2024-04-24,CUST-022,PROD-034,67,Distributor,Cianjur
S02316,2024-04-30,CUST-153,PROD-036,217,Distributor,Bandung
S02317,2024-10-08,CUST-156,PROD-031,18,E-commerce,Kuningan
S02318,2024-12-07,CUST-118,PROD-020,11,E-commerce,Garut
S02319,2024-12-17,CUST-084,PROD-017,258,Modern Trade,Bandung Barat
S02320,2024-07-24,CUST-167,PROD-020,140,Modern Trade,Depok
S02321,2024-04-21,CUST-195,PROD-028,135,Traditional Trade,Tasikmalaya
S02322,2024-10-26,CUST-133,PROD-021,471,Distributor,Cirebon Kab.
S02323,2024-03-24,CUST-193,PROD-019,210,Modern Trade,Tasikmalaya Kab.
S02324,2024-07-18,CUST-143,PROD-003,412,Distributor,Cimahi
S02325,2024-04-21,CUST-090,PROD-030,345,Distributor,Cimahi
S02326,2024-08-22,CUST-195,PROD-005,72,Traditional Trade,Tasikmalaya
S02327,2024-03-21,CUST-168,PROD-006,20,E-commerce,Majalengka
S02328,2024-03-09,CUST-121,PROD-003,15,E-commerce,Bogor
S02329,2024-12-07,CUST-106,PROD-024,142,Distributor,Purwakarta
S02330,2024-02-08,CUST-069,PROD-001,182,Distributor,Subang
S02331,2024-06-25,CUST-095,PROD-036,39,E-commerce,Pangandaran
S02332,2024-03-16,CUST-077,PROD-015,144,Modern Trade,Banjar
S02333,2024-01-15,CUST-171,PROD-038,100,Traditional Trade,Bekasi
S02334,2024-01-14,CUST-001,PROD-018,104,Traditional Trade,Depok
S02335,2024-03-04,CUST-150,PROD-023,37,Traditional Trade,Purwakarta
S02336,2024-11-21,CUST-062,PROD-029,37,E-commerce,Ciamis
S02337,2024-04-01,CUST-154,PROD-022,81,Distributor,Bekasi
S02338,2024-12-16,CUST-018,PROD-024,47,Traditional Trade,Bogor
S02339,2024-07-25,CUST-048,PROD-013,40,Traditional Trade,Depok
S02340,2024-05-26,CUST-137,PROD-033,34,E-commerce,Kuningan
S02341,2024-07-25,CUST-001,PROD-022,53,Traditional Trade,Depok
S02342,2024-06-29,CUST-137,PROD-035,25,E-commerce,Kuningan
S02343,2024-10-11,CUST-151,PROD-017,112,Traditional Trade,Subang
S02344,2024-04-01,CUST-107,PROD-022,100,Traditional Trade,Karawang
S02345,2024-04-20,CUST-173,PROD-005,75,Modern Trade,Depok
S02346,2024-11-29,CUST-130,PROD-025,18,Modern Trade,Depok
S02347,2024-12-15,CUST-142,PROD-006,279,Distributor,Cirebon Kab.
S02348,2024-11-29,CUST-038,PROD-017,270,Distributor,Purwakarta
S02349,2024-05-15,CUST-040,PROD-031,287,Modern Trade,Garut
S02350,2024-10-22,CUST-191,PROD-017,148,Distributor,Ciamis
S02351,2024-06-13,CUST-082,PROD-033,280,Modern Trade,Tasikmalaya Kab.
S02352,2024-06-21,CUST-016,PROD-039,7,E-commerce,Cimahi
S02353,2024-03-12,CUST-127,PROD-037,145,Traditional Trade,Depok
S02354,2024-07-29,CUST-117,PROD-004,42,E-commerce,Cirebon
S02355,2024-03-07,CUST-093,PROD-014,213,Distributor,Tasikmalaya
S02356,2024-04-14,CUST-134,PROD-013,20,Traditional Trade,Bandung Barat
S02357,2024-11-17,CUST-003,PROD-027,41,E-commerce,Purwakarta
S02358,2024-03-13,CUST-014,PROD-024,25,Traditional Trade,Pangandaran
S02359,2024-01-28,CUST-066,PROD-027,37,Modern Trade,Cimahi
S02360,2024-01-27,CUST-095,PROD-008,10,E-commerce,Pangandaran
S02361,2024-12-14,CUST-086,PROD-039,87,Traditional Trade,Bogor Kab.
S02362,2024-06-25,CUST-195,PROD-021,21,Traditional Trade,Tasikmalaya
S02363,2024-05-09,CUST-114,PROD-011,370,Distributor,Cirebon Kab.
S02364,2024-11-04,CUST-159,PROD-031,45,Modern Trade,Garut Kab.
S02365,2024-11-12,CUST-161,PROD-027,285,Modern Trade,Purwakarta
S02366,2024-04-14,CUST-129,PROD-027,108,Traditional Trade,Sukabumi
S02367,2024-09-07,CUST-172,PROD-008,485,Distributor,Kuningan
S02368,2024-10-17,CUST-015,PROD-033,6,E-commerce,Bogor Kab.
S02369,2024-08-22,CUST-037,PROD-012,72,Distributor,Indramayu
S02370,2024-02-26,CUST-155,PROD-035,219,Distributor,Tasikmalaya Kab.
S02371,2024-11-24,CUST-176,PROD-034,161,Modern Trade,Cirebon
S02372,2024-07-08,CUST-027,PROD-016,253,Modern Trade,Bandung
S02373,2024-04-01,CUST-012,PROD-036,9,Traditional Trade,Cirebon
S02374,2024-05-19,CUST-067,PROD-002,32,E-commerce,Purwakarta
S02375,2024-01-15,CUST-030,PROD-012,46,E-commerce,Banjar
S02376,2024-02-18,CUST-096,PROD-027,322,Distributor,Indramayu
S02377,2024-10-14,CUST-194,PROD-017,84,Modern Trade,Kuningan
S02378,2024-01-01,CUST-135,PROD-020,292,Modern Trade,Bandung
S02379,2024-05-14,CUST-034,PROD-021,205,Modern Trade,Garut Kab.
S02380,2024-07-01,CUST-032,PROD-030,72,Distributor,Tasikmalaya
S02381,2024-01-21,CUST-117,PROD-020,23,E-commerce,Cirebon
S02382,2024-12-23,CUST-039,PROD-008,117,Traditional Trade,Purwakarta
S02383,2024-03-18,CUST-096,PROD-018,170,Distributor,Indramayu
S02384,2024-04-07,CUST-171,PROD-018,69,Traditional Trade,Bekasi
S02385,2024-04-07,CUST-171,PROD-018,32,Traditional Trade,Bekasi
S02386,2024-03-19,CUST-131,PROD-002,86,Traditional Trade,Sukabumi
S02387,2024-01-01,CUST-174,PROD-012,56,Distributor,Karawang
S02388,2024-09-25,CUST-160,PROD-032,106,Traditional Trade,Sukabumi
S02389,2024-12-21,CUST-043,PROD-008,23,Modern Trade,Ciamis
S02390,2024-03-17,CUST-081,PROD-010,192,Modern Trade,Sumedang
S02391,2024-08-25,CUST-003,PROD-011,44,E-commerce,Purwakarta
S02392,2024-10-02,CUST-074,PROD-014,46,E-commerce,Bogor Kab.
S02393,2024-11-15,CUST-117,PROD-026,14,E-commerce,Cirebon
S02394,2024-05-17,CUST-063,PROD-030,48,Traditional Trade,Purwakarta
S02395,2024-04-07,CUST-111,PROD-004,474,Distributor,Sukabumi
S02396,2024-04-12,CUST-040,PROD-039,82,Modern Trade,Garut
S02397,2024-09-17,CUST-018,PROD-011,6,Traditional Trade,Bogor
S02398,2024-11-06,CUST-067,PROD-024,18,E-commerce,Purwakarta
S02399,2024-03-06,CUST-103,PROD-022,9,Traditional Trade,Tasikmalaya
S02400,2024-04-24,CUST-190,PROD-003,26,E-commerce,Cirebon Kab.
S02401,2024-12-02,CUST-138,PROD-037,261,Modern Trade,Kuningan
S02402,2024-11-03,CUST-180,PROD-002,432,Distributor,Garut Kab.
S02403,2024-12-27,CUST-046,PROD-012,382,Distributor,Bekasi
S02404,2024-10-08,CUST-055,PROD-021,56,Modern Trade,Subang
S02405,2024-04-30,CUST-174,PROD-005,384,Distributor,Karawang
S02406,2024-07-29,CUST-075,PROD-007,212,Distributor,Bandung Barat
S02407,2024-08-24,CUST-188,PROD-004,125,Modern Trade,Bekasi Kab.
S02408,2024-01-31,CUST-097,PROD-036,83,Traditional Trade,Karawang
S02409,2024-07-10,CUST-026,PROD-022,8,E-commerce,Pangandaran
S02410,2024-09-15,CUST-155,PROD-029,72,Distributor,Tasikmalaya Kab.
S02411,2024-03-02,CUST-166,PROD-009,278,Modern Trade,Garut
S02412,2024-10-22,CUST-022,PROD-026,328,Distributor,Cianjur
S02413,2024-07-26,CUST-026,PROD-012,31,E-commerce,Pangandaran
S02414,2024-12-17,CUST-197,PROD-001,463,Distributor,Bandung
S02415,2024-01-17,CUST-163,PROD-008,134,Traditional Trade,Tasikmalaya Kab.
S02416,2024-03-28,CUST-194,PROD-033,166,Modern Trade,Kuningan
S02417,2024-08-02,CUST-073,PROD-004,22,E-commerce,Cimahi
S02418,2024-04-05,CUST-115,PROD-014,135,Modern Trade,Cimahi
S02419,2024-09-17,CUST-051,PROD-029,178,Modern Trade,Depok
S02420,2024-10-11,CUST-113,PROD-014,175,Modern Trade,Bandung
S02421,2024-02-08,CUST-146,PROD-009,29,E-commerce,Bogor
S02422,2024-06-28,CUST-171,PROD-009,78,Traditional Trade,Bekasi
S02423,2024-06-26,CUST-012,PROD-026,26,Traditional Trade,Cirebon
S02424,2024-04-24,CUST-003,PROD-017,24,E-commerce,Purwakarta
S02425,2024-12-11,CUST-120,PROD-004,273,Modern Trade,Cimahi
S02426,2024-11-09,CUST-135,PROD-003,272,Modern Trade,Bandung
S02427,2024-09-09,CUST-134,PROD-029,140,Traditional Trade,Bandung Barat
S02428,2024-09-17,CUST-082,PROD-025,261,Modern Trade,Tasikmalaya Kab.
S02429,2024-06-07,CUST-045,PROD-021,92,Traditional Trade,Bogor
S02430,2024-12-08,CUST-127,PROD-012,50,Traditional Trade,Depok
S02431,2024-09-07,CUST-086,PROD-001,68,Traditional Trade,Bogor Kab.
S02432,2024-09-25,CUST-115,PROD-001,288,Modern Trade,Cimahi
S02433,2024-11-20,CUST-167,PROD-007,70,Modern Trade,Depok
S02434,2024-03-30,CUST-179,PROD-010,355,Distributor,Depok
S02435,2024-11-03,CUST-009,PROD-015,50,Traditional Trade,Garut
S02436,2024-03-10,CUST-151,PROD-040,47,Traditional Trade,Subang
S02437,2024-04-18,CUST-012,PROD-011,142,Traditional Trade,Cirebon
S02438,2024-04-15,CUST-116,PROD-023,31,E-commerce,Cianjur
S02439,2024-12-25,CUST-088,PROD-013,197,Distributor,Indramayu
S02440,2024-11-18,CUST-062,PROD-027,16,E-commerce,Ciamis
S02441,2024-09-11,CUST-104,PROD-017,14,E-commerce,Karawang
S02442,2024-09-24,CUST-073,PROD-013,3,E-commerce,Cimahi
S02443,2024-07-17,CUST-077,PROD-012,39,Modern Trade,Banjar
S02444,2024-12-15,CUST-040,PROD-029,27,Modern Trade,Garut
S02445,2024-06-21,CUST-182,PROD-021,39,Traditional Trade,Banjar
S02446,2024-04-27,CUST-135,PROD-020,156,Modern Trade,Bandung
S02447,2024-03-01,CUST-017,PROD-020,30,Traditional Trade,Cianjur
S02448,2024-10-25,CUST-119,PROD-031,39,Traditional Trade,Majalengka
S02449,2024-09-28,CUST-126,PROD-008,80,Traditional Trade,Sukabumi Kab.
S02450,2024-04-28,CUST-178,PROD-024,76,Traditional Trade,Karawang
S02451,2024-01-10,CUST-024,PROD-011,258,Modern Trade,Bekasi Kab.
S02452,2024-11-13,CUST-002,PROD-039,37,E-commerce,Ciamis
S02453,2024-01-05,CUST-092,PROD-033,53,Traditional Trade,Kuningan
S02454,2024-09-12,CUST-161,PROD-015,19,Modern Trade,Purwakarta
S02455,2024-12-22,CUST-149,PROD-004,21,E-commerce,Bekasi
S02456,2024-05-26,CUST-117,PROD-001,49,E-commerce,Cirebon
S02457,2024-03-20,CUST-053,PROD-032,109,Traditional Trade,Bogor Kab.
S02458,2024-09-12,CUST-046,PROD-011,286,Distributor,Bekasi
S02459,2024-11-06,CUST-045,PROD-030,108,Traditional Trade,Bogor
S02460,2024-07-11,CUST-009,PROD-037,75,Traditional Trade,Garut
S02461,2024-12-21,CUST-006,PROD-019,102,Traditional Trade,Pangandaran
S02462,2024-01-20,CUST-051,PROD-036,235,Modern Trade,Depok
S02463,2024-06-24,CUST-119,PROD-034,72,Traditional Trade,Majalengka
S02464,2024-09-20,CUST-035,PROD-007,383,Distributor,Garut Kab.
S02465,2024-11-20,CUST-082,PROD-020,289,Modern Trade,Tasikmalaya Kab.
S02466,2024-03-05,CUST-181,PROD-012,43,E-commerce,Garut
S02467,2024-11-01,CUST-147,PROD-032,31,E-commerce,Bandung
S02468,2024-07-14,CUST-197,PROD-002,431,Distributor,Bandung
S02469,2024-05-01,CUST-025,PROD-022,96,Traditional Trade,Bandung Barat
S02470,2024-02-19,CUST-139,PROD-040,87,Traditional Trade,Cianjur
S02471,2024-11-21,CUST-017,PROD-024,38,Traditional Trade,Cianjur
S02472,2024-02-28,CUST-036,PROD-031,123,Traditional Trade,Sukabumi Kab.
S02473,2024-04-08,CUST-096,PROD-004,263,Distributor,Indramayu
S02474,2024-04-03,CUST-021,PROD-024,62,Modern Trade,Bandung Barat
S02475,2024-11-22,CUST-018,PROD-017,57,Traditional Trade,Bogor
S02476,2024-08-28,CUST-188,PROD-040,126,Modern Trade,Bekasi Kab.
S02477,2024-10-30,CUST-146,PROD-019,7,E-commerce,Bogor
S02478,2024-03-24,CUST-001,PROD-040,79,Traditional Trade,Depok
S02479,2024-08-11,CUST-142,PROD-038,91,Distributor,Cirebon Kab.
S02480,2024-07-21,CUST-136,PROD-034,444,Distributor,Indramayu
S02481,2024-11-11,CUST-194,PROD-033,256,Modern Trade,Kuningan
S02482,2024-12-03,CUST-051,PROD-006,300,Modern Trade,Depok
S02483,2024-01-05,CUST-079,PROD-036,37,E-commerce,Bogor Kab.
S02484,2024-08-29,CUST-188,PROD-013,96,Modern Trade,Bekasi Kab.
S02485,2024-01-20,CUST-162,PROD-009,101,Traditional Trade,Purwakarta
S02486,2024-07-12,CUST-036,PROD-035,88,Traditional Trade,Sukabumi Kab.
S02487,2024-04-03,CUST-062,PROD-034,5,E-commerce,Ciamis
S02488,2024-04-08,CUST-129,PROD-016,55,Traditional Trade,Sukabumi
S02489,2024-04-20,CUST-085,PROD-018,47,Modern Trade,Sukabumi Kab.
S02490,2024-08-09,CUST-042,PROD-018,7,Traditional Trade,Kuningan
S02491,2024-04-15,CUST-001,PROD-038,17,Traditional Trade,Depok
S02492,2024-09-27,CUST-054,PROD-032,31,E-commerce,Tasikmalaya
S02493,2024-05-06,CUST-175,PROD-007,96,Modern Trade,Purwakarta
S02494,2024-01-27,CUST-100,PROD-023,7,Traditional Trade,Pangandaran
S02495,2024-10-24,CUST-039,PROD-023,59,Traditional Trade,Purwakarta
S02496,2024-04-02,CUST-158,PROD-018,70,Traditional Trade,Depok
S02497,2024-05-23,CUST-007,PROD-007,204,Modern Trade,Depok
S02498,2024-09-02,CUST-150,PROD-040,88,Traditional Trade,Purwakarta
S02499,2024-04-14,CUST-121,PROD-024,48,E-commerce,Bogor
S02500,2024-01-22,CUST-178,PROD-014,77,Traditional Trade,Karawang
S02501,2024-04-25,CUST-045,PROD-005,116,Traditional Trade,Bogor
S02502,2024-12-15,CUST-074,PROD-022,4,E-commerce,Bogor Kab.
S02503,2024-08-17,CUST-120,PROD-022,71,Modern Trade,Cimahi
S02504,2024-08-28,CUST-072,PROD-010,74,Distributor,Sumedang
S02505,2024-08-13,CUST-138,PROD-026,61,Modern Trade,Kuningan
S02506,2024-03-11,CUST-142,PROD-015,99,Distributor,Cirebon Kab.
S02507,2024-05-15,CUST-046,PROD-038,427,Distributor,Bekasi
S02508,2024-10-06,CUST-123,PROD-001,1,E-commerce,Bandung
S02509,2024-02-08,CUST-118,PROD-014,39,E-commerce,Garut
S02510,2024-03-31,CUST-075,PROD-036,101,Distributor,Bandung Barat
S02511,2024-03-31,CUST-006,PROD-031,80,Traditional Trade,Pangandaran
S02512,2024-05-23,CUST-021,PROD-028,49,Modern Trade,Bandung Barat
S02513,2024-12-26,CUST-190,PROD-034,40,E-commerce,Cirebon Kab.
S02514,2024-01-26,CUST-147,PROD-035,24,E-commerce,Bandung
S02515,2024-06-30,CUST-103,PROD-039,114,Traditional Trade,Tasikmalaya
S02516,2024-03-05,CUST-088,PROD-023,389,Distributor,Indramayu
S02517,2024-12-23,CUST-099,PROD-019,24,Traditional Trade,Purwakarta
S02518,2024-02-12,CUST-062,PROD-018,21,E-commerce,Ciamis
S02519,2024-05-06,CUST-107,PROD-015,6,Traditional Trade,Karawang
S02520,2024-09-30,CUST-083,PROD-001,155,Distributor,Cirebon Kab.
S02521,2024-09-12,CUST-181,PROD-025,24,E-commerce,Garut
S02522,2024-05-17,CUST-152,PROD-026,314,Distributor,Bogor
S02523,2024-04-18,CUST-056,PROD-035,62,Traditional Trade,Sumedang
S02524,2024-05-02,CUST-190,PROD-015,44,E-commerce,Cirebon Kab.
S02525,2024-03-28,CUST-162,PROD-004,47,Traditional Trade,Purwakarta
S02526,2024-03-12,CUST-022,PROD-015,187,Distributor,Cianjur
S02527,2024-06-15,CUST-068,PROD-038,45,E-commerce,Bogor
S02528,2024-03-29,CUST-185,PROD-039,52,Traditional Trade,Karawang
S02529,2024-04-03,CUST-010,PROD-001,21,E-commerce,Kuningan
S02530,2024-08-22,CUST-066,PROD-022,223,Modern Trade,Cimahi
S02531,2024-12-22,CUST-008,PROD-011,137,Modern Trade,Tasikmalaya Kab.
S02532,2024-08-03,CUST-123,PROD-038,5,E-commerce,Bandung
S02533,2024-01-30,CUST-038,PROD-037,247,Distributor,Purwakarta
S02534,2024-01-29,CUST-123,PROD-026,10,E-commerce,Bandung
S02535,2024-12-17,CUST-062,PROD-027,43,E-commerce,Ciamis
S02536,2024-04-05,CUST-156,PROD-013,2,E-commerce,Kuningan
S02537,2024-02-05,CUST-138,PROD-007,247,Modern Trade,Kuningan
S02538,2024-08-01,CUST-045,PROD-008,136,Traditional Trade,Bogor
S02539,2024-08-10,CUST-065,PROD-023,92,Modern Trade,Cirebon Kab.
S02540,2024-08-19,CUST-067,PROD-026,28,E-commerce,Purwakarta
S02541,2024-03-28,CUST-137,PROD-027,20,E-commerce,Kuningan
S02542,2024-01-06,CUST-133,PROD-009,271,Distributor,Cirebon Kab.
S02543,2024-12-21,CUST-106,PROD-038,155,Distributor,Purwakarta
S02544,2024-03-24,CUST-138,PROD-013,75,Modern Trade,Kuningan
S02545,2024-08-29,CUST-140,PROD-007,3,E-commerce,Bekasi
S02546,2024-09-13,CUST-082,PROD-011,197,Modern Trade,Tasikmalaya Kab.
S02547,2024-08-05,CUST-058,PROD-010,47,E-commerce,Sukabumi
S02548,2024-04-09,CUST-149,PROD-033,42,E-commerce,Bekasi
S02549,2024-03-29,CUST-149,PROD-039,49,E-commerce,Bekasi
S02550,2024-08-01,CUST-193,PROD-003,34,Modern Trade,Tasikmalaya Kab.
S02551,2024-11-21,CUST-131,PROD-029,70,Traditional Trade,Sukabumi
S02552,2024-12-15,CUST-069,PROD-037,384,Distributor,Subang
S02553,2024-02-10,CUST-089,PROD-016,76,Modern Trade,Purwakarta
S02554,2024-02-27,CUST-064,PROD-016,44,Traditional Trade,Depok
S02555,2024-12-15,CUST-177,PROD-007,104,Traditional Trade,Bogor Kab.
S02556,2024-09-29,CUST-072,PROD-015,227,Distributor,Sumedang
S02557,2024-11-26,CUST-017,PROD-038,119,Traditional Trade,Cianjur
S02558,2024-03-11,CUST-073,PROD-006,40,E-commerce,Cimahi
S02559,2024-07-28,CUST-160,PROD-018,123,Traditional Trade,Sukabumi
S02560,2024-09-11,CUST-070,PROD-019,149,Traditional Trade,Majalengka
S02561,2024-08-31,CUST-113,PROD-002,246,Modern Trade,Bandung
S02562,2024-05-09,CUST-021,PROD-003,178,Modern Trade,Bandung Barat
S02563,2024-01-06,CUST-135,PROD-025,85,Modern Trade,Bandung
S02564,2024-07-26,CUST-007,PROD-036,296,Modern Trade,Depok
S02565,2024-03-25,CUST-111,PROD-028,82,Distributor,Sukabumi
S02566,2024-06-02,CUST-027,PROD-038,239,Modern Trade,Bandung
S02567,2024-12-19,CUST-008,PROD-028,204,Modern Trade,Tasikmalaya Kab.
S02568,2024-05-03,CUST-028,PROD-032,287,Modern Trade,Cirebon Kab.
S02569,2024-11-13,CUST-194,PROD-036,239,Modern Trade,Kuningan
S02570,2024-03-08,CUST-199,PROD-039,100,Traditional Trade,Tasikmalaya
S02571,2024-08-28,CUST-047,PROD-036,180,Modern Trade,Garut
S02572,2024-12-25,CUST-086,PROD-023,65,Traditional Trade,Bogor Kab.
S02573,2024-02-08,CUST-010,PROD-002,10,E-commerce,Kuningan
S02574,2024-01-04,CUST-114,PROD-010,81,Distributor,Cirebon Kab.
S02575,2024-05-24,CUST-033,PROD-006,437,Distributor,Majalengka
S02576,2024-02-05,CUST-135,PROD-008,54,Modern Trade,Bandung
S02577,2024-10-05,CUST-131,PROD-015,76,Traditional Trade,Sukabumi
S02578,2024-12-06,CUST-014,PROD-029,24,Traditional Trade,Pangandaran
S02579,2024-05-24,CUST-172,PROD-028,288,Distributor,Kuningan
S02580,2024-03-26,CUST-046,PROD-022,248,Distributor,Bekasi
S02581,2024-05-24,CUST-061,PROD-034,114,Distributor,Bandung Barat
S02582,2024-09-22,CUST-164,PROD-020,93,Traditional Trade,Sukabumi Kab.
S02583,2024-01-04,CUST-013,PROD-033,459,Distributor,Cianjur
S02584,2024-07-29,CUST-016,PROD-015,9,E-commerce,Cimahi
S02585,2024-08-07,CUST-133,PROD-007,72,Distributor,Cirebon Kab.
S02586,2024-08-15,CUST-038,PROD-024,345,Distributor,Purwakarta
S02587,2024-03-22,CUST-178,PROD-026,134,Traditional Trade,Karawang
S02588,2024-09-17,CUST-038,PROD-010,203,Distributor,Purwakarta
S02589,2024-02-04,CUST-103,PROD-015,82,Traditional Trade,Tasikmalaya
S02590,2024-03-11,CUST-056,PROD-037,48,Traditional Trade,Sumedang
S02591,2024-11-24,CUST-063,PROD-024,117,Traditional Trade,Purwakarta
S02592,2024-09-30,CUST-120,PROD-011,126,Modern Trade,Cimahi
S02593,2024-01-06,CUST-048,PROD-040,9,Traditional Trade,Depok
S02594,2024-03-23,CUST-105,PROD-021,426,Distributor,Sukabumi
S02595,2024-03-15,CUST-059,PROD-040,6,E-commerce,Tasikmalaya Kab.
S02596,2024-03-29,CUST-077,PROD-038,44,Modern Trade,Banjar
S02597,2024-03-23,CUST-172,PROD-015,321,Distributor,Kuningan
S02598,2024-01-24,CUST-127,PROD-015,18,Traditional Trade,Depok
S02599,2024-06-06,CUST-055,PROD-037,34,Modern Trade,Subang
S02600,2024-09-27,CUST-055,PROD-014,227,Modern Trade,Subang
S02601,2024-08-04,CUST-129,PROD-021,105,Traditional Trade,Sukabumi
S02602,2024-08-28,CUST-136,PROD-020,410,Distributor,Indramayu
S02603,2024-02-01,CUST-127,PROD-033,150,Traditional Trade,Depok
S02604,2024-12-17,CUST-132,PROD-003,50,E-commerce,Cimahi
S02605,2024-11-12,CUST-085,PROD-040,285,Modern Trade,Sukabumi Kab.
S02606,2024-11-02,CUST-115,PROD-023,139,Modern Trade,Cimahi
S02607,2024-11-08,CUST-181,PROD-023,26,E-commerce,Garut
S02608,2024-12-11,CUST-058,PROD-027,23,E-commerce,Sukabumi
S02609,2024-07-10,CUST-037,PROD-035,337,Distributor,Indramayu
S02610,2024-03-11,CUST-049,PROD-025,150,Modern Trade,Pangandaran
S02611,2024-08-08,CUST-067,PROD-032,13,E-commerce,Purwakarta
S02612,2024-10-02,CUST-019,PROD-022,149,Traditional Trade,Banjar
S02613,2024-09-30,CUST-129,PROD-008,31,Traditional Trade,Sukabumi
S02614,2024-07-01,CUST-029,PROD-038,149,Traditional Trade,Tasikmalaya Kab.
S02615,2024-01-27,CUST-087,PROD-018,267,Distributor,Subang
S02616,2024-04-24,CUST-033,PROD-028,471,Distributor,Majalengka
S02617,2024-12-07,CUST-119,PROD-028,18,Traditional Trade,Majalengka
S02618,2024-07-27,CUST-180,PROD-011,191,Distributor,Garut Kab.
S02619,2024-07-08,CUST-169,PROD-012,144,Traditional Trade,Ciamis
S02620,2024-03-29,CUST-151,PROD-002,73,Traditional Trade,Subang
S02621,2024-04-24,CUST-133,PROD-037,373,Distributor,Cirebon Kab.
S02622,2024-11-30,CUST-071,PROD-004,59,Traditional Trade,Bogor Kab.
S02623,2024-08-26,CUST-185,PROD-034,33,Traditional Trade,Karawang
S02624,2024-10-25,CUST-134,PROD-023,93,Traditional Trade,Bandung Barat
S02625,2024-06-04,CUST-177,PROD-013,49,Traditional Trade,Bogor Kab.
S02626,2024-08-13,CUST-022,PROD-007,181,Distributor,Cianjur
S02627,2024-03-23,CUST-077,PROD-032,75,Modern Trade,Banjar
S02628,2024-09-13,CUST-004,PROD-023,288,Modern Trade,Cirebon
S02629,2024-05-20,CUST-072,PROD-008,373,Distributor,Sumedang
S02630,2024-05-29,CUST-192,PROD-037,149,Traditional Trade,Cirebon
S02631,2024-08-20,CUST-165,PROD-034,10,Traditional Trade,Karawang
S02632,2024-12-12,CUST-159,PROD-029,91,Modern Trade,Garut Kab.
S02633,2024-01-25,CUST-165,PROD-037,127,Traditional Trade,Karawang
S02634,2024-11-08,CUST-128,PROD-023,39,E-commerce,Tasikmalaya Kab.
S02635,2024-04-04,CUST-045,PROD-038,109,Traditional Trade,Bogor
S02636,2024-05-30,CUST-136,PROD-029,339,Distributor,Indramayu
S02637,2024-01-09,CUST-168,PROD-005,40,E-commerce,Majalengka
S02638,2024-04-06,CUST-093,PROD-040,287,Distributor,Tasikmalaya
S02639,2024-06-23,CUST-005,PROD-011,58,Traditional Trade,Cimahi
S02640,2024-01-22,CUST-156,PROD-014,24,E-commerce,Kuningan
S02641,2024-06-19,CUST-104,PROD-002,18,E-commerce,Karawang
S02642,2024-12-09,CUST-081,PROD-035,103,Modern Trade,Sumedang
S02643,2024-02-09,CUST-087,PROD-035,370,Distributor,Subang
S02644,2024-10-13,CUST-137,PROD-028,23,E-commerce,Kuningan
S02645,2024-05-09,CUST-130,PROD-008,294,Modern Trade,Depok
S02646,2024-08-22,CUST-063,PROD-032,45,Traditional Trade,Purwakarta
S02647,2024-03-26,CUST-051,PROD-004,75,Modern Trade,Depok
S02648,2024-02-29,CUST-116,PROD-007,48,E-commerce,Cianjur
S02649,2024-02-29,CUST-113,PROD-039,180,Modern Trade,Bandung
S02650,2024-01-28,CUST-031,PROD-027,256,Modern Trade,Cirebon Kab.
S02651,2024-03-07,CUST-007,PROD-037,75,Modern Trade,Depok
S02652,2024-08-25,CUST-158,PROD-017,72,Traditional Trade,Depok
S02653,2024-11-26,CUST-186,PROD-010,38,Traditional Trade,Tasikmalaya
S02654,2024-11-05,CUST-003,PROD-004,1,E-commerce,Purwakarta
S02655,2024-09-02,CUST-051,PROD-023,160,Modern Trade,Depok
S02656,2024-02-11,CUST-056,PROD-014,138,Traditional Trade,Sumedang
S02657,2024-04-03,CUST-073,PROD-005,16,E-commerce,Cimahi
S02658,2024-04-08,CUST-010,PROD-002,2,E-commerce,Kuningan
S02659,2024-03-24,CUST-061,PROD-024,287,Distributor,Bandung Barat
S02660,2024-06-28,CUST-050,PROD-018,165,Distributor,Sukabumi
S02661,2024-07-07,CUST-122,PROD-027,80,Traditional Trade,Bogor
S02662,2024-04-21,CUST-175,PROD-024,292,Modern Trade,Purwakarta
S02663,2024-04-20,CUST-001,PROD-029,23,Traditional Trade,Depok
S02664,2024-11-09,CUST-185,PROD-011,32,Traditional Trade,Karawang
S02665,2024-10-26,CUST-038,PROD-018,84,Distributor,Purwakarta
S02666,2024-04-08,CUST-190,PROD-004,43,E-commerce,Cirebon Kab.
S02667,2024-12-05,CUST-079,PROD-033,4,E-commerce,Bogor Kab.
S02668,2024-12-17,CUST-089,PROD-014,250,Modern Trade,Purwakarta
S02669,2024-04-13,CUST-198,PROD-032,56,Distributor,Bandung
S02670,2024-04-20,CUST-082,PROD-004,46,Modern Trade,Tasikmalaya Kab.
S02671,2024-06-25,CUST-193,PROD-020,162,Modern Trade,Tasikmalaya Kab.
S02672,2024-12-14,CUST-190,PROD-021,41,E-commerce,Cirebon Kab.
S02673,2024-11-24,CUST-184,PROD-003,386,Distributor,Sukabumi Kab.
S02674,2024-02-08,CUST-067,PROD-025,41,E-commerce,Purwakarta
S02675,2024-04-30,CUST-017,PROD-004,146,Traditional Trade,Cianjur
S02676,2024-07-14,CUST-127,PROD-011,6,Traditional Trade,Depok
S02677,2024-06-24,CUST-112,PROD-016,92,Traditional Trade,Cianjur
S02678,2024-03-09,CUST-136,PROD-036,97,Distributor,Indramayu
S02679,2024-11-19,CUST-060,PROD-006,59,Traditional Trade,Pangandaran
S02680,2024-08-30,CUST-040,PROD-031,21,Modern Trade,Garut
S02681,2024-11-12,CUST-089,PROD-040,220,Modern Trade,Purwakarta
S02682,2024-11-19,CUST-190,PROD-013,47,E-commerce,Cirebon Kab.
S02683,2024-10-05,CUST-041,PROD-023,5,E-commerce,Cirebon Kab.
S02684,2024-05-27,CUST-140,PROD-004,1,E-commerce,Bekasi
S02685,2024-08-06,CUST-115,PROD-037,244,Modern Trade,Cimahi
S02686,2024-02-29,CUST-100,PROD-037,107,Traditional Trade,Pangandaran
S02687,2024-08-29,CUST-117,PROD-033,34,E-commerce,Cirebon
S02688,2024-03-05,CUST-182,PROD-029,116,Traditional Trade,Banjar
S02689,2024-09-07,CUST-089,PROD-037,196,Modern Trade,Purwakarta
S02690,2024-03-18,CUST-093,PROD-019,499,Distributor,Tasikmalaya
S02691,2024-02-14,CUST-139,PROD-020,103,Traditional Trade,Cianjur
S02692,2024-03-02,CUST-060,PROD-032,61,Traditional Trade,Pangandaran
S02693,2024-01-01,CUST-068,PROD-016,48,E-commerce,Bogor
S02694,2024-09-20,CUST-078,PROD-005,31,Modern Trade,Sukabumi Kab.
S02695,2024-09-27,CUST-046,PROD-012,117,Distributor,Bekasi
S02696,2024-06-28,CUST-038,PROD-021,441,Distributor,Purwakarta
S02697,2024-03-01,CUST-189,PROD-014,1,E-commerce,Cirebon Kab.
S02698,2024-02-01,CUST-017,PROD-037,40,Traditional Trade,Cianjur
S02699,2024-01-08,CUST-066,PROD-022,226,Modern Trade,Cimahi
S02700,2024-03-02,CUST-200,PROD-030,29,E-commerce,Garut Kab.
S02701,2024-11-28,CUST-036,PROD-023,60,Traditional Trade,Sukabumi Kab.
S02702,2024-03-22,CUST-074,PROD-005,18,E-commerce,Bogor Kab.
S02703,2024-04-20,CUST-007,PROD-029,221,Modern Trade,Depok
S02704,2024-02-09,CUST-016,PROD-030,46,E-commerce,Cimahi
S02705,2024-03-17,CUST-014,PROD-018,48,Traditional Trade,Pangandaran
S02706,2024-06-30,CUST-080,PROD-001,480,Distributor,Banjar
S02707,2024-08-05,CUST-025,PROD-039,35,Traditional Trade,Bandung Barat
S02708,2024-03-23,CUST-105,PROD-017,246,Distributor,Sukabumi
S02709,2024-01-23,CUST-004,PROD-003,83,Modern Trade,Cirebon
S02710,2024-04-29,CUST-157,PROD-007,128,Traditional Trade,Subang
S02711,2024-03-20,CUST-127,PROD-027,20,Traditional Trade,Depok
S02712,2024-03-16,CUST-056,PROD-028,72,Traditional Trade,Sumedang
S02713,2024-12-19,CUST-006,PROD-031,123,Traditional Trade,Pangandaran
S02714,2024-08-08,CUST-129,PROD-015,73,Traditional Trade,Sukabumi
S02715,2024-07-15,CUST-167,PROD-008,51,Modern Trade,Depok
S02716,2024-05-13,CUST-129,PROD-006,114,Traditional Trade,Sukabumi
S02717,2024-05-21,CUST-115,PROD-028,50,Modern Trade,Cimahi
S02718,2024-07-09,CUST-191,PROD-004,355,Distributor,Ciamis
S02719,2024-09-08,CUST-057,PROD-030,15,Modern Trade,Tasikmalaya Kab.
S02720,2024-09-11,CUST-195,PROD-017,79,Traditional Trade,Tasikmalaya
S02721,2024-03-03,CUST-065,PROD-034,190,Modern Trade,Cirebon Kab.
S02722,2024-06-22,CUST-065,PROD-006,282,Modern Trade,Cirebon Kab.
S02723,2024-05-11,CUST-103,PROD-036,109,Traditional Trade,Tasikmalaya
S02724,2024-11-22,CUST-021,PROD-035,194,Modern Trade,Bandung Barat
S02725,2024-08-13,CUST-158,PROD-039,71,Traditional Trade,Depok
S02726,2024-07-06,CUST-033,PROD-039,193,Distributor,Majalengka
S02727,2024-02-13,CUST-176,PROD-016,109,Modern Trade,Cirebon
S02728,2024-08-04,CUST-022,PROD-002,139,Distributor,Cianjur
S02729,2024-02-14,CUST-182,PROD-008,85,Traditional Trade,Banjar
S02730,2024-04-15,CUST-110,PROD-015,124,Modern Trade,Depok
S02731,2024-02-23,CUST-004,PROD-027,285,Modern Trade,Cirebon
S02732,2024-09-06,CUST-183,PROD-016,84,Traditional Trade,Bandung Barat
S02733,2024-03-12,CUST-172,PROD-001,105,Distributor,Kuningan
S02734,2024-04-30,CUST-140,PROD-010,49,E-commerce,Bekasi
S02735,2024-11-30,CUST-074,PROD-007,4,E-commerce,Bogor Kab.
S02736,2024-03-12,CUST-119,PROD-010,22,Traditional Trade,Majalengka
S02737,2024-06-26,CUST-180,PROD-012,341,Distributor,Garut Kab.
S02738,2024-05-15,CUST-093,PROD-017,422,Distributor,Tasikmalaya
S02739,2024-01-07,CUST-065,PROD-012,300,Modern Trade,Cirebon Kab.
S02740,2024-10-28,CUST-065,PROD-015,39,Modern Trade,Cirebon Kab.
S02741,2024-01-27,CUST-010,PROD-032,18,E-commerce,Kuningan
S02742,2024-06-12,CUST-146,PROD-032,21,E-commerce,Bogor
S02743,2024-07-17,CUST-047,PROD-026,178,Modern Trade,Garut
S02744,2024-08-12,CUST-066,PROD-014,167,Modern Trade,Cimahi
S02745,2024-09-04,CUST-049,PROD-026,65,Modern Trade,Pangandaran
S02746,2024-03-25,CUST-200,PROD-005,15,E-commerce,Garut Kab.
S02747,2024-01-04,CUST-022,PROD-038,474,Distributor,Cianjur
S02748,2024-09-22,CUST-086,PROD-004,146,Traditional Trade,Bogor Kab.
S02749,2024-07-07,CUST-026,PROD-028,21,E-commerce,Pangandaran
S02750,2024-11-12,CUST-137,PROD-001,34,E-commerce,Kuningan
S02751,2024-11-07,CUST-149,PROD-013,26,E-commerce,Bekasi
S02752,2024-11-14,CUST-095,PROD-003,25,E-commerce,Pangandaran
S02753,2024-06-16,CUST-191,PROD-025,227,Distributor,Ciamis
S02754,2024-04-15,CUST-107,PROD-016,113,Traditional Trade,Karawang
S02755,2024-10-28,CUST-134,PROD-021,99,Traditional Trade,Bandung Barat
S02756,2024-06-03,CUST-014,PROD-013,57,Traditional Trade,Pangandaran
S02757,2024-03-06,CUST-161,PROD-036,79,Modern Trade,Purwakarta
S02758,2024-11-17,CUST-071,PROD-008,136,Traditional Trade,Bogor Kab.
S02759,2024-11-26,CUST-152,PROD-019,457,Distributor,Bogor
S02760,2024-06-09,CUST-075,PROD-016,464,Distributor,Bandung Barat
S02761,2024-01-30,CUST-120,PROD-012,222,Modern Trade,Cimahi
S02762,2024-04-29,CUST-112,PROD-020,93,Traditional Trade,Cianjur
S02763,2024-11-02,CUST-051,PROD-018,73,Modern Trade,Depok
S02764,2024-12-02,CUST-130,PROD-012,44,Modern Trade,Depok
S02765,2024-03-12,CUST-143,PROD-025,61,Distributor,Cimahi
S02766,2024-01-26,CUST-163,PROD-011,94,Traditional Trade,Tasikmalaya Kab.
S02767,2024-11-24,CUST-036,PROD-022,59,Traditional Trade,Sukabumi Kab.
S02768,2024-04-29,CUST-118,PROD-034,48,E-commerce,Garut
S02769,2024-07-09,CUST-167,PROD-013,100,Modern Trade,Depok
S02770,2024-12-22,CUST-004,PROD-038,38,Modern Trade,Cirebon
S02771,2024-01-26,CUST-192,PROD-012,16,Traditional Trade,Cirebon
S02772,2024-08-19,CUST-006,PROD-039,141,Traditional Trade,Pangandaran
S02773,2024-01-29,CUST-185,PROD-036,86,Traditional Trade,Karawang
S02774,2024-04-25,CUST-158,PROD-028,7,Traditional Trade,Depok
S02775,2024-11-02,CUST-110,PROD-027,96,Modern Trade,Depok
S02776,2024-05-24,CUST-099,PROD-039,92,Traditional Trade,Purwakarta
S02777,2024-12-31,CUST-122,PROD-013,57,Traditional Trade,Bogor
S02778,2024-07-16,CUST-117,PROD-040,37,E-commerce,Cirebon
S02779,2024-04-11,CUST-096,PROD-027,278,Distributor,Indramayu
S02780,2024-03-16,CUST-067,PROD-031,4,E-commerce,Purwakarta
S02781,2024-04-19,CUST-120,PROD-002,66,Modern Trade,Cimahi
S02782,2024-04-25,CUST-015,PROD-018,28,E-commerce,Bogor Kab.
S02783,2024-01-27,CUST-017,PROD-026,20,Traditional Trade,Cianjur
S02784,2024-04-24,CUST-018,PROD-031,17,Traditional Trade,Bogor
S02785,2024-06-08,CUST-115,PROD-038,209,Modern Trade,Cimahi
S02786,2024-09-22,CUST-147,PROD-022,48,E-commerce,Bandung
S02787,2024-08-22,CUST-076,PROD-036,330,Distributor,Bekasi Kab.
S02788,2024-09-15,CUST-088,PROD-019,371,Distributor,Indramayu
S02789,2024-01-04,CUST-197,PROD-014,207,Distributor,Bandung
S02790,2024-03-15,CUST-152,PROD-014,409,Distributor,Bogor
S02791,2024-08-24,CUST-091,PROD-029,268,Modern Trade,Subang
S02792,2024-06-16,CUST-048,PROD-017,98,Traditional Trade,Depok
S02793,2024-01-03,CUST-158,PROD-037,15,Traditional Trade,Depok
S02794,2024-11-02,CUST-015,PROD-009,21,E-commerce,Bogor Kab.
S02795,2024-10-18,CUST-175,PROD-001,136,Modern Trade,Purwakarta
S02796,2024-07-12,CUST-123,PROD-004,27,E-commerce,Bandung
S02797,2024-01-26,CUST-127,PROD-007,99,Traditional Trade,Depok
S02798,2024-10-15,CUST-172,PROD-011,399,Distributor,Kuningan
S02799,2024-07-26,CUST-098,PROD-014,121,Modern Trade,Sumedang
S02800,2024-10-23,CUST-155,PROD-019,283,Distributor,Tasikmalaya Kab.
S02801,2024-10-07,CUST-084,PROD-040,43,Modern Trade,Bandung Barat
S02802,2024-11-02,CUST-192,PROD-003,84,Traditional Trade,Cirebon
S02803,2024-06-30,CUST-041,PROD-008,27,E-commerce,Cirebon Kab.
S02804,2024-02-22,CUST-096,PROD-029,132,Distributor,Indramayu
S02805,2024-08-28,CUST-068,PROD-037,29,E-commerce,Bogor
S02806,2024-08-09,CUST-005,PROD-009,135,Traditional Trade,Cimahi
S02807,2024-10-02,CUST-053,PROD-019,15,Traditional Trade,Bogor Kab.
S02808,2024-03-03,CUST-122,PROD-012,140,Traditional Trade,Bogor
S02809,2024-03-09,CUST-136,PROD-027,111,Distributor,Indramayu
S02810,2024-11-28,CUST-022,PROD-037,408,Distributor,Cianjur
S02811,2024-10-06,CUST-106,PROD-025,82,Distributor,Purwakarta
S02812,2024-12-04,CUST-007,PROD-038,145,Modern Trade,Depok
S02813,2024-10-11,CUST-150,PROD-017,92,Traditional Trade,Purwakarta
S02814,2024-08-01,CUST-046,PROD-033,459,Distributor,Bekasi
S02815,2024-08-21,CUST-030,PROD-039,26,E-commerce,Banjar
S02816,2024-11-28,CUST-126,PROD-014,21,Traditional Trade,Sukabumi Kab.
S02817,2024-07-24,CUST-101,PROD-028,100,Modern Trade,Cianjur
S02818,2024-08-13,CUST-144,PROD-018,47,Traditional Trade,Banjar
S02819,2024-02-28,CUST-079,PROD-033,39,E-commerce,Bogor Kab.
S02820,2024-06-12,CUST-133,PROD-015,302,Distributor,Cirebon Kab.
S02821,2024-09-18,CUST-067,PROD-011,9,E-commerce,Purwakarta
S02822,2024-03-29,CUST-023,PROD-036,9,Traditional Trade,Cirebon Kab.
S02823,2024-03-11,CUST-189,PROD-015,50,E-commerce,Cirebon Kab.
S02824,2024-04-09,CUST-074,PROD-030,30,E-commerce,Bogor Kab.
S02825,2024-03-22,CUST-005,PROD-015,60,Traditional Trade,Cimahi
S02826,2024-03-15,CUST-151,PROD-023,61,Traditional Trade,Subang
S02827,2024-05-19,CUST-082,PROD-015,229,Modern Trade,Tasikmalaya Kab.
S02828,2024-12-04,CUST-025,PROD-029,76,Traditional Trade,Bandung Barat
S02829,2024-06-25,CUST-008,PROD-011,229,Modern Trade,Tasikmalaya Kab.
S02830,2024-03-08,CUST-149,PROD-018,36,E-commerce,Bekasi
S02831,2024-01-30,CUST-002,PROD-040,33,E-commerce,Ciamis
S02832,2024-09-08,CUST-022,PROD-031,439,Distributor,Cianjur
S02833,2024-04-27,CUST-072,PROD-009,297,Distributor,Sumedang
S02834,2024-11-07,CUST-087,PROD-022,420,Distributor,Subang
S02835,2024-08-23,CUST-072,PROD-011,120,Distributor,Sumedang
S02836,2024-10-30,CUST-068,PROD-017,45,E-commerce,Bogor
S02837,2024-03-30,CUST-064,PROD-033,96,Traditional Trade,Depok
S02838,2024-09-06,CUST-094,PROD-011,440,Distributor,Cimahi
S02839,2024-03-27,CUST-019,PROD-039,109,Traditional Trade,Banjar
S02840,2024-12-13,CUST-128,PROD-008,1,E-commerce,Tasikmalaya Kab.
S02841,2024-08-15,CUST-087,PROD-004,294,Distributor,Subang
S02842,2024-04-12,CUST-082,PROD-036,33,Modern Trade,Tasikmalaya Kab.
S02843,2024-03-29,CUST-181,PROD-019,45,E-commerce,Garut
S02844,2024-03-08,CUST-087,PROD-024,238,Distributor,Subang
S02845,2024-09-07,CUST-097,PROD-018,121,Traditional Trade,Karawang
S02846,2024-03-16,CUST-052,PROD-033,465,Distributor,Sumedang
S02847,2024-07-31,CUST-175,PROD-036,295,Modern Trade,Purwakarta
S02848,2024-03-28,CUST-082,PROD-010,92,Modern Trade,Tasikmalaya Kab.
S02849,2024-08-24,CUST-182,PROD-014,118,Traditional Trade,Banjar
S02850,2024-11-05,CUST-172,PROD-007,401,Distributor,Kuningan
S02851,2024-10-21,CUST-097,PROD-012,91,Traditional Trade,Karawang
S02852,2024-10-12,CUST-135,PROD-022,228,Modern Trade,Bandung
S02853,2024-03-08,CUST-115,PROD-027,227,Modern Trade,Cimahi
S02854,2024-02-03,CUST-092,PROD-037,71,Traditional Trade,Kuningan
S02855,2024-09-09,CUST-001,PROD-011,35,Traditional Trade,Depok
S02856,2024-04-24,CUST-063,PROD-036,70,Traditional Trade,Purwakarta
S02857,2024-05-23,CUST-167,PROD-013,259,Modern Trade,Depok
S02858,2024-01-12,CUST-019,PROD-032,58,Traditional Trade,Banjar
S02859,2024-03-26,CUST-031,PROD-008,19,Modern Trade,Cirebon Kab.
S02860,2024-01-13,CUST-077,PROD-007,175,Modern Trade,Banjar
S02861,2024-11-25,CUST-121,PROD-017,19,E-commerce,Bogor
S02862,2024-03-22,CUST-024,PROD-022,294,Modern Trade,Bekasi Kab.
S02863,2024-07-16,CUST-069,PROD-034,202,Distributor,Subang
S02864,2024-01-15,CUST-193,PROD-020,41,Modern Trade,Tasikmalaya Kab.
S02865,2024-08-26,CUST-161,PROD-008,26,Modern Trade,Purwakarta
S02866,2024-04-12,CUST-059,PROD-022,45,E-commerce,Tasikmalaya Kab.
S02867,2024-12-01,CUST-114,PROD-027,354,Distributor,Cirebon Kab.
S02868,2024-11-28,CUST-161,PROD-034,155,Modern Trade,Purwakarta
S02869,2024-04-12,CUST-160,PROD-021,79,Traditional Trade,Sukabumi
S02870,2024-12-01,CUST-187,PROD-015,133,Modern Trade,Pangandaran
S02871,2024-12-30,CUST-101,PROD-005,61,Modern Trade,Cianjur
S02872,2024-11-09,CUST-169,PROD-038,145,Traditional Trade,Ciamis
S02873,2024-11-14,CUST-012,PROD-017,92,Traditional Trade,Cirebon
S02874,2024-03-24,CUST-119,PROD-008,88,Traditional Trade,Majalengka
S02875,2024-07-23,CUST-139,PROD-019,110,Traditional Trade,Cianjur
S02876,2024-01-26,CUST-097,PROD-005,96,Traditional Trade,Karawang
S02877,2024-02-06,CUST-147,PROD-023,35,E-commerce,Bandung
S02878,2024-12-31,CUST-182,PROD-019,25,Traditional Trade,Banjar
S02879,2024-04-13,CUST-057,PROD-014,15,Modern Trade,Tasikmalaya Kab.
S02880,2024-10-05,CUST-042,PROD-010,57,Traditional Trade,Kuningan
S02881,2024-11-03,CUST-098,PROD-031,96,Modern Trade,Sumedang
S02882,2024-11-18,CUST-199,PROD-013,90,Traditional Trade,Tasikmalaya
S02883,2024-12-31,CUST-031,PROD-022,255,Modern Trade,Cirebon Kab.
S02884,2024-03-22,CUST-180,PROD-037,223,Distributor,Garut Kab.
S02885,2024-01-16,CUST-002,PROD-039,43,E-commerce,Ciamis
S02886,2024-05-10,CUST-166,PROD-010,122,Modern Trade,Garut
S02887,2024-02-18,CUST-032,PROD-031,120,Distributor,Tasikmalaya
S02888,2024-01-09,CUST-138,PROD-035,167,Modern Trade,Kuningan
S02889,2024-04-22,CUST-105,PROD-013,348,Distributor,Sukabumi
S02890,2024-10-24,CUST-136,PROD-030,286,Distributor,Indramayu
S02891,2024-07-19,CUST-075,PROD-034,236,Distributor,Bandung Barat
S02892,2024-04-09,CUST-105,PROD-036,292,Distributor,Sukabumi
S02893,2024-08-21,CUST-148,PROD-035,38,E-commerce,Bogor
S02894,2024-03-19,CUST-148,PROD-004,34,E-commerce,Bogor
S02895,2024-01-06,CUST-127,PROD-004,50,Traditional Trade,Depok
S02896,2024-10-13,CUST-009,PROD-006,36,Traditional Trade,Garut
S02897,2024-08-10,CUST-200,PROD-028,16,E-commerce,Garut Kab.
S02898,2024-10-12,CUST-015,PROD-030,39,E-commerce,Bogor Kab.
S02899,2024-01-15,CUST-097,PROD-027,5,Traditional Trade,Karawang
S02900,2024-11-12,CUST-105,PROD-005,282,Distributor,Sukabumi
S02901,2024-08-09,CUST-063,PROD-039,24,Traditional Trade,Purwakarta
S02902,2024-07-18,CUST-021,PROD-035,219,Modern Trade,Bandung Barat
S02903,2024-08-11,CUST-005,PROD-039,76,Traditional Trade,Cimahi
S02904,2024-11-20,CUST-125,PROD-015,34,E-commerce,Bekasi
S02905,2024-07-28,CUST-163,PROD-019,15,Traditional Trade,Tasikmalaya Kab.
S02906,2024-07-25,CUST-085,PROD-030,275,Modern Trade,Sukabumi Kab.
S02907,2024-12-29,CUST-196,PROD-038,12,Traditional Trade,Depok
S02908,2024-10-09,CUST-113,PROD-032,284,Modern Trade,Bandung
S02909,2024-05-29,CUST-176,PROD-040,202,Modern Trade,Cirebon
S02910,2024-09-14,CUST-080,PROD-029,360,Distributor,Banjar
S02911,2024-04-29,CUST-190,PROD-006,3,E-commerce,Cirebon Kab.
S02912,2024-03-18,CUST-116,PROD-026,44,E-commerce,Cianjur
S02913,2024-08-01,CUST-163,PROD-027,100,Traditional Trade,Tasikmalaya Kab.
S02914,2024-12-10,CUST-198,PROD-035,353,Distributor,Bandung
S02915,2024-12-10,CUST-097,PROD-028,58,Traditional Trade,Karawang
S02916,2024-04-17,CUST-021,PROD-005,101,Modern Trade,Bandung Barat
S02917,2024-07-04,CUST-080,PROD-016,461,Distributor,Banjar
S02918,2024-03-14,CUST-039,PROD-018,148,Traditional Trade,Purwakarta
S02919,2024-12-30,CUST-162,PROD-013,55,Traditional Trade,Purwakarta
S02920,2024-12-26,CUST-121,PROD-025,33,E-commerce,Bogor
S02921,2024-08-20,CUST-124,PROD-010,25,E-commerce,Garut Kab.
S02922,2024-11-02,CUST-143,PROD-029,67,Distributor,Cimahi
S02923,2024-09-18,CUST-006,PROD-010,130,Traditional Trade,Pangandaran
S02924,2024-07-30,CUST-194,PROD-006,163,Modern Trade,Kuningan
S02925,2024-01-21,CUST-056,PROD-016,10,Traditional Trade,Sumedang
S02926,2024-06-04,CUST-049,PROD-025,97,Modern Trade,Pangandaran
S02927,2024-08-29,CUST-092,PROD-004,17,Traditional Trade,Kuningan
S02928,2024-08-30,CUST-129,PROD-037,69,Traditional Trade,Sukabumi
S02929,2024-04-25,CUST-065,PROD-034,175,Modern Trade,Cirebon Kab.
S02930,2024-12-14,CUST-028,PROD-019,73,Modern Trade,Cirebon Kab.
S02931,2024-03-02,CUST-100,PROD-033,18,Traditional Trade,Pangandaran
S02932,2024-06-23,CUST-148,PROD-004,17,E-commerce,Bogor
S02933,2024-09-05,CUST-176,PROD-034,278,Modern Trade,Cirebon
S02934,2024-09-08,CUST-072,PROD-012,378,Distributor,Sumedang
S02935,2024-08-19,CUST-065,PROD-031,15,Modern Trade,Cirebon Kab.
S02936,2024-03-30,CUST-051,PROD-016,130,Modern Trade,Depok
S02937,2024-02-28,CUST-171,PROD-002,98,Traditional Trade,Bekasi
S02938,2024-08-15,CUST-049,PROD-002,141,Modern Trade,Pangandaran
S02939,2024-08-01,CUST-153,PROD-036,339,Distributor,Bandung
S02940,2024-03-05,CUST-074,PROD-006,2,E-commerce,Bogor Kab.
S02941,2024-09-13,CUST-169,PROD-023,46,Traditional Trade,Ciamis
S02942,2024-06-04,CUST-199,PROD-039,82,Traditional Trade,Tasikmalaya
S02943,2024-08-26,CUST-192,PROD-037,68,Traditional Trade,Cirebon
S02944,2024-11-12,CUST-189,PROD-016,17,E-commerce,Cirebon Kab.
S02945,2024-03-03,CUST-012,PROD-019,122,Traditional Trade,Cirebon
S02946,2024-01-08,CUST-104,PROD-024,30,E-commerce,Karawang
S02947,2024-10-21,CUST-081,PROD-027,180,Modern Trade,Sumedang
S02948,2024-08-05,CUST-197,PROD-007,142,Distributor,Bandung
S02949,2024-09-10,CUST-127,PROD-030,11,Traditional Trade,Depok
S02950,2024-11-12,CUST-014,PROD-014,27,Traditional Trade,Pangandaran
S02951,2024-11-02,CUST-034,PROD-015,151,Modern Trade,Garut Kab.
S02952,2024-12-20,CUST-048,PROD-012,120,Traditional Trade,Depok
S02953,2024-07-07,CUST-061,PROD-029,130,Distributor,Bandung Barat
S02954,2024-06-18,CUST-035,PROD-023,465,Distributor,Garut Kab.
S02955,2024-05-05,CUST-119,PROD-013,29,Traditional Trade,Majalengka
S02956,2024-02-27,CUST-065,PROD-009,124,Modern Trade,Cirebon Kab.
S02957,2024-07-22,CUST-059,PROD-024,30,E-commerce,Tasikmalaya Kab.
S02958,2024-03-31,CUST-036,PROD-039,53,Traditional Trade,Sukabumi Kab.
S02959,2024-12-08,CUST-147,PROD-030,27,E-commerce,Bandung
S02960,2024-07-26,CUST-042,PROD-001,99,Traditional Trade,Kuningan
S02961,2024-07-30,CUST-069,PROD-010,222,Distributor,Subang
S02962,2024-04-20,CUST-147,PROD-038,26,E-commerce,Bandung
S02963,2024-01-20,CUST-107,PROD-015,18,Traditional Trade,Karawang
S02964,2024-01-13,CUST-039,PROD-009,126,Traditional Trade,Purwakarta
S02965,2024-05-18,CUST-069,PROD-013,353,Distributor,Subang
S02966,2024-02-02,CUST-180,PROD-023,177,Distributor,Garut Kab.
S02967,2024-08-04,CUST-012,PROD-033,89,Traditional Trade,Cirebon
S02968,2024-11-25,CUST-083,PROD-009,141,Distributor,Cirebon Kab.
S02969,2024-11-26,CUST-175,PROD-003,280,Modern Trade,Purwakarta
S02970,2024-08-23,CUST-036,PROD-030,55,Traditional Trade,Sukabumi Kab.
S02971,2024-03-14,CUST-126,PROD-009,58,Traditional Trade,Sukabumi Kab.
S02972,2024-11-20,CUST-063,PROD-025,143,Traditional Trade,Purwakarta
S02973,2024-11-27,CUST-076,PROD-024,157,Distributor,Bekasi Kab.
S02974,2024-03-10,CUST-082,PROD-032,37,Modern Trade,Tasikmalaya Kab.
S02975,2024-09-29,CUST-051,PROD-007,206,Modern Trade,Depok
S02976,2024-04-02,CUST-043,PROD-036,209,Modern Trade,Ciamis
S02977,2024-11-02,CUST-034,PROD-025,163,Modern Trade,Garut Kab.
S02978,2024-12-31,CUST-097,PROD-020,132,Traditional Trade,Karawang
S02979,2024-01-12,CUST-049,PROD-017,79,Modern Trade,Pangandaran
S02980,2024-11-30,CUST-146,PROD-036,32,E-commerce,Bogor
S02981,2024-08-10,CUST-125,PROD-026,48,E-commerce,Bekasi
S02982,2024-12-23,CUST-189,PROD-019,32,E-commerce,Cirebon Kab.
S02983,2024-06-08,CUST-057,PROD-037,112,Modern Trade,Tasikmalaya Kab.
S02984,2024-11-15,CUST-093,PROD-003,285,Distributor,Tasikmalaya
S02985,2024-01-24,CUST-109,PROD-028,91,Traditional Trade,Tasikmalaya
S02986,2024-04-15,CUST-005,PROD-022,109,Traditional Trade,Cimahi
S02987,2024-01-26,CUST-024,PROD-019,118,Modern Trade,Bekasi Kab.
S02988,2024-12-24,CUST-192,PROD-016,85,Traditional Trade,Cirebon
S02989,2024-11-06,CUST-059,PROD-006,45,E-commerce,Tasikmalaya Kab.
S02990,2024-11-17,CUST-038,PROD-037,417,Distributor,Purwakarta
S02991,2024-12-13,CUST-161,PROD-031,264,Modern Trade,Purwakarta
S02992,2024-02-02,CUST-010,PROD-034,1,E-commerce,Kuningan
S02993,2024-04-28,CUST-165,PROD-031,75,Traditional Trade,Karawang
S02994,2024-01-28,CUST-126,PROD-011,17,Traditional Trade,Sukabumi Kab.
S02995,2024-03-14,CUST-011,PROD-036,82,Traditional Trade,Cirebon
S02996,2024-03-18,CUST-024,PROD-006,218,Modern Trade,Bekasi Kab.
S02997,2024-06-10,CUST-088,PROD-027,225,Distributor,Indramayu
S02998,2024-03-29,CUST-199,PROD-007,129,Traditional Trade,Tasikmalaya
S02999,2024-02-08,CUST-114,PROD-032,482,Distributor,Cirebon Kab.
S03000,2024-03-02,CUST-021,PROD-008,107,Modern Trade,Bandung Barat
S03001,2024-02-25,CUST-148,PROD-033,27,E-commerce,Bogor
S03002,2024-12-23,CUST-010,PROD-015,25,E-commerce,Kuningan
S03003,2024-10-11,CUST-175,PROD-027,261,Modern Trade,Purwakarta
S03004,2024-12-22,CUST-175,PROD-030,108,Modern Trade,Purwakarta
S03005,2024-05-28,CUST-143,PROD-022,378,Distributor,Cimahi
S03006,2024-03-31,CUST-172,PROD-029,375,Distributor,Kuningan
S03007,2024-10-31,CUST-190,PROD-030,26,E-commerce,Cirebon Kab.
S03008,2024-04-13,CUST-134,PROD-002,43,Traditional Trade,Bandung Barat
S03009,2024-04-06,CUST-066,PROD-015,292,Modern Trade,Cimahi
S03010,2024-03-19,CUST-122,PROD-027,44,Traditional Trade,Bogor
S03011,2024-02-18,CUST-132,PROD-007,31,E-commerce,Cimahi
S03012,2024-03-25,CUST-023,PROD-027,135,Traditional Trade,Cirebon Kab.
S03013,2024-04-20,CUST-013,PROD-021,265,Distributor,Cianjur
S03014,2024-08-29,CUST-159,PROD-013,24,Modern Trade,Garut Kab.
S03015,2024-01-24,CUST-016,PROD-017,6,E-commerce,Cimahi
S03016,2024-03-14,CUST-041,PROD-011,11,E-commerce,Cirebon Kab.
S03017,2024-11-04,CUST-001,PROD-010,34,Traditional Trade,Depok
S03018,2024-02-25,CUST-111,PROD-033,340,Distributor,Sukabumi
S03019,2024-04-17,CUST-012,PROD-014,116,Traditional Trade,Cirebon
S03020,2024-11-20,CUST-119,PROD-037,47,Traditional Trade,Majalengka
S03021,2024-02-27,CUST-184,PROD-008,494,Distributor,Sukabumi Kab.
S03022,2024-02-01,CUST-178,PROD-033,97,Traditional Trade,Karawang
S03023,2024-06-16,CUST-020,PROD-007,123,Traditional Trade,Pangandaran
S03024,2024-04-06,CUST-194,PROD-034,268,Modern Trade,Kuningan
S03025,2024-07-18,CUST-036,PROD-007,94,Traditional Trade,Sukabumi Kab.
S03026,2024-11-02,CUST-079,PROD-007,14,E-commerce,Bogor Kab.
S03027,2024-02-21,CUST-166,PROD-036,94,Modern Trade,Garut
S03028,2024-07-25,CUST-150,PROD-007,128,Traditional Trade,Purwakarta
S03029,2024-06-25,CUST-108,PROD-020,81,Traditional Trade,Bandung
S03030,2024-02-24,CUST-189,PROD-018,41,E-commerce,Cirebon Kab.
S03031,2024-08-10,CUST-178,PROD-014,57,Traditional Trade,Karawang
S03032,2024-03-30,CUST-096,PROD-040,349,Distributor,Indramayu
S03033,2024-06-17,CUST-059,PROD-014,46,E-commerce,Tasikmalaya Kab.
S03034,2024-02-01,CUST-020,PROD-021,41,Traditional Trade,Pangandaran
S03035,2024-06-06,CUST-164,PROD-027,42,Traditional Trade,Sukabumi Kab.
S03036,2024-04-07,CUST-126,PROD-026,113,Traditional Trade,Sukabumi Kab.
S03037,2024-11-08,CUST-097,PROD-027,113,Traditional Trade,Karawang
S03038,2024-01-22,CUST-143,PROD-024,137,Distributor,Cimahi
S03039,2024-05-15,CUST-062,PROD-005,38,E-commerce,Ciamis
S03040,2024-06-06,CUST-131,PROD-038,15,Traditional Trade,Sukabumi
S03041,2024-09-23,CUST-093,PROD-028,142,Distributor,Tasikmalaya
S03042,2024-07-22,CUST-091,PROD-032,182,Modern Trade,Subang
S03043,2024-08-26,CUST-133,PROD-024,113,Distributor,Cirebon Kab.
S03044,2024-10-20,CUST-123,PROD-006,44,E-commerce,Bandung
S03045,2024-11-20,CUST-184,PROD-010,175,Distributor,Sukabumi Kab.
S03046,2024-04-09,CUST-159,PROD-003,239,Modern Trade,Garut Kab.
S03047,2024-07-08,CUST-086,PROD-007,109,Traditional Trade,Bogor Kab.
S03048,2024-11-13,CUST-163,PROD-029,66,Traditional Trade,Tasikmalaya Kab.
S03049,2024-12-28,CUST-118,PROD-034,48,E-commerce,Garut
S03050,2024-11-28,CUST-199,PROD-007,65,Traditional Trade,Tasikmalaya
S03051,2024-04-24,CUST-198,PROD-017,395,Distributor,Bandung
S03052,2024-03-10,CUST-026,PROD-013,12,E-commerce,Pangandaran
S03053,2024-06-18,CUST-118,PROD-021,18,E-commerce,Garut
S03054,2024-10-02,CUST-001,PROD-031,141,Traditional Trade,Depok
S03055,2024-06-19,CUST-007,PROD-009,204,Modern Trade,Depok
S03056,2024-06-16,CUST-164,PROD-013,78,Traditional Trade,Sukabumi Kab.
S03057,2024-11-12,CUST-076,PROD-017,412,Distributor,Bekasi Kab.
S03058,2024-04-22,CUST-087,PROD-008,435,Distributor,Subang
S03059,2024-11-19,CUST-153,PROD-009,185,Distributor,Bandung
S03060,2024-05-08,CUST-094,PROD-009,421,Distributor,Cimahi
S03061,2024-04-13,CUST-187,PROD-040,52,Modern Trade,Pangandaran
S03062,2024-06-04,CUST-061,PROD-030,451,Distributor,Bandung Barat
S03063,2024-10-12,CUST-029,PROD-007,43,Traditional Trade,Tasikmalaya Kab.
S03064,2024-02-17,CUST-095,PROD-017,31,E-commerce,Pangandaran
S03065,2024-03-10,CUST-018,PROD-039,146,Traditional Trade,Bogor
S03066,2024-12-17,CUST-041,PROD-038,39,E-commerce,Cirebon Kab.
S03067,2024-03-04,CUST-147,PROD-005,33,E-commerce,Bandung
S03068,2024-07-20,CUST-132,PROD-017,29,E-commerce,Cimahi
S03069,2024-07-24,CUST-193,PROD-040,53,Modern Trade,Tasikmalaya Kab.
S03070,2024-06-18,CUST-041,PROD-001,33,E-commerce,Cirebon Kab.
S03071,2024-08-18,CUST-123,PROD-016,35,E-commerce,Bandung
S03072,2024-03-19,CUST-143,PROD-017,51,Distributor,Cimahi
S03073,2024-07-14,CUST-182,PROD-030,40,Traditional Trade,Banjar
S03074,2024-04-25,CUST-192,PROD-031,59,Traditional Trade,Cirebon
S03075,2024-08-24,CUST-200,PROD-035,50,E-commerce,Garut Kab.
S03076,2024-02-22,CUST-143,PROD-008,392,Distributor,Cimahi
S03077,2024-07-21,CUST-178,PROD-030,73,Traditional Trade,Karawang
S03078,2024-03-07,CUST-022,PROD-039,416,Distributor,Cianjur
S03079,2024-03-31,CUST-146,PROD-021,16,E-commerce,Bogor
S03080,2024-03-16,CUST-080,PROD-015,345,Distributor,Banjar
S03081,2024-03-06,CUST-130,PROD-034,33,Modern Trade,Depok
S03082,2024-11-09,CUST-036,PROD-027,121,Traditional Trade,Sukabumi Kab.
S03083,2024-04-02,CUST-020,PROD-002,108,Traditional Trade,Pangandaran
S03084,2024-12-09,CUST-144,PROD-010,66,Traditional Trade,Banjar
S03085,2024-12-22,CUST-067,PROD-005,25,E-commerce,Purwakarta
S03086,2024-07-21,CUST-120,PROD-027,272,Modern Trade,Cimahi
S03087,2024-02-23,CUST-158,PROD-004,42,Traditional Trade,Depok
S03088,2024-04-25,CUST-055,PROD-013,252,Modern Trade,Subang
S03089,2024-10-31,CUST-066,PROD-017,130,Modern Trade,Cimahi
S03090,2024-04-23,CUST-026,PROD-021,33,E-commerce,Pangandaran
S03091,2024-02-03,CUST-185,PROD-023,107,Traditional Trade,Karawang
S03092,2024-07-15,CUST-197,PROD-033,209,Distributor,Bandung
S03093,2024-11-14,CUST-130,PROD-015,266,Modern Trade,Depok
S03094,2024-10-30,CUST-056,PROD-014,49,Traditional Trade,Sumedang
S03095,2024-03-04,CUST-190,PROD-009,4,E-commerce,Cirebon Kab.
S03096,2024-08-28,CUST-034,PROD-037,79,Modern Trade,Garut Kab.
S03097,2024-03-16,CUST-056,PROD-030,79,Traditional Trade,Sumedang
S03098,2024-03-16,CUST-055,PROD-029,256,Modern Trade,Subang
S03099,2024-11-23,CUST-020,PROD-023,77,Traditional Trade,Pangandaran
S03100,2024-03-24,CUST-050,PROD-034,207,Distributor,Sukabumi
S03101,2024-03-27,CUST-153,PROD-007,455,Distributor,Bandung
S03102,2024-01-01,CUST-084,PROD-009,195,Modern Trade,Bandung Barat
S03103,2024-11-22,CUST-153,PROD-004,280,Distributor,Bandung
S03104,2024-10-28,CUST-053,PROD-002,77,Traditional Trade,Bogor Kab.
S03105,2024-08-12,CUST-142,PROD-027,104,Distributor,Cirebon Kab.
S03106,2024-10-06,CUST-188,PROD-033,252,Modern Trade,Bekasi Kab.
S03107,2024-02-26,CUST-111,PROD-032,351,Distributor,Sukabumi
S03108,2024-06-05,CUST-171,PROD-037,101,Traditional Trade,Bekasi
S03109,2024-04-19,CUST-190,PROD-027,26,E-commerce,Cirebon Kab.
S03110,2024-02-05,CUST-112,PROD-028,141,Traditional Trade,Cianjur
S03111,2024-06-17,CUST-069,PROD-003,264,Distributor,Subang
S03112,2024-12-07,CUST-191,PROD-036,64,Distributor,Ciamis
S03113,2024-01-16,CUST-002,PROD-008,19,E-commerce,Ciamis
S03114,2024-04-04,CUST-182,PROD-037,148,Traditional Trade,Banjar
S03115,2024-03-13,CUST-016,PROD-038,25,E-commerce,Cimahi
S03116,2024-03-21,CUST-183,PROD-022,103,Traditional Trade,Bandung Barat
S03117,2024-12-04,CUST-094,PROD-014,228,Distributor,Cimahi
S03118,2024-06-09,CUST-171,PROD-015,81,Traditional Trade,Bekasi
S03119,2024-06-09,CUST-189,PROD-004,46,E-commerce,Cirebon Kab.
S03120,2024-10-11,CUST-166,PROD-018,272,Modern Trade,Garut
S03121,2024-02-27,CUST-045,PROD-001,38,Traditional Trade,Bogor
S03122,2024-06-17,CUST-126,PROD-012,62,Traditional Trade,Sukabumi Kab.
S03123,2024-05-22,CUST-179,PROD-017,383,Distributor,Depok
S03124,2024-08-01,CUST-170,PROD-019,288,Modern Trade,Bogor Kab.
S03125,2024-12-31,CUST-024,PROD-036,154,Modern Trade,Bekasi Kab.
S03126,2024-10-16,CUST-115,PROD-007,131,Modern Trade,Cimahi
S03127,2024-05-02,CUST-158,PROD-009,31,Traditional Trade,Depok
S03128,2024-11-09,CUST-165,PROD-008,70,Traditional Trade,Karawang
S03129,2024-03-03,CUST-123,PROD-025,37,E-commerce,Bandung
S03130,2024-01-12,CUST-181,PROD-007,30,E-commerce,Garut
S03131,2024-03-12,CUST-191,PROD-008,437,Distributor,Ciamis
S03132,2024-04-16,CUST-139,PROD-024,98,Traditional Trade,Cianjur
S03133,2024-06-27,CUST-078,PROD-017,76,Modern Trade,Sukabumi Kab.
S03134,2024-08-07,CUST-151,PROD-012,146,Traditional Trade,Subang
S03135,2024-12-04,CUST-117,PROD-031,11,E-commerce,Cirebon
S03136,2024-06-26,CUST-080,PROD-012,89,Distributor,Banjar
S03137,2024-06-23,CUST-050,PROD-002,264,Distributor,Sukabumi
S03138,2024-01-20,CUST-085,PROD-012,140,Modern Trade,Sukabumi Kab.
S03139,2024-01-14,CUST-183,PROD-027,5,Traditional Trade,Bandung Barat
S03140,2024-07-13,CUST-183,PROD-007,13,Traditional Trade,Bandung Barat
S03141,2024-05-27,CUST-004,PROD-013,153,Modern Trade,Cirebon
S03142,2024-11-13,CUST-182,PROD-036,98,Traditional Trade,Banjar
S03143,2024-03-01,CUST-061,PROD-001,377,Distributor,Bandung Barat
S03144,2024-01-10,CUST-111,PROD-035,351,Distributor,Sukabumi
S03145,2024-06-02,CUST-078,PROD-030,147,Modern Trade,Sukabumi Kab.
S03146,2024-03-21,CUST-083,PROD-031,466,Distributor,Cirebon Kab.
S03147,2024-01-20,CUST-133,PROD-017,407,Distributor,Cirebon Kab.
S03148,2024-09-23,CUST-100,PROD-008,45,Traditional Trade,Pangandaran
S03149,2024-02-12,CUST-146,PROD-003,22,E-commerce,Bogor
S03150,2024-08-05,CUST-172,PROD-010,193,Distributor,Kuningan
S03151,2024-04-01,CUST-031,PROD-034,199,Modern Trade,Cirebon Kab.
S03152,2024-03-04,CUST-119,PROD-022,79,Traditional Trade,Majalengka
S03153,2024-04-27,CUST-094,PROD-004,319,Distributor,Cimahi
S03154,2024-11-01,CUST-149,PROD-032,39,E-commerce,Bekasi
S03155,2024-04-30,CUST-175,PROD-029,196,Modern Trade,Purwakarta
S03156,2024-10-06,CUST-030,PROD-011,26,E-commerce,Banjar
S03157,2024-02-17,CUST-055,PROD-013,181,Modern Trade,Subang
S03158,2024-10-18,CUST-105,PROD-004,453,Distributor,Sukabumi
S03159,2024-03-20,CUST-196,PROD-002,137,Traditional Trade,Depok
S03160,2024-08-30,CUST-197,PROD-034,498,Distributor,Bandung
S03161,2024-07-19,CUST-041,PROD-022,11,E-commerce,Cirebon Kab.
S03162,2024-12-10,CUST-173,PROD-005,56,Modern Trade,Depok
S03163,2024-04-29,CUST-074,PROD-009,10,E-commerce,Bogor Kab.
S03164,2024-01-26,CUST-158,PROD-020,65,Traditional Trade,Depok
S03165,2024-01-08,CUST-077,PROD-021,120,Modern Trade,Banjar
S03166,2024-11-09,CUST-085,PROD-017,288,Modern Trade,Sukabumi Kab.
S03167,2024-07-02,CUST-173,PROD-012,261,Modern Trade,Depok
S03168,2024-10-19,CUST-104,PROD-028,12,E-commerce,Karawang
S03169,2024-03-20,CUST-173,PROD-018,184,Modern Trade,Depok
S03170,2024-04-18,CUST-079,PROD-003,45,E-commerce,Bogor Kab.
S03171,2024-01-12,CUST-084,PROD-005,23,Modern Trade,Bandung Barat
S03172,2024-12-20,CUST-173,PROD-014,190,Modern Trade,Depok
S03173,2024-08-26,CUST-183,PROD-026,70,Traditional Trade,Bandung Barat
S03174,2024-12-11,CUST-187,PROD-019,281,Modern Trade,Pangandaran
S03175,2024-03-28,CUST-133,PROD-017,92,Distributor,Cirebon Kab.
S03176,2024-08-06,CUST-124,PROD-039,13,E-commerce,Garut Kab.
S03177,2024-08-30,CUST-032,PROD-004,151,Distributor,Tasikmalaya
S03178,2024-04-10,CUST-006,PROD-035,117,Traditional Trade,Pangandaran
S03179,2024-11-15,CUST-094,PROD-024,242,Distributor,Cimahi
S03180,2024-12-15,CUST-026,PROD-013,9,E-commerce,Pangandaran
S03181,2024-11-27,CUST-037,PROD-033,198,Distributor,Indramayu
S03182,2024-09-30,CUST-013,PROD-015,387,Distributor,Cianjur
S03183,2024-03-31,CUST-093,PROD-015,273,Distributor,Tasikmalaya
S03184,2024-04-01,CUST-197,PROD-031,159,Distributor,Bandung
S03185,2024-12-20,CUST-025,PROD-028,102,Traditional Trade,Bandung Barat
S03186,2024-01-04,CUST-141,PROD-010,133,Distributor,Bogor
S03187,2024-09-18,CUST-020,PROD-007,47,Traditional Trade,Pangandaran
S03188,2024-09-13,CUST-072,PROD-033,115,Distributor,Sumedang
S03189,2024-08-10,CUST-188,PROD-007,118,Modern Trade,Bekasi Kab.
S03190,2024-12-28,CUST-149,PROD-005,38,E-commerce,Bekasi
S03191,2024-04-09,CUST-115,PROD-026,144,Modern Trade,Cimahi
S03192,2024-04-16,CUST-127,PROD-016,90,Traditional Trade,Depok
S03193,2024-01-31,CUST-189,PROD-008,20,E-commerce,Cirebon Kab.
S03194,2024-05-30,CUST-026,PROD-022,35,E-commerce,Pangandaran
S03195,2024-03-27,CUST-054,PROD-034,4,E-commerce,Tasikmalaya
S03196,2024-04-17,CUST-170,PROD-040,29,Modern Trade,Bogor Kab.
S03197,2024-11-11,CUST-139,PROD-028,39,Traditional Trade,Cianjur
S03198,2024-12-12,CUST-165,PROD-036,101,Traditional Trade,Karawang
S03199,2024-03-07,CUST-125,PROD-007,21,E-commerce,Bekasi
S03200,2024-04-25,CUST-011,PROD-040,18,Traditional Trade,Cirebon
S03201,2024-12-10,CUST-027,PROD-028,232,Modern Trade,Bandung
S03202,2024-01-24,CUST-094,PROD-002,455,Distributor,Cimahi
S03203,2024-02-05,CUST-083,PROD-009,353,Distributor,Cirebon Kab.
S03204,2024-03-01,CUST-034,PROD-006,167,Modern Trade,Garut Kab.
S03205,2024-07-31,CUST-038,PROD-001,334,Distributor,Purwakarta
S03206,2024-02-26,CUST-189,PROD-003,36,E-commerce,Cirebon Kab.
S03207,2024-12-22,CUST-087,PROD-010,347,Distributor,Subang
S03208,2024-06-01,CUST-181,PROD-037,29,E-commerce,Garut
S03209,2024-06-23,CUST-065,PROD-023,264,Modern Trade,Cirebon Kab.
S03210,2024-03-23,CUST-131,PROD-033,145,Traditional Trade,Sukabumi
S03211,2024-06-11,CUST-195,PROD-009,146,Traditional Trade,Tasikmalaya
S03212,2024-08-24,CUST-156,PROD-013,6,E-commerce,Kuningan
S03213,2024-10-07,CUST-142,PROD-028,193,Distributor,Cirebon Kab.
S03214,2024-10-08,CUST-052,PROD-007,346,Distributor,Sumedang
S03215,2024-07-24,CUST-030,PROD-026,48,E-commerce,Banjar
S03216,2024-12-02,CUST-186,PROD-016,89,Traditional Trade,Tasikmalaya
S03217,2024-11-06,CUST-182,PROD-040,112,Traditional Trade,Banjar
S03218,2024-10-10,CUST-197,PROD-026,449,Distributor,Bandung
S03219,2024-01-22,CUST-113,PROD-039,14,Modern Trade,Bandung
S03220,2024-01-03,CUST-143,PROD-032,457,Distributor,Cimahi
S03221,2024-03-14,CUST-166,PROD-036,275,Modern Trade,Garut
S03222,2024-08-25,CUST-142,PROD-001,288,Distributor,Cirebon Kab.
S03223,2024-05-10,CUST-185,PROD-021,39,Traditional Trade,Karawang
S03224,2024-05-05,CUST-187,PROD-013,40,Modern Trade,Pangandaran
S03225,2024-11-26,CUST-008,PROD-026,129,Modern Trade,Tasikmalaya Kab.
S03226,2024-11-30,CUST-072,PROD-009,128,Distributor,Sumedang
S03227,2024-12-04,CUST-147,PROD-037,11,E-commerce,Bandung
S03228,2024-04-09,CUST-032,PROD-023,58,Distributor,Tasikmalaya
S03229,2024-09-05,CUST-095,PROD-001,2,E-commerce,Pangandaran
S03230,2024-03-29,CUST-157,PROD-002,48,Traditional Trade,Subang
S03231,2024-03-08,CUST-041,PROD-028,30,E-commerce,Cirebon Kab.
S03232,2024-03-07,CUST-075,PROD-036,193,Distributor,Bandung Barat
S03233,2024-04-17,CUST-045,PROD-031,124,Traditional Trade,Bogor
S03234,2024-05-22,CUST-013,PROD-005,481,Distributor,Cianjur
S03235,2024-11-10,CUST-155,PROD-037,102,Distributor,Tasikmalaya Kab.
S03236,2024-02-15,CUST-019,PROD-025,69,Traditional Trade,Banjar
S03237,2024-09-28,CUST-154,PROD-008,225,Distributor,Bekasi
S03238,2024-07-05,CUST-053,PROD-034,74,Traditional Trade,Bogor Kab.
S03239,2024-04-03,CUST-179,PROD-039,351,Distributor,Depok
S03240,2024-06-19,CUST-165,PROD-032,125,Traditional Trade,Karawang
S03241,2024-04-06,CUST-137,PROD-011,11,E-commerce,Kuningan
S03242,2024-07-31,CUST-180,PROD-025,338,Distributor,Garut Kab.
S03243,2024-05-24,CUST-182,PROD-003,85,Traditional Trade,Banjar
S03244,2024-03-02,CUST-003,PROD-032,34,E-commerce,Purwakarta
S03245,2024-02-14,CUST-096,PROD-035,159,Distributor,Indramayu
S03246,2024-07-11,CUST-197,PROD-032,473,Distributor,Bandung
S03247,2024-12-02,CUST-136,PROD-034,202,Distributor,Indramayu
S03248,2024-04-17,CUST-014,PROD-037,129,Traditional Trade,Pangandaran
S03249,2024-09-27,CUST-120,PROD-005,100,Modern Trade,Cimahi
S03250,2024-08-23,CUST-131,PROD-028,42,Traditional Trade,Sukabumi
S03251,2024-12-11,CUST-152,PROD-028,442,Distributor,Bogor
S03252,2024-11-07,CUST-013,PROD-008,86,Distributor,Cianjur
S03253,2024-07-19,CUST-171,PROD-027,9,Traditional Trade,Bekasi
S03254,2024-08-22,CUST-157,PROD-016,86,Traditional Trade,Subang
S03255,2024-12-01,CUST-072,PROD-018,199,Distributor,Sumedang
S03256,2024-05-03,CUST-179,PROD-025,415,Distributor,Depok
S03257,2024-04-13,CUST-170,PROD-001,181,Modern Trade,Bogor Kab.
S03258,2024-01-05,CUST-159,PROD-008,271,Modern Trade,Garut Kab.
S03259,2024-11-09,CUST-191,PROD-021,76,Distributor,Ciamis
S03260,2024-11-01,CUST-154,PROD-034,104,Distributor,Bekasi
S03261,2024-02-09,CUST-146,PROD-024,15,E-commerce,Bogor
S03262,2024-07-23,CUST-082,PROD-037,258,Modern Trade,Tasikmalaya Kab.
S03263,2024-06-08,CUST-057,PROD-026,282,Modern Trade,Tasikmalaya Kab.
S03264,2024-02-14,CUST-007,PROD-014,268,Modern Trade,Depok
S03265,2024-12-26,CUST-112,PROD-029,14,Traditional Trade,Cianjur
S03266,2024-03-15,CUST-048,PROD-030,67,Traditional Trade,Depok
S03267,2024-01-26,CUST-080,PROD-003,394,Distributor,Banjar
S03268,2024-07-31,CUST-119,PROD-007,89,Traditional Trade,Majalengka
S03269,2024-09-30,CUST-120,PROD-036,113,Modern Trade,Cimahi
S03270,2024-01-13,CUST-060,PROD-011,141,Traditional Trade,Pangandaran
S03271,2024-08-23,CUST-033,PROD-032,457,Distributor,Majalengka
S03272,2024-07-05,CUST-115,PROD-012,297,Modern Trade,Cimahi
S03273,2024-02-09,CUST-128,PROD-015,3,E-commerce,Tasikmalaya Kab.
S03274,2024-03-04,CUST-003,PROD-038,33,E-commerce,Purwakarta
S03275,2024-07-20,CUST-004,PROD-024,180,Modern Trade,Cirebon
S03276,2024-04-05,CUST-100,PROD-001,113,Traditional Trade,Pangandaran
S03277,2024-12-13,CUST-004,PROD-018,149,Modern Trade,Cirebon
S03278,2024-11-06,CUST-042,PROD-007,97,Traditional Trade,Kuningan
S03279,2024-12-27,CUST-009,PROD-002,107,Traditional Trade,Garut
S03280,2024-03-26,CUST-051,PROD-040,235,Modern Trade,Depok
S03281,2024-12-22,CUST-145,PROD-031,101,Traditional Trade,Garut Kab.
S03282,2024-05-23,CUST-145,PROD-033,72,Traditional Trade,Garut Kab.
S03283,2024-04-18,CUST-097,PROD-030,149,Traditional Trade,Karawang
S03284,2024-01-20,CUST-020,PROD-031,136,Traditional Trade,Pangandaran
S03285,2024-01-21,CUST-142,PROD-034,142,Distributor,Cirebon Kab.
S03286,2024-09-06,CUST-022,PROD-007,322,Distributor,Cianjur
S03287,2024-06-05,CUST-180,PROD-025,241,Distributor,Garut Kab.
S03288,2024-03-18,CUST-027,PROD-016,31,Modern Trade,Bandung
S03289,2024-08-07,CUST-043,PROD-022,203,Modern Trade,Ciamis
S03290,2024-03-25,CUST-131,PROD-036,15,Traditional Trade,Sukabumi
S03291,2024-07-24,CUST-094,PROD-027,230,Distributor,Cimahi
S03292,2024-04-21,CUST-008,PROD-017,241,Modern Trade,Tasikmalaya Kab.
S03293,2024-11-08,CUST-086,PROD-004,33,Traditional Trade,Bogor Kab.
S03294,2024-11-07,CUST-089,PROD-035,29,Modern Trade,Purwakarta
S03295,2024-06-13,CUST-138,PROD-022,14,Modern Trade,Kuningan
S03296,2024-04-19,CUST-113,PROD-035,43,Modern Trade,Bandung
S03297,2024-04-22,CUST-157,PROD-015,144,Traditional Trade,Subang
S03298,2024-11-03,CUST-168,PROD-040,28,E-commerce,Majalengka
S03299,2024-04-13,CUST-193,PROD-021,107,Modern Trade,Tasikmalaya Kab.
S03300,2024-03-13,CUST-021,PROD-013,271,Modern Trade,Bandung Barat
S03301,2024-02-02,CUST-152,PROD-011,295,Distributor,Bogor
S03302,2024-06-09,CUST-188,PROD-027,28,Modern Trade,Bekasi Kab.
S03303,2024-06-15,CUST-154,PROD-031,61,Distributor,Bekasi
S03304,2024-11-13,CUST-009,PROD-032,29,Traditional Trade,Garut
S03305,2024-03-16,CUST-148,PROD-030,13,E-commerce,Bogor
S03306,2024-04-27,CUST-184,PROD-018,125,Distributor,Sukabumi Kab.
S03307,2024-11-03,CUST-036,PROD-016,7,Traditional Trade,Sukabumi Kab.
S03308,2024-11-08,CUST-036,PROD-035,28,Traditional Trade,Sukabumi Kab.
S03309,2024-04-28,CUST-073,PROD-009,8,E-commerce,Cimahi
S03310,2024-06-06,CUST-150,PROD-039,116,Traditional Trade,Purwakarta
S03311,2024-04-07,CUST-001,PROD-037,124,Traditional Trade,Depok
S03312,2024-12-11,CUST-069,PROD-010,172,Distributor,Subang
S03313,2024-02-14,CUST-037,PROD-012,139,Distributor,Indramayu
S03314,2024-12-11,CUST-072,PROD-008,350,Distributor,Sumedang
S03315,2024-09-02,CUST-107,PROD-003,5,Traditional Trade,Karawang
S03316,2024-07-05,CUST-096,PROD-019,52,Distributor,Indramayu
S03317,2024-01-13,CUST-141,PROD-011,370,Distributor,Bogor
S03318,2024-06-12,CUST-084,PROD-008,280,Modern Trade,Bandung Barat
S03319,2024-05-08,CUST-043,PROD-026,157,Modern Trade,Ciamis
S03320,2024-03-01,CUST-037,PROD-023,436,Distributor,Indramayu
S03321,2024-08-22,CUST-025,PROD-010,147,Traditional Trade,Bandung Barat
S03322,2024-12-23,CUST-149,PROD-018,37,E-commerce,Bekasi
S03323,2024-07-18,CUST-169,PROD-012,110,Traditional Trade,Ciamis
S03324,2024-09-18,CUST-073,PROD-039,39,E-commerce,Cimahi
S03325,2024-01-27,CUST-170,PROD-026,241,Modern Trade,Bogor Kab.
S03326,2024-05-14,CUST-042,PROD-011,103,Traditional Trade,Kuningan
S03327,2024-02-13,CUST-002,PROD-010,18,E-commerce,Ciamis
S03328,2024-08-06,CUST-196,PROD-003,21,Traditional Trade,Depok
S03329,2024-12-13,CUST-136,PROD-007,208,Distributor,Indramayu
S03330,2024-08-24,CUST-096,PROD-004,497,Distributor,Indramayu
S03331,2024-01-30,CUST-061,PROD-040,353,Distributor,Bandung Barat
S03332,2024-04-20,CUST-014,PROD-008,30,Traditional Trade,Pangandaran
S03333,2024-07-13,CUST-113,PROD-038,287,Modern Trade,Bandung
S03334,2024-05-06,CUST-077,PROD-013,134,Modern Trade,Banjar
S03335,2024-11-11,CUST-021,PROD-012,182,Modern Trade,Bandung Barat
S03336,2024-11-05,CUST-152,PROD-035,469,Distributor,Bogor
S03337,2024-08-06,CUST-178,PROD-038,68,Traditional Trade,Karawang
S03338,2024-04-25,CUST-173,PROD-036,172,Modern Trade,Depok
S03339,2024-03-25,CUST-192,PROD-002,86,Traditional Trade,Cirebon
S03340,2024-02-10,CUST-064,PROD-015,72,Traditional Trade,Depok
S03341,2024-04-20,CUST-154,PROD-034,450,Distributor,Bekasi
S03342,2024-05-12,CUST-160,PROD-039,143,Traditional Trade,Sukabumi
S03343,2024-08-29,CUST-057,PROD-026,270,Modern Trade,Tasikmalaya Kab.
S03344,2024-08-23,CUST-119,PROD-005,125,Traditional Trade,Majalengka
S03345,2024-01-27,CUST-181,PROD-025,18,E-commerce,Garut
S03346,2024-05-01,CUST-161,PROD-034,66,Modern Trade,Purwakarta
S03347,2024-03-06,CUST-052,PROD-004,266,Distributor,Sumedang
S03348,2024-02-28,CUST-095,PROD-034,10,E-commerce,Pangandaran
S03349,2024-11-09,CUST-146,PROD-027,41,E-commerce,Bogor
S03350,2024-01-17,CUST-163,PROD-029,78,Traditional Trade,Tasikmalaya Kab.
S03351,2024-05-15,CUST-140,PROD-005,36,E-commerce,Bekasi
S03352,2024-03-03,CUST-179,PROD-018,134,Distributor,Depok
S03353,2024-11-25,CUST-089,PROD-004,129,Modern Trade,Purwakarta
S03354,2024-07-15,CUST-010,PROD-001,14,E-commerce,Kuningan
S03355,2024-03-19,CUST-052,PROD-020,377,Distributor,Sumedang
S03356,2024-06-23,CUST-034,PROD-006,138,Modern Trade,Garut Kab.
S03357,2024-09-26,CUST-115,PROD-020,291,Modern Trade,Cimahi
S03358,2024-12-19,CUST-195,PROD-020,53,Traditional Trade,Tasikmalaya
S03359,2024-03-16,CUST-167,PROD-027,251,Modern Trade,Depok
S03360,2024-11-27,CUST-136,PROD-026,371,Distributor,Indramayu
S03361,2024-12-12,CUST-125,PROD-032,9,E-commerce,Bekasi
S03362,2024-12-06,CUST-157,PROD-010,73,Traditional Trade,Subang
S03363,2024-08-15,CUST-150,PROD-018,44,Traditional Trade,Purwakarta
S03364,2024-08-13,CUST-198,PROD-012,233,Distributor,Bandung
S03365,2024-05-06,CUST-189,PROD-010,5,E-commerce,Cirebon Kab.
S03366,2024-10-07,CUST-043,PROD-024,65,Modern Trade,Ciamis
S03367,2024-07-05,CUST-177,PROD-024,115,Traditional Trade,Bogor Kab.
S03368,2024-08-30,CUST-029,PROD-038,9,Traditional Trade,Tasikmalaya Kab.
S03369,2024-05-21,CUST-106,PROD-025,118,Distributor,Purwakarta
S03370,2024-09-26,CUST-120,PROD-008,61,Modern Trade,Cimahi
S03371,2024-11-08,CUST-081,PROD-014,107,Modern Trade,Sumedang
S03372,2024-02-24,CUST-031,PROD-031,170,Modern Trade,Cirebon Kab.
S03373,2024-11-11,CUST-181,PROD-024,22,E-commerce,Garut
S03374,2024-07-09,CUST-162,PROD-016,19,Traditional Trade,Purwakarta
S03375,2024-11-14,CUST-128,PROD-020,1,E-commerce,Tasikmalaya Kab.
S03376,2024-05-23,CUST-038,PROD-038,376,Distributor,Purwakarta
S03377,2024-04-26,CUST-185,PROD-015,115,Traditional Trade,Karawang
S03378,2024-12-06,CUST-101,PROD-014,271,Modern Trade,Cianjur
S03379,2024-03-24,CUST-132,PROD-012,20,E-commerce,Cimahi
S03380,2024-11-14,CUST-130,PROD-034,163,Modern Trade,Depok
S03381,2024-06-16,CUST-012,PROD-008,144,Traditional Trade,Cirebon
S03382,2024-06-28,CUST-035,PROD-019,382,Distributor,Garut Kab.
S03383,2024-04-08,CUST-198,PROD-005,164,Distributor,Bandung
S03384,2024-07-22,CUST-110,PROD-027,139,Modern Trade,Depok
S03385,2024-04-12,CUST-072,PROD-013,465,Distributor,Sumedang
S03386,2024-01-16,CUST-149,PROD-032,50,E-commerce,Bekasi
S03387,2024-03-30,CUST-110,PROD-031,104,Modern Trade,Depok
S03388,2024-01-03,CUST-061,PROD-037,366,Distributor,Bandung Barat
S03389,2024-12-25,CUST-163,PROD-002,143,Traditional Trade,Tasikmalaya Kab.
S03390,2024-12-21,CUST-048,PROD-007,105,Traditional Trade,Depok
S03391,2024-05-01,CUST-143,PROD-011,245,Distributor,Cimahi
S03392,2024-09-25,CUST-071,PROD-011,38,Traditional Trade,Bogor Kab.
S03393,2024-04-18,CUST-143,PROD-023,257,Distributor,Cimahi
S03394,2024-08-28,CUST-134,PROD-031,99,Traditional Trade,Bandung Barat
S03395,2024-11-02,CUST-068,PROD-008,25,E-commerce,Bogor
S03396,2024-12-15,CUST-022,PROD-032,152,Distributor,Cianjur
S03397,2024-05-04,CUST-032,PROD-021,57,Distributor,Tasikmalaya
S03398,2024-10-23,CUST-123,PROD-031,8,E-commerce,Bandung
S03399,2024-03-28,CUST-022,PROD-001,147,Distributor,Cianjur
S03400,2024-12-29,CUST-155,PROD-013,448,Distributor,Tasikmalaya Kab.
S03401,2024-01-10,CUST-110,PROD-011,270,Modern Trade,Depok
S03402,2024-08-03,CUST-015,PROD-029,19,E-commerce,Bogor Kab.
S03403,2024-08-23,CUST-124,PROD-004,10,E-commerce,Garut Kab.
S03404,2024-09-04,CUST-044,PROD-036,194,Modern Trade,Tasikmalaya
S03405,2024-02-15,CUST-115,PROD-015,241,Modern Trade,Cimahi
S03406,2024-12-13,CUST-009,PROD-003,105,Traditional Trade,Garut
S03407,2024-03-06,CUST-034,PROD-029,156,Modern Trade,Garut Kab.
S03408,2024-08-10,CUST-073,PROD-021,13,E-commerce,Cimahi
S03409,2024-03-17,CUST-143,PROD-002,95,Distributor,Cimahi
S03410,2024-04-08,CUST-190,PROD-006,40,E-commerce,Cirebon Kab.
S03411,2024-07-11,CUST-045,PROD-031,84,Traditional Trade,Bogor
S03412,2024-05-14,CUST-072,PROD-024,495,Distributor,Sumedang
S03413,2024-02-29,CUST-058,PROD-040,30,E-commerce,Sukabumi
S03414,2024-03-03,CUST-115,PROD-017,127,Modern Trade,Cimahi
S03415,2024-05-15,CUST-019,PROD-005,9,Traditional Trade,Banjar
S03416,2024-10-10,CUST-016,PROD-002,33,E-commerce,Cimahi
S03417,2024-12-01,CUST-075,PROD-012,260,Distributor,Bandung Barat
S03418,2024-02-02,CUST-106,PROD-005,104,Distributor,Purwakarta
S03419,2024-04-30,CUST-136,PROD-020,68,Distributor,Indramayu
S03420,2024-02-08,CUST-161,PROD-008,97,Modern Trade,Purwakarta
S03421,2024-01-07,CUST-074,PROD-001,28,E-commerce,Bogor Kab.
S03422,2024-08-24,CUST-018,PROD-006,43,Traditional Trade,Bogor
S03423,2024-08-03,CUST-163,PROD-011,129,Traditional Trade,Tasikmalaya Kab.
S03424,2024-03-01,CUST-043,PROD-003,292,Modern Trade,Ciamis
S03425,2024-03-20,CUST-050,PROD-031,381,Distributor,Sukabumi
S03426,2024-01-10,CUST-003,PROD-028,46,E-commerce,Purwakarta
S03427,2024-11-11,CUST-059,PROD-005,28,E-commerce,Tasikmalaya Kab.
S03428,2024-12-24,CUST-028,PROD-026,189,Modern Trade,Cirebon Kab.
S03429,2024-02-20,CUST-046,PROD-016,498,Distributor,Bekasi
S03430,2024-03-19,CUST-064,PROD-031,126,Traditional Trade,Depok
S03431,2024-11-22,CUST-070,PROD-028,150,Traditional Trade,Majalengka
S03432,2024-12-09,CUST-047,PROD-007,96,Modern Trade,Garut
S03433,2024-05-15,CUST-142,PROD-038,455,Distributor,Cirebon Kab.
S03434,2024-01-20,CUST-135,PROD-009,276,Modern Trade,Bandung
S03435,2024-01-16,CUST-159,PROD-039,91,Modern Trade,Garut Kab.
S03436,2024-07-22,CUST-106,PROD-035,113,Distributor,Purwakarta
S03437,2024-04-30,CUST-081,PROD-027,128,Modern Trade,Sumedang
S03438,2024-01-11,CUST-051,PROD-012,172,Modern Trade,Depok
S03439,2024-07-26,CUST-029,PROD-025,41,Traditional Trade,Tasikmalaya Kab.
S03440,2024-01-05,CUST-113,PROD-029,187,Modern Trade,Bandung
S03441,2024-10-25,CUST-143,PROD-031,426,Distributor,Cimahi
S03442,2024-04-07,CUST-128,PROD-034,30,E-commerce,Tasikmalaya Kab.
S03443,2024-01-16,CUST-090,PROD-033,450,Distributor,Cimahi
S03444,2024-07-28,CUST-025,PROD-027,148,Traditional Trade,Bandung Barat
S03445,2024-05-02,CUST-189,PROD-002,15,E-commerce,Cirebon Kab.
S03446,2024-12-24,CUST-041,PROD-014,13,E-commerce,Cirebon Kab.
S03447,2024-07-10,CUST-069,PROD-013,52,Distributor,Subang
S03448,2024-03-30,CUST-004,PROD-024,33,Modern Trade,Cirebon
S03449,2024-09-15,CUST-105,PROD-005,456,Distributor,Sukabumi
S03450,2024-03-29,CUST-185,PROD-034,63,Traditional Trade,Karawang
S03451,2024-12-02,CUST-031,PROD-023,246,Modern Trade,Cirebon Kab.
S03452,2024-04-25,CUST-131,PROD-019,59,Traditional Trade,Sukabumi
S03453,2024-07-13,CUST-117,PROD-030,1,E-commerce,Cirebon
S03454,2024-01-20,CUST-195,PROD-016,64,Traditional Trade,Tasikmalaya
S03455,2024-05-19,CUST-090,PROD-040,289,Distributor,Cimahi
S03456,2024-11-11,CUST-178,PROD-034,70,Traditional Trade,Karawang
S03457,2024-11-03,CUST-145,PROD-011,150,Traditional Trade,Garut Kab.
S03458,2024-03-17,CUST-188,PROD-014,68,Modern Trade,Bekasi Kab.
S03459,2024-03-18,CUST-066,PROD-015,62,Modern Trade,Cimahi
S03460,2024-11-06,CUST-088,PROD-035,113,Distributor,Indramayu
S03461,2024-12-10,CUST-024,PROD-007,130,Modern Trade,Bekasi Kab.
S03462,2024-02-06,CUST-099,PROD-029,123,Traditional Trade,Purwakarta
S03463,2024-06-02,CUST-160,PROD-022,34,Traditional Trade,Sukabumi
S03464,2024-04-16,CUST-105,PROD-023,67,Distributor,Sukabumi
S03465,2024-11-22,CUST-019,PROD-024,9,Traditional Trade,Banjar
S03466,2024-02-01,CUST-066,PROD-035,169,Modern Trade,Cimahi
S03467,2024-03-14,CUST-060,PROD-010,124,Traditional Trade,Pangandaran
S03468,2024-10-07,CUST-115,PROD-008,151,Modern Trade,Cimahi
S03469,2024-01-20,CUST-194,PROD-012,27,Modern Trade,Kuningan
S03470,2024-06-19,CUST-015,PROD-029,4,E-commerce,Bogor Kab.
S03471,2024-05-29,CUST-085,PROD-029,123,Modern Trade,Sukabumi Kab.
S03472,2024-04-15,CUST-163,PROD-023,26,Traditional Trade,Tasikmalaya Kab.
S03473,2024-04-30,CUST-197,PROD-026,69,Distributor,Bandung
S03474,2024-07-04,CUST-155,PROD-037,448,Distributor,Tasikmalaya Kab.
S03475,2024-03-01,CUST-088,PROD-032,312,Distributor,Indramayu
S03476,2024-07-21,CUST-007,PROD-038,107,Modern Trade,Depok
S03477,2024-11-02,CUST-006,PROD-006,109,Traditional Trade,Pangandaran
S03478,2024-10-11,CUST-125,PROD-008,30,E-commerce,Bekasi
S03479,2024-02-27,CUST-033,PROD-017,54,Distributor,Majalengka
S03480,2024-02-25,CUST-058,PROD-012,1,E-commerce,Sukabumi
S03481,2024-03-29,CUST-177,PROD-022,24,Traditional Trade,Bogor Kab.
S03482,2024-04-22,CUST-145,PROD-014,87,Traditional Trade,Garut Kab.
S03483,2024-05-09,CUST-110,PROD-034,127,Modern Trade,Depok
S03484,2024-08-31,CUST-042,PROD-019,33,Traditional Trade,Kuningan
S03485,2024-01-22,CUST-094,PROD-006,407,Distributor,Cimahi
S03486,2024-01-14,CUST-200,PROD-018,10,E-commerce,Garut Kab.
S03487,2024-04-30,CUST-168,PROD-036,29,E-commerce,Majalengka
S03488,2024-09-08,CUST-174,PROD-037,80,Distributor,Karawang
S03489,2024-03-09,CUST-199,PROD-038,79,Traditional Trade,Tasikmalaya
S03490,2024-08-17,CUST-198,PROD-015,335,Distributor,Bandung
S03491,2024-03-26,CUST-196,PROD-038,84,Traditional Trade,Depok
S03492,2024-11-27,CUST-129,PROD-040,62,Traditional Trade,Sukabumi
S03493,2024-11-30,CUST-079,PROD-009,23,E-commerce,Bogor Kab.
S03494,2024-04-05,CUST-095,PROD-006,33,E-commerce,Pangandaran
S03495,2024-03-19,CUST-111,PROD-002,420,Distributor,Sukabumi
S03496,2024-05-10,CUST-097,PROD-016,41,Traditional Trade,Karawang
S03497,2024-03-21,CUST-180,PROD-001,363,Distributor,Garut Kab.
S03498,2024-08-28,CUST-163,PROD-030,32,Traditional Trade,Tasikmalaya Kab.
S03499,2024-11-09,CUST-119,PROD-033,41,Traditional Trade,Majalengka
S03500,2024-08-28,CUST-069,PROD-001,55,Distributor,Subang
S03501,2024-11-08,CUST-133,PROD-039,367,Distributor,Cirebon Kab.
S03502,2024-05-02,CUST-145,PROD-016,37,Traditional Trade,Garut Kab.
S03503,2024-02-28,CUST-181,PROD-017,25,E-commerce,Garut
S03504,2024-09-30,CUST-052,PROD-038,383,Distributor,Sumedang
S03505,2024-04-22,CUST-142,PROD-018,89,Distributor,Cirebon Kab.
S03506,2024-08-28,CUST-122,PROD-022,123,Traditional Trade,Bogor
S03507,2024-03-29,CUST-029,PROD-022,46,Traditional Trade,Tasikmalaya Kab.
S03508,2024-02-01,CUST-136,PROD-035,442,Distributor,Indramayu
S03509,2024-12-29,CUST-104,PROD-031,18,E-commerce,Karawang
S03510,2024-02-28,CUST-001,PROD-040,19,Traditional Trade,Depok
S03511,2024-12-28,CUST-029,PROD-027,136,Traditional Trade,Tasikmalaya Kab.
S03512,2024-12-25,CUST-164,PROD-036,38,Traditional Trade,Sukabumi Kab.
S03513,2024-10-29,CUST-179,PROD-004,367,Distributor,Depok
S03514,2024-08-23,CUST-165,PROD-005,42,Traditional Trade,Karawang
S03515,2024-07-24,CUST-069,PROD-025,258,Distributor,Subang
S03516,2024-11-21,CUST-053,PROD-031,75,Traditional Trade,Bogor Kab.
S03517,2024-04-03,CUST-124,PROD-014,32,E-commerce,Garut Kab.
S03518,2024-06-09,CUST-180,PROD-030,328,Distributor,Garut Kab.
S03519,2024-08-09,CUST-088,PROD-012,431,Distributor,Indramayu
S03520,2024-05-10,CUST-083,PROD-027,325,Distributor,Cirebon Kab.
S03521,2024-05-20,CUST-012,PROD-024,57,Traditional Trade,Cirebon
S03522,2024-04-14,CUST-052,PROD-030,435,Distributor,Sumedang
S03523,2024-07-18,CUST-129,PROD-018,25,Traditional Trade,Sukabumi
S03524,2024-11-16,CUST-135,PROD-014,85,Modern Trade,Bandung
S03525,2024-03-11,CUST-145,PROD-019,46,Traditional Trade,Garut Kab.
S03526,2024-12-12,CUST-127,PROD-022,61,Traditional Trade,Depok
S03527,2024-09-04,CUST-171,PROD-026,126,Traditional Trade,Bekasi
S03528,2024-11-08,CUST-071,PROD-007,95,Traditional Trade,Bogor Kab.
S03529,2024-07-15,CUST-017,PROD-028,116,Traditional Trade,Cianjur
S03530,2024-10-21,CUST-187,PROD-038,275,Modern Trade,Pangandaran
S03531,2024-01-07,CUST-003,PROD-005,8,E-commerce,Purwakarta
S03532,2024-11-06,CUST-029,PROD-036,65,Traditional Trade,Tasikmalaya Kab.
S03533,2024-01-16,CUST-022,PROD-018,70,Distributor,Cianjur
S03534,2024-11-28,CUST-166,PROD-014,197,Modern Trade,Garut
S03535,2024-12-29,CUST-054,PROD-023,22,E-commerce,Tasikmalaya
S03536,2024-04-04,CUST-107,PROD-014,145,Traditional Trade,Karawang
S03537,2024-03-13,CUST-178,PROD-032,52,Traditional Trade,Karawang
S03538,2024-10-14,CUST-069,PROD-005,473,Distributor,Subang
S03539,2024-03-25,CUST-158,PROD-022,13,Traditional Trade,Depok
S03540,2024-11-21,CUST-151,PROD-028,117,Traditional Trade,Subang
S03541,2024-02-09,CUST-120,PROD-012,210,Modern Trade,Cimahi
S03542,2024-02-17,CUST-047,PROD-018,73,Modern Trade,Garut
S03543,2024-12-25,CUST-149,PROD-036,30,E-commerce,Bekasi
S03544,2024-08-29,CUST-020,PROD-031,74,Traditional Trade,Pangandaran
S03545,2024-11-15,CUST-151,PROD-013,68,Traditional Trade,Subang
S03546,2024-04-12,CUST-196,PROD-020,29,Traditional Trade,Depok
S03547,2024-08-30,CUST-149,PROD-036,28,E-commerce,Bekasi
S03548,2024-07-31,CUST-021,PROD-007,165,Modern Trade,Bandung Barat
S03549,2024-08-03,CUST-001,PROD-023,40,Traditional Trade,Depok
S03550,2024-09-01,CUST-143,PROD-034,188,Distributor,Cimahi
S03551,2024-07-23,CUST-017,PROD-032,25,Traditional Trade,Cianjur
S03552,2024-05-21,CUST-051,PROD-021,163,Modern Trade,Depok
S03553,2024-03-31,CUST-191,PROD-006,451,Distributor,Ciamis
S03554,2024-10-16,CUST-014,PROD-016,72,Traditional Trade,Pangandaran
S03555,2024-03-18,CUST-059,PROD-035,44,E-commerce,Tasikmalaya Kab.
S03556,2024-09-06,CUST-083,PROD-020,90,Distributor,Cirebon Kab.
S03557,2024-03-19,CUST-050,PROD-011,64,Distributor,Sukabumi
S03558,2024-08-11,CUST-124,PROD-032,23,E-commerce,Garut Kab.
S03559,2024-10-04,CUST-034,PROD-014,178,Modern Trade,Garut Kab.
S03560,2024-03-16,CUST-006,PROD-024,138,Traditional Trade,Pangandaran
S03561,2024-01-23,CUST-109,PROD-039,116,Traditional Trade,Tasikmalaya
S03562,2024-02-19,CUST-049,PROD-031,61,Modern Trade,Pangandaran
S03563,2024-08-04,CUST-006,PROD-017,141,Traditional Trade,Pangandaran
S03564,2024-11-16,CUST-117,PROD-025,30,E-commerce,Cirebon
S03565,2024-01-18,CUST-118,PROD-009,44,E-commerce,Garut
S03566,2024-09-28,CUST-197,PROD-022,495,Distributor,Bandung
S03567,2024-04-17,CUST-007,PROD-035,273,Modern Trade,Depok
S03568,2024-06-14,CUST-097,PROD-037,103,Traditional Trade,Karawang
S03569,2024-12-10,CUST-179,PROD-017,356,Distributor,Depok
S03570,2024-04-14,CUST-118,PROD-028,35,E-commerce,Garut
S03571,2024-06-08,CUST-129,PROD-001,125,Traditional Trade,Sukabumi
S03572,2024-01-06,CUST-141,PROD-009,139,Distributor,Bogor
S03573,2024-02-01,CUST-171,PROD-013,34,Traditional Trade,Bekasi
S03574,2024-03-26,CUST-027,PROD-032,239,Modern Trade,Bandung
S03575,2024-01-11,CUST-199,PROD-028,143,Traditional Trade,Tasikmalaya
S03576,2024-08-13,CUST-116,PROD-031,20,E-commerce,Cianjur
S03577,2024-05-20,CUST-131,PROD-008,35,Traditional Trade,Sukabumi
S03578,2024-07-12,CUST-058,PROD-008,34,E-commerce,Sukabumi
S03579,2024-03-04,CUST-089,PROD-034,165,Modern Trade,Purwakarta
S03580,2024-04-05,CUST-097,PROD-023,71,Traditional Trade,Karawang
S03581,2024-08-25,CUST-017,PROD-010,121,Traditional Trade,Cianjur
S03582,2024-12-21,CUST-173,PROD-037,200,Modern Trade,Depok
S03583,2024-01-20,CUST-101,PROD-025,185,Modern Trade,Cianjur
S03584,2024-11-28,CUST-186,PROD-033,9,Traditional Trade,Tasikmalaya
S03585,2024-07-23,CUST-184,PROD-004,382,Distributor,Sukabumi Kab.
S03586,2024-07-18,CUST-182,PROD-007,16,Traditional Trade,Banjar
S03587,2024-06-22,CUST-029,PROD-033,63,Traditional Trade,Tasikmalaya Kab.
S03588,2024-01-27,CUST-102,PROD-002,1,E-commerce,Tasikmalaya Kab.
S03589,2024-02-04,CUST-123,PROD-032,43,E-commerce,Bandung
S03590,2024-08-02,CUST-054,PROD-005,19,E-commerce,Tasikmalaya
S03591,2024-04-16,CUST-027,PROD-017,102,Modern Trade,Bandung
S03592,2024-12-06,CUST-102,PROD-012,47,E-commerce,Tasikmalaya Kab.
S03593,2024-05-08,CUST-117,PROD-012,50,E-commerce,Cirebon
S03594,2024-02-23,CUST-104,PROD-035,48,E-commerce,Karawang
S03595,2024-09-18,CUST-045,PROD-021,43,Traditional Trade,Bogor
S03596,2024-04-04,CUST-114,PROD-021,475,Distributor,Cirebon Kab.
S03597,2024-07-03,CUST-087,PROD-002,385,Distributor,Subang
S03598,2024-09-09,CUST-031,PROD-021,26,Modern Trade,Cirebon Kab.
S03599,2024-12-01,CUST-164,PROD-015,47,Traditional Trade,Sukabumi Kab.
S03600,2024-10-28,CUST-189,PROD-011,49,E-commerce,Cirebon Kab.
S03601,2024-08-30,CUST-037,PROD-010,54,Distributor,Indramayu
S03602,2024-08-31,CUST-195,PROD-018,133,Traditional Trade,Tasikmalaya
S03603,2024-12-15,CUST-036,PROD-023,71,Traditional Trade,Sukabumi Kab.
S03604,2024-04-05,CUST-119,PROD-031,116,Traditional Trade,Majalengka
S03605,2024-01-01,CUST-005,PROD-026,28,Traditional Trade,Cimahi
S03606,2024-03-30,CUST-174,PROD-002,78,Distributor,Karawang
S03607,2024-03-15,CUST-052,PROD-039,448,Distributor,Sumedang
S03608,2024-08-24,CUST-049,PROD-007,141,Modern Trade,Pangandaran
S03609,2024-08-14,CUST-006,PROD-024,48,Traditional Trade,Pangandaran
S03610,2024-07-30,CUST-123,PROD-039,1,E-commerce,Bandung
S03611,2024-01-07,CUST-138,PROD-032,216,Modern Trade,Kuningan
S03612,2024-09-25,CUST-118,PROD-026,24,E-commerce,Garut
S03613,2024-04-12,CUST-023,PROD-023,35,Traditional Trade,Cirebon Kab.
S03614,2024-08-25,CUST-145,PROD-014,14,Traditional Trade,Garut Kab.
S03615,2024-07-15,CUST-110,PROD-029,20,Modern Trade,Depok
S03616,2024-04-17,CUST-044,PROD-025,91,Modern Trade,Tasikmalaya
S03617,2024-02-20,CUST-041,PROD-031,34,E-commerce,Cirebon Kab.
S03618,2024-02-05,CUST-143,PROD-002,205,Distributor,Cimahi
S03619,2024-11-10,CUST-172,PROD-002,215,Distributor,Kuningan
S03620,2024-12-07,CUST-186,PROD-023,28,Traditional Trade,Tasikmalaya
S03621,2024-08-20,CUST-050,PROD-011,344,Distributor,Sukabumi
S03622,2024-02-09,CUST-052,PROD-029,424,Distributor,Sumedang
S03623,2024-05-05,CUST-070,PROD-035,80,Traditional Trade,Majalengka
S03624,2024-09-25,CUST-196,PROD-009,54,Traditional Trade,Depok
S03625,2024-10-21,CUST-191,PROD-032,56,Distributor,Ciamis
S03626,2024-02-14,CUST-186,PROD-030,104,Traditional Trade,Tasikmalaya
S03627,2024-01-01,CUST-151,PROD-015,85,Traditional Trade,Subang
S03628,2024-09-16,CUST-172,PROD-014,290,Distributor,Kuningan
S03629,2024-04-21,CUST-109,PROD-017,72,Traditional Trade,Tasikmalaya
S03630,2024-03-25,CUST-118,PROD-022,37,E-commerce,Garut
S03631,2024-01-05,CUST-109,PROD-030,87,Traditional Trade,Tasikmalaya
S03632,2024-07-09,CUST-095,PROD-017,26,E-commerce,Pangandaran
S03633,2024-11-16,CUST-044,PROD-016,212,Modern Trade,Tasikmalaya
S03634,2024-12-19,CUST-180,PROD-008,80,Distributor,Garut Kab.
S03635,2024-07-19,CUST-067,PROD-039,1,E-commerce,Purwakarta
S03636,2024-06-28,CUST-156,PROD-031,40,E-commerce,Kuningan
S03637,2024-02-02,CUST-067,PROD-012,36,E-commerce,Purwakarta
S03638,2024-07-12,CUST-018,PROD-033,97,Traditional Trade,Bogor
S03639,2024-04-27,CUST-155,PROD-012,138,Distributor,Tasikmalaya Kab.
S03640,2024-08-04,CUST-179,PROD-025,492,Distributor,Depok
S03641,2024-04-29,CUST-060,PROD-038,127,Traditional Trade,Pangandaran
S03642,2024-03-21,CUST-074,PROD-018,47,E-commerce,Bogor Kab.
S03643,2024-02-06,CUST-049,PROD-019,155,Modern Trade,Pangandaran
S03644,2024-04-10,CUST-015,PROD-003,3,E-commerce,Bogor Kab.
S03645,2024-02-06,CUST-073,PROD-035,18,E-commerce,Cimahi
S03646,2024-03-05,CUST-196,PROD-005,62,Traditional Trade,Depok
S03647,2024-12-28,CUST-143,PROD-035,376,Distributor,Cimahi
S03648,2024-05-30,CUST-179,PROD-027,130,Distributor,Depok
S03649,2024-07-05,CUST-048,PROD-037,150,Traditional Trade,Depok
S03650,2024-11-23,CUST-072,PROD-021,357,Distributor,Sumedang
S03651,2024-12-30,CUST-113,PROD-016,76,Modern Trade,Bandung
S03652,2024-07-26,CUST-129,PROD-028,93,Traditional Trade,Sukabumi
S03653,2024-11-05,CUST-135,PROD-025,144,Modern Trade,Bandung
S03654,2024-04-13,CUST-053,PROD-033,115,Traditional Trade,Bogor Kab.
S03655,2024-04-07,CUST-159,PROD-017,211,Modern Trade,Garut Kab.
S03656,2024-05-05,CUST-018,PROD-030,87,Traditional Trade,Bogor
S03657,2024-08-28,CUST-012,PROD-004,83,Traditional Trade,Cirebon
S03658,2024-09-01,CUST-048,PROD-002,89,Traditional Trade,Depok
S03659,2024-04-10,CUST-030,PROD-009,21,E-commerce,Banjar
S03660,2024-02-20,CUST-097,PROD-031,126,Traditional Trade,Karawang
S03661,2024-08-14,CUST-007,PROD-025,174,Modern Trade,Depok
S03662,2024-02-18,CUST-092,PROD-037,32,Traditional Trade,Kuningan
S03663,2024-07-24,CUST-113,PROD-036,246,Modern Trade,Bandung
S03664,2024-09-07,CUST-003,PROD-005,32,E-commerce,Purwakarta
S03665,2024-09-10,CUST-107,PROD-024,58,Traditional Trade,Karawang
S03666,2024-10-08,CUST-063,PROD-024,127,Traditional Trade,Purwakarta
S03667,2024-11-23,CUST-134,PROD-029,91,Traditional Trade,Bandung Barat
S03668,2024-06-22,CUST-102,PROD-031,10,E-commerce,Tasikmalaya Kab.
S03669,2024-09-26,CUST-015,PROD-037,40,E-commerce,Bogor Kab.
S03670,2024-08-09,CUST-199,PROD-019,74,Traditional Trade,Tasikmalaya
S03671,2024-03-07,CUST-171,PROD-023,28,Traditional Trade,Bekasi
S03672,2024-01-10,CUST-091,PROD-035,36,Modern Trade,Subang
S03673,2024-04-02,CUST-081,PROD-006,140,Modern Trade,Sumedang
S03674,2024-05-30,CUST-146,PROD-006,21,E-commerce,Bogor
S03675,2024-08-08,CUST-150,PROD-037,125,Traditional Trade,Purwakarta
S03676,2024-11-16,CUST-061,PROD-030,344,Distributor,Bandung Barat
S03677,2024-03-10,CUST-120,PROD-001,297,Modern Trade,Cimahi
S03678,2024-02-17,CUST-061,PROD-008,303,Distributor,Bandung Barat
S03679,2024-12-20,CUST-053,PROD-028,89,Traditional Trade,Bogor Kab.
S03680,2024-02-10,CUST-026,PROD-025,9,E-commerce,Pangandaran
S03681,2024-06-14,CUST-115,PROD-033,59,Modern Trade,Cimahi
S03682,2024-07-27,CUST-040,PROD-038,10,Modern Trade,Garut
S03683,2024-07-09,CUST-088,PROD-014,53,Distributor,Indramayu
S03684,2024-02-02,CUST-116,PROD-011,4,E-commerce,Cianjur
S03685,2024-01-22,CUST-136,PROD-002,139,Distributor,Indramayu
S03686,2024-02-09,CUST-021,PROD-030,171,Modern Trade,Bandung Barat
S03687,2024-07-27,CUST-043,PROD-030,164,Modern Trade,Ciamis
S03688,2024-07-10,CUST-021,PROD-004,24,Modern Trade,Bandung Barat
S03689,2024-03-20,CUST-131,PROD-013,113,Traditional Trade,Sukabumi
S03690,2024-08-15,CUST-031,PROD-007,41,Modern Trade,Cirebon Kab.
S03691,2024-11-07,CUST-155,PROD-038,474,Distributor,Tasikmalaya Kab.
S03692,2024-01-16,CUST-027,PROD-003,72,Modern Trade,Bandung
S03693,2024-06-22,CUST-073,PROD-009,44,E-commerce,Cimahi
S03694,2024-09-04,CUST-185,PROD-014,112,Traditional Trade,Karawang
S03695,2024-03-24,CUST-097,PROD-011,18,Traditional Trade,Karawang
S03696,2024-04-08,CUST-161,PROD-037,32,Modern Trade,Purwakarta
S03697,2024-08-07,CUST-090,PROD-014,160,Distributor,Cimahi
S03698,2024-12-01,CUST-044,PROD-019,169,Modern Trade,Tasikmalaya
S03699,2024-11-04,CUST-043,PROD-008,50,Modern Trade,Ciamis
S03700,2024-07-26,CUST-031,PROD-007,291,Modern Trade,Cirebon Kab.
S03701,2024-09-26,CUST-117,PROD-007,48,E-commerce,Cirebon
S03702,2024-04-23,CUST-193,PROD-003,153,Modern Trade,Tasikmalaya Kab.
S03703,2024-08-17,CUST-076,PROD-003,464,Distributor,Bekasi Kab.
S03704,2024-06-09,CUST-145,PROD-018,36,Traditional Trade,Garut Kab.
S03705,2024-03-08,CUST-143,PROD-033,443,Distributor,Cimahi
S03706,2024-09-11,CUST-034,PROD-037,162,Modern Trade,Garut Kab.
S03707,2024-07-15,CUST-080,PROD-028,131,Distributor,Banjar
S03708,2024-04-21,CUST-004,PROD-036,235,Modern Trade,Cirebon
S03709,2024-12-05,CUST-072,PROD-016,478,Distributor,Sumedang
S03710,2024-01-09,CUST-098,PROD-015,161,Modern Trade,Sumedang
S03711,2024-04-10,CUST-110,PROD-029,268,Modern Trade,Depok
S03712,2024-01-22,CUST-028,PROD-018,88,Modern Trade,Cirebon Kab.
S03713,2024-10-15,CUST-130,PROD-019,204,Modern Trade,Depok
S03714,2024-09-11,CUST-017,PROD-029,14,Traditional Trade,Cianjur
S03715,2024-04-14,CUST-058,PROD-006,38,E-commerce,Sukabumi
S03716,2024-08-29,CUST-127,PROD-027,146,Traditional Trade,Depok
S03717,2024-05-01,CUST-009,PROD-007,140,Traditional Trade,Garut
S03718,2024-10-09,CUST-031,PROD-027,132,Modern Trade,Cirebon Kab.
S03719,2024-06-04,CUST-194,PROD-019,119,Modern Trade,Kuningan
S03720,2024-05-11,CUST-088,PROD-017,192,Distributor,Indramayu
S03721,2024-12-12,CUST-062,PROD-011,6,E-commerce,Ciamis
S03722,2024-03-24,CUST-019,PROD-005,58,Traditional Trade,Banjar
S03723,2024-02-15,CUST-081,PROD-002,49,Modern Trade,Sumedang
S03724,2024-07-27,CUST-107,PROD-012,31,Traditional Trade,Karawang
S03725,2024-12-22,CUST-055,PROD-011,189,Modern Trade,Subang
S03726,2024-04-26,CUST-156,PROD-010,46,E-commerce,Kuningan
S03727,2024-01-24,CUST-112,PROD-028,146,Traditional Trade,Cianjur
S03728,2024-04-16,CUST-123,PROD-007,34,E-commerce,Bandung
S03729,2024-06-25,CUST-178,PROD-014,130,Traditional Trade,Karawang
S03730,2024-03-01,CUST-065,PROD-013,67,Modern Trade,Cirebon Kab.
S03731,2024-08-23,CUST-124,PROD-005,49,E-commerce,Garut Kab.
S03732,2024-12-31,CUST-003,PROD-008,15,E-commerce,Purwakarta
S03733,2024-06-03,CUST-180,PROD-001,334,Distributor,Garut Kab.
S03734,2024-04-20,CUST-138,PROD-005,163,Modern Trade,Kuningan
S03735,2024-05-04,CUST-021,PROD-011,36,Modern Trade,Bandung Barat
S03736,2024-02-13,CUST-037,PROD-010,500,Distributor,Indramayu
S03737,2024-11-26,CUST-015,PROD-015,3,E-commerce,Bogor Kab.
S03738,2024-05-13,CUST-087,PROD-039,212,Distributor,Subang
S03739,2024-04-29,CUST-120,PROD-029,259,Modern Trade,Cimahi
S03740,2024-08-23,CUST-137,PROD-025,35,E-commerce,Kuningan
S03741,2024-05-29,CUST-044,PROD-006,99,Modern Trade,Tasikmalaya
S03742,2024-08-19,CUST-039,PROD-011,135,Traditional Trade,Purwakarta
S03743,2024-01-24,CUST-133,PROD-017,466,Distributor,Cirebon Kab.
S03744,2024-11-05,CUST-025,PROD-015,46,Traditional Trade,Bandung Barat
S03745,2024-12-13,CUST-056,PROD-016,17,Traditional Trade,Sumedang
S03746,2024-08-19,CUST-121,PROD-002,29,E-commerce,Bogor
S03747,2024-12-18,CUST-090,PROD-036,314,Distributor,Cimahi
S03748,2024-02-26,CUST-064,PROD-019,36,Traditional Trade,Depok
S03749,2024-06-13,CUST-200,PROD-038,22,E-commerce,Garut Kab.
S03750,2024-08-02,CUST-180,PROD-021,135,Distributor,Garut Kab.
S03751,2024-07-25,CUST-089,PROD-011,67,Modern Trade,Purwakarta
S03752,2024-05-04,CUST-112,PROD-003,61,Traditional Trade,Cianjur
S03753,2024-04-16,CUST-076,PROD-034,443,Distributor,Bekasi Kab.
S03754,2024-02-17,CUST-137,PROD-018,25,E-commerce,Kuningan
S03755,2024-04-30,CUST-138,PROD-015,199,Modern Trade,Kuningan
S03756,2024-03-01,CUST-010,PROD-025,12,E-commerce,Kuningan
S03757,2024-09-28,CUST-062,PROD-015,3,E-commerce,Ciamis
S03758,2024-03-13,CUST-090,PROD-030,388,Distributor,Cimahi
S03759,2024-01-23,CUST-060,PROD-017,17,Traditional Trade,Pangandaran
S03760,2024-07-14,CUST-147,PROD-018,7,E-commerce,Bandung
S03761,2024-07-31,CUST-107,PROD-031,26,Traditional Trade,Karawang
S03762,2024-11-23,CUST-038,PROD-018,389,Distributor,Purwakarta
S03763,2024-07-24,CUST-134,PROD-035,111,Traditional Trade,Bandung Barat
S03764,2024-04-18,CUST-143,PROD-013,72,Distributor,Cimahi
S03765,2024-11-02,CUST-047,PROD-014,23,Modern Trade,Garut
S03766,2024-07-09,CUST-173,PROD-036,103,Modern Trade,Depok
S03767,2024-01-31,CUST-133,PROD-018,392,Distributor,Cirebon Kab.
S03768,2024-07-19,CUST-078,PROD-005,61,Modern Trade,Sukabumi Kab.
S03769,2024-12-04,CUST-053,PROD-014,87,Traditional Trade,Bogor Kab.
S03770,2024-05-01,CUST-194,PROD-025,50,Modern Trade,Kuningan
S03771,2024-04-05,CUST-062,PROD-039,36,E-commerce,Ciamis
S03772,2024-02-23,CUST-023,PROD-012,10,Traditional Trade,Cirebon Kab.
S03773,2024-02-26,CUST-044,PROD-040,147,Modern Trade,Tasikmalaya
S03774,2024-05-23,CUST-052,PROD-028,148,Distributor,Sumedang
S03775,2024-07-31,CUST-046,PROD-035,390,Distributor,Bekasi
S03776,2024-01-31,CUST-147,PROD-001,32,E-commerce,Bandung
S03777,2024-12-13,CUST-084,PROD-003,39,Modern Trade,Bandung Barat
S03778,2024-10-09,CUST-047,PROD-007,234,Modern Trade,Garut
S03779,2024-07-27,CUST-091,PROD-009,270,Modern Trade,Subang
S03780,2024-11-09,CUST-052,PROD-036,296,Distributor,Sumedang
S03781,2024-01-31,CUST-024,PROD-023,88,Modern Trade,Bekasi Kab.
S03782,2024-06-13,CUST-145,PROD-024,47,Traditional Trade,Garut Kab.
S03783,2024-08-13,CUST-089,PROD-010,189,Modern Trade,Purwakarta
S03784,2024-11-09,CUST-174,PROD-012,126,Distributor,Karawang
S03785,2024-10-23,CUST-064,PROD-019,10,Traditional Trade,Depok
S03786,2024-03-31,CUST-119,PROD-032,6,Traditional Trade,Majalengka
S03787,2024-12-14,CUST-156,PROD-024,17,E-commerce,Kuningan
S03788,2024-02-16,CUST-178,PROD-022,92,Traditional Trade,Karawang
S03789,2024-11-24,CUST-064,PROD-003,16,Traditional Trade,Depok
S03790,2024-12-23,CUST-156,PROD-040,44,E-commerce,Kuningan
S03791,2024-03-05,CUST-086,PROD-027,82,Traditional Trade,Bogor Kab.
S03792,2024-09-21,CUST-056,PROD-019,11,Traditional Trade,Sumedang
S03793,2024-01-16,CUST-059,PROD-009,26,E-commerce,Tasikmalaya Kab.
S03794,2024-05-07,CUST-133,PROD-013,465,Distributor,Cirebon Kab.
S03795,2024-06-29,CUST-182,PROD-002,77,Traditional Trade,Banjar
S03796,2024-07-25,CUST-172,PROD-036,383,Distributor,Kuningan
S03797,2024-12-12,CUST-170,PROD-029,190,Modern Trade,Bogor Kab.
S03798,2024-08-28,CUST-200,PROD-011,17,E-commerce,Garut Kab.
S03799,2024-06-15,CUST-125,PROD-034,49,E-commerce,Bekasi
S03800,2024-11-04,CUST-185,PROD-004,29,Traditional Trade,Karawang
S03801,2024-12-16,CUST-047,PROD-004,246,Modern Trade,Garut
S03802,2024-01-09,CUST-121,PROD-001,29,E-commerce,Bogor
S03803,2024-12-26,CUST-153,PROD-025,300,Distributor,Bandung
S03804,2024-02-02,CUST-102,PROD-026,29,E-commerce,Tasikmalaya Kab.
S03805,2024-11-05,CUST-044,PROD-011,232,Modern Trade,Tasikmalaya
S03806,2024-04-01,CUST-015,PROD-023,19,E-commerce,Bogor Kab.
S03807,2024-02-19,CUST-105,PROD-002,386,Distributor,Sukabumi
S03808,2024-05-28,CUST-051,PROD-019,143,Modern Trade,Depok
S03809,2024-08-18,CUST-053,PROD-029,80,Traditional Trade,Bogor Kab.
S03810,2024-04-27,CUST-034,PROD-040,268,Modern Trade,Garut Kab.
S03811,2024-01-21,CUST-124,PROD-004,47,E-commerce,Garut Kab.
S03812,2024-08-02,CUST-077,PROD-016,44,Modern Trade,Banjar
S03813,2024-12-02,CUST-136,PROD-037,232,Distributor,Indramayu
S03814,2024-04-27,CUST-123,PROD-027,47,E-commerce,Bandung
S03815,2024-03-15,CUST-070,PROD-005,97,Traditional Trade,Majalengka
S03816,2024-05-29,CUST-021,PROD-015,206,Modern Trade,Bandung Barat
S03817,2024-01-19,CUST-108,PROD-023,63,Traditional Trade,Bandung
S03818,2024-11-07,CUST-108,PROD-003,100,Traditional Trade,Bandung
S03819,2024-11-09,CUST-135,PROD-018,27,Modern Trade,Bandung
S03820,2024-07-28,CUST-090,PROD-026,283,Distributor,Cimahi
S03821,2024-04-20,CUST-079,PROD-006,40,E-commerce,Bogor Kab.
S03822,2024-11-01,CUST-184,PROD-017,431,Distributor,Sukabumi Kab.
S03823,2024-07-14,CUST-177,PROD-038,81,Traditional Trade,Bogor Kab.
S03824,2024-11-09,CUST-042,PROD-027,70,Traditional Trade,Kuningan
S03825,2024-08-13,CUST-151,PROD-020,24,Traditional Trade,Subang
S03826,2024-10-24,CUST-052,PROD-006,248,Distributor,Sumedang
S03827,2024-08-01,CUST-102,PROD-035,11,E-commerce,Tasikmalaya Kab.
S03828,2024-05-12,CUST-105,PROD-012,462,Distributor,Sukabumi
S03829,2024-12-19,CUST-079,PROD-003,18,E-commerce,Bogor Kab.
S03830,2024-07-09,CUST-112,PROD-004,76,Traditional Trade,Cianjur
S03831,2024-08-04,CUST-181,PROD-004,27,E-commerce,Garut
S03832,2024-03-16,CUST-104,PROD-004,42,E-commerce,Karawang
S03833,2024-08-11,CUST-016,PROD-039,2,E-commerce,Cimahi
S03834,2024-07-21,CUST-096,PROD-021,404,Distributor,Indramayu
S03835,2024-03-07,CUST-037,PROD-002,331,Distributor,Indramayu
S03836,2024-01-23,CUST-146,PROD-016,23,E-commerce,Bogor
S03837,2024-08-03,CUST-148,PROD-007,5,E-commerce,Bogor
S03838,2024-10-13,CUST-046,PROD-019,129,Distributor,Bekasi
S03839,2024-07-02,CUST-002,PROD-033,42,E-commerce,Ciamis
S03840,2024-03-18,CUST-119,PROD-009,15,Traditional Trade,Majalengka
S03841,2024-08-26,CUST-087,PROD-037,452,Distributor,Subang
S03842,2024-01-31,CUST-094,PROD-017,257,Distributor,Cimahi
S03843,2024-05-29,CUST-191,PROD-027,445,Distributor,Ciamis
S03844,2024-03-01,CUST-003,PROD-033,2,E-commerce,Purwakarta
S03845,2024-03-07,CUST-174,PROD-012,220,Distributor,Karawang
S03846,2024-03-11,CUST-111,PROD-011,455,Distributor,Sukabumi
S03847,2024-04-28,CUST-177,PROD-013,37,Traditional Trade,Bogor Kab.
S03848,2024-01-20,CUST-001,PROD-031,28,Traditional Trade,Depok
S03849,2024-05-02,CUST-105,PROD-013,246,Distributor,Sukabumi
S03850,2024-06-27,CUST-022,PROD-038,454,Distributor,Cianjur
S03851,2024-06-16,CUST-142,PROD-026,95,Distributor,Cirebon Kab.
S03852,2024-04-27,CUST-173,PROD-031,283,Modern Trade,Depok
S03853,2024-11-13,CUST-134,PROD-022,137,Traditional Trade,Bandung Barat
S03854,2024-02-24,CUST-065,PROD-006,273,Modern Trade,Cirebon Kab.
S03855,2024-06-25,CUST-021,PROD-020,94,Modern Trade,Bandung Barat
S03856,2024-01-24,CUST-004,PROD-021,14,Modern Trade,Cirebon
S03857,2024-01-28,CUST-131,PROD-010,17,Traditional Trade,Sukabumi
S03858,2024-07-22,CUST-113,PROD-019,230,Modern Trade,Bandung
S03859,2024-07-19,CUST-030,PROD-035,2,E-commerce,Banjar
S03860,2024-11-24,CUST-031,PROD-026,78,Modern Trade,Cirebon Kab.
S03861,2024-07-16,CUST-162,PROD-007,36,Traditional Trade,Purwakarta
S03862,2024-12-19,CUST-020,PROD-037,106,Traditional Trade,Pangandaran
S03863,2024-01-19,CUST-054,PROD-008,48,E-commerce,Tasikmalaya
S03864,2024-02-07,CUST-126,PROD-005,134,Traditional Trade,Sukabumi Kab.
S03865,2024-01-17,CUST-153,PROD-036,374,Distributor,Bandung
S03866,2024-03-07,CUST-015,PROD-028,47,E-commerce,Bogor Kab.
S03867,2024-07-09,CUST-166,PROD-003,188,Modern Trade,Garut
S03868,2024-08-18,CUST-151,PROD-039,147,Traditional Trade,Subang
S03869,2024-01-18,CUST-180,PROD-008,276,Distributor,Garut Kab.
S03870,2024-12-15,CUST-194,PROD-015,81,Modern Trade,Kuningan
S03871,2024-11-14,CUST-185,PROD-027,115,Traditional Trade,Karawang
S03872,2024-04-05,CUST-057,PROD-036,74,Modern Trade,Tasikmalaya Kab.
S03873,2024-01-30,CUST-079,PROD-016,38,E-commerce,Bogor Kab.
S03874,2024-03-03,CUST-180,PROD-026,263,Distributor,Garut Kab.
S03875,2024-02-17,CUST-163,PROD-004,21,Traditional Trade,Tasikmalaya Kab.
S03876,2024-02-16,CUST-014,PROD-012,84,Traditional Trade,Pangandaran
S03877,2024-06-30,CUST-091,PROD-017,182,Modern Trade,Subang
S03878,2024-03-23,CUST-014,PROD-026,133,Traditional Trade,Pangandaran
S03879,2024-04-21,CUST-099,PROD-031,7,Traditional Trade,Purwakarta
S03880,2024-12-28,CUST-033,PROD-015,432,Distributor,Majalengka
S03881,2024-09-02,CUST-180,PROD-034,433,Distributor,Garut Kab.
S03882,2024-12-16,CUST-001,PROD-029,74,Traditional Trade,Depok
S03883,2024-02-23,CUST-034,PROD-009,61,Modern Trade,Garut Kab.
S03884,2024-04-27,CUST-019,PROD-014,126,Traditional Trade,Banjar
S03885,2024-07-15,CUST-152,PROD-036,308,Distributor,Bogor
S03886,2024-01-30,CUST-004,PROD-004,248,Modern Trade,Cirebon
S03887,2024-01-02,CUST-164,PROD-038,98,Traditional Trade,Sukabumi Kab.
S03888,2024-08-27,CUST-077,PROD-037,56,Modern Trade,Banjar
S03889,2024-08-17,CUST-058,PROD-024,11,E-commerce,Sukabumi
S03890,2024-05-10,CUST-160,PROD-017,95,Traditional Trade,Sukabumi
S03891,2024-06-18,CUST-137,PROD-013,22,E-commerce,Kuningan
S03892,2024-05-13,CUST-103,PROD-020,10,Traditional Trade,Tasikmalaya
S03893,2024-01-10,CUST-067,PROD-017,38,E-commerce,Purwakarta
S03894,2024-04-15,CUST-116,PROD-027,41,E-commerce,Cianjur
S03895,2024-03-05,CUST-148,PROD-033,46,E-commerce,Bogor
S03896,2024-02-07,CUST-120,PROD-021,52,Modern Trade,Cimahi
S03897,2024-12-18,CUST-190,PROD-017,6,E-commerce,Cirebon Kab.
S03898,2024-08-01,CUST-186,PROD-022,118,Traditional Trade,Tasikmalaya
S03899,2024-09-25,CUST-022,PROD-025,453,Distributor,Cianjur
S03900,2024-04-10,CUST-112,PROD-003,51,Traditional Trade,Cianjur
S03901,2024-04-30,CUST-195,PROD-027,35,Traditional Trade,Tasikmalaya
S03902,2024-03-20,CUST-075,PROD-027,151,Distributor,Bandung Barat
S03903,2024-02-06,CUST-176,PROD-012,73,Modern Trade,Cirebon
S03904,2024-03-05,CUST-136,PROD-015,395,Distributor,Indramayu
S03905,2024-10-31,CUST-143,PROD-038,140,Distributor,Cimahi
S03906,2024-08-30,CUST-032,PROD-020,491,Distributor,Tasikmalaya
S03907,2024-07-11,CUST-181,PROD-022,46,E-commerce,Garut
S03908,2024-06-12,CUST-067,PROD-002,46,E-commerce,Purwakarta
S03909,2024-12-08,CUST-004,PROD-004,289,Modern Trade,Cirebon
S03910,2024-01-28,CUST-030,PROD-013,13,E-commerce,Banjar
S03911,2024-04-01,CUST-013,PROD-032,138,Distributor,Cianjur
S03912,2024-04-19,CUST-021,PROD-022,294,Modern Trade,Bandung Barat
S03913,2024-10-23,CUST-041,PROD-025,31,E-commerce,Cirebon Kab.
S03914,2024-12-29,CUST-121,PROD-027,43,E-commerce,Bogor
S03915,2024-03-21,CUST-019,PROD-017,134,Traditional Trade,Banjar
S03916,2024-11-23,CUST-048,PROD-006,144,Traditional Trade,Depok
S03917,2024-11-10,CUST-086,PROD-016,137,Traditional Trade,Bogor Kab.
S03918,2024-03-17,CUST-063,PROD-008,95,Traditional Trade,Purwakarta
S03919,2024-05-03,CUST-148,PROD-033,34,E-commerce,Bogor
S03920,2024-05-09,CUST-192,PROD-010,82,Traditional Trade,Cirebon
S03921,2024-12-25,CUST-037,PROD-034,376,Distributor,Indramayu
S03922,2024-03-06,CUST-031,PROD-019,174,Modern Trade,Cirebon Kab.
S03923,2024-11-01,CUST-074,PROD-014,36,E-commerce,Bogor Kab.
S03924,2024-04-15,CUST-146,PROD-003,10,E-commerce,Bogor
S03925,2024-09-26,CUST-107,PROD-023,33,Traditional Trade,Karawang
S03926,2024-05-16,CUST-103,PROD-040,84,Traditional Trade,Tasikmalaya
S03927,2024-07-24,CUST-110,PROD-011,178,Modern Trade,Depok
S03928,2024-11-11,CUST-020,PROD-006,37,Traditional Trade,Pangandaran
S03929,2024-11-02,CUST-139,PROD-034,97,Traditional Trade,Cianjur
S03930,2024-11-21,CUST-086,PROD-001,116,Traditional Trade,Bogor Kab.
S03931,2024-01-23,CUST-044,PROD-035,218,Modern Trade,Tasikmalaya
S03932,2024-09-06,CUST-082,PROD-025,203,Modern Trade,Tasikmalaya Kab.
S03933,2024-02-22,CUST-064,PROD-029,12,Traditional Trade,Depok
S03934,2024-05-13,CUST-122,PROD-023,122,Traditional Trade,Bogor
S03935,2024-07-12,CUST-162,PROD-018,13,Traditional Trade,Purwakarta
S03936,2024-05-05,CUST-087,PROD-014,456,Distributor,Subang
S03937,2024-06-30,CUST-065,PROD-017,208,Modern Trade,Cirebon Kab.
S03938,2024-12-30,CUST-055,PROD-002,286,Modern Trade,Subang
S03939,2024-02-20,CUST-074,PROD-031,1,E-commerce,Bogor Kab.
S03940,2024-08-29,CUST-117,PROD-019,46,E-commerce,Cirebon
S03941,2024-05-01,CUST-129,PROD-032,66,Traditional Trade,Sukabumi
S03942,2024-02-19,CUST-166,PROD-028,11,Modern Trade,Garut
S03943,2024-02-29,CUST-137,PROD-008,40,E-commerce,Kuningan
S03944,2024-12-16,CUST-095,PROD-040,11,E-commerce,Pangandaran
S03945,2024-11-25,CUST-199,PROD-039,105,Traditional Trade,Tasikmalaya
S03946,2024-12-03,CUST-145,PROD-022,92,Traditional Trade,Garut Kab.
S03947,2024-12-29,CUST-099,PROD-024,132,Traditional Trade,Purwakarta
S03948,2024-03-13,CUST-112,PROD-038,87,Traditional Trade,Cianjur
S03949,2024-04-20,CUST-052,PROD-002,54,Distributor,Sumedang
S03950,2024-08-27,CUST-146,PROD-019,29,E-commerce,Bogor
S03951,2024-06-16,CUST-191,PROD-002,88,Distributor,Ciamis
S03952,2024-05-15,CUST-033,PROD-028,433,Distributor,Majalengka
S03953,2024-04-21,CUST-004,PROD-032,84,Modern Trade,Cirebon
S03954,2024-07-30,CUST-087,PROD-019,150,Distributor,Subang
S03955,2024-07-23,CUST-075,PROD-016,190,Distributor,Bandung Barat
S03956,2024-03-01,CUST-180,PROD-030,142,Distributor,Garut Kab.
S03957,2024-06-11,CUST-009,PROD-022,123,Traditional Trade,Garut
S03958,2024-07-14,CUST-064,PROD-014,36,Traditional Trade,Depok
S03959,2024-07-21,CUST-030,PROD-001,45,E-commerce,Banjar
S03960,2024-03-13,CUST-136,PROD-002,92,Distributor,Indramayu
S03961,2024-10-02,CUST-133,PROD-022,185,Distributor,Cirebon Kab.
S03962,2024-01-10,CUST-076,PROD-033,379,Distributor,Bekasi Kab.
S03963,2024-04-20,CUST-191,PROD-015,266,Distributor,Ciamis
S03964,2024-10-22,CUST-129,PROD-022,143,Traditional Trade,Sukabumi
S03965,2024-07-18,CUST-015,PROD-040,28,E-commerce,Bogor Kab.
S03966,2024-03-27,CUST-089,PROD-039,48,Modern Trade,Purwakarta
S03967,2024-09-07,CUST-166,PROD-011,291,Modern Trade,Garut
S03968,2024-07-20,CUST-170,PROD-004,35,Modern Trade,Bogor Kab.
S03969,2024-10-30,CUST-128,PROD-007,32,E-commerce,Tasikmalaya Kab.
S03970,2024-09-28,CUST-174,PROD-021,95,Distributor,Karawang
S03971,2024-08-05,CUST-181,PROD-007,28,E-commerce,Garut
S03972,2024-06-18,CUST-026,PROD-004,7,E-commerce,Pangandaran
S03973,2024-02-20,CUST-061,PROD-012,84,Distributor,Bandung Barat
S03974,2024-03-27,CUST-123,PROD-027,2,E-commerce,Bandung
S03975,2024-05-15,CUST-067,PROD-017,22,E-commerce,Purwakarta
S03976,2024-08-01,CUST-182,PROD-020,126,Traditional Trade,Banjar
S03977,2024-06-28,CUST-150,PROD-031,7,Traditional Trade,Purwakarta
S03978,2024-04-03,CUST-026,PROD-026,46,E-commerce,Pangandaran
S03979,2024-01-03,CUST-083,PROD-031,483,Distributor,Cirebon Kab.
S03980,2024-06-21,CUST-108,PROD-035,12,Traditional Trade,Bandung
S03981,2024-04-02,CUST-111,PROD-009,309,Distributor,Sukabumi
S03982,2024-09-28,CUST-060,PROD-005,19,Traditional Trade,Pangandaran
S03983,2024-01-10,CUST-039,PROD-008,48,Traditional Trade,Purwakarta
S03984,2024-07-27,CUST-123,PROD-021,46,E-commerce,Bandung
S03985,2024-12-14,CUST-036,PROD-016,124,Traditional Trade,Sukabumi Kab.
S03986,2024-03-04,CUST-021,PROD-016,85,Modern Trade,Bandung Barat
S03987,2024-06-11,CUST-169,PROD-018,116,Traditional Trade,Ciamis
S03988,2024-02-04,CUST-118,PROD-028,21,E-commerce,Garut
S03989,2024-08-11,CUST-048,PROD-018,91,Traditional Trade,Depok
S03990,2024-07-13,CUST-026,PROD-014,18,E-commerce,Pangandaran
S03991,2024-05-08,CUST-191,PROD-037,240,Distributor,Ciamis
S03992,2024-07-01,CUST-036,PROD-040,56,Traditional Trade,Sukabumi Kab.
S03993,2024-11-30,CUST-152,PROD-016,103,Distributor,Bogor
S03994,2024-03-10,CUST-128,PROD-021,24,E-commerce,Tasikmalaya Kab.
S03995,2024-01-09,CUST-149,PROD-001,42,E-commerce,Bekasi
S03996,2024-11-20,CUST-146,PROD-011,29,E-commerce,Bogor
S03997,2024-07-24,CUST-015,PROD-011,38,E-commerce,Bogor Kab.
S03998,2024-11-28,CUST-079,PROD-002,38,E-commerce,Bogor Kab.
S03999,2024-08-01,CUST-134,PROD-032,145,Traditional Trade,Bandung Barat
S04000,2024-11-04,CUST-171,PROD-019,36,Traditional Trade,Bekasi
S04001,2024-05-22,CUST-159,PROD-005,91,Modern Trade,Garut Kab.
S04002,2024-10-06,CUST-028,PROD-003,176,Modern Trade,Cirebon Kab.
S04003,2024-12-05,CUST-136,PROD-028,460,Distributor,Indramayu
S04004,2024-07-22,CUST-157,PROD-026,82,Traditional Trade,Subang
S04005,2024-03-06,CUST-149,PROD-023,15,E-commerce,Bekasi
S04006,2024-03-29,CUST-120,PROD-030,82,Modern Trade,Cimahi
S04007,2024-03-10,CUST-088,PROD-008,262,Distributor,Indramayu
S04008,2024-03-23,CUST-186,PROD-036,18,Traditional Trade,Tasikmalaya
S04009,2024-04-07,CUST-188,PROD-029,228,Modern Trade,Bekasi Kab.
S04010,2024-07-15,CUST-178,PROD-013,140,Traditional Trade,Karawang
S04011,2024-07-28,CUST-031,PROD-025,44,Modern Trade,Cirebon Kab.
S04012,2024-05-20,CUST-047,PROD-022,155,Modern Trade,Garut
S04013,2024-08-07,CUST-034,PROD-033,192,Modern Trade,Garut Kab.
S04014,2024-02-01,CUST-002,PROD-037,14,E-commerce,Ciamis
S04015,2024-02-03,CUST-106,PROD-007,357,Distributor,Purwakarta
S04016,2024-03-03,CUST-195,PROD-023,76,Traditional Trade,Tasikmalaya
S04017,2024-06-30,CUST-094,PROD-006,482,Distributor,Cimahi
S04018,2024-03-14,CUST-072,PROD-015,441,Distributor,Sumedang
S04019,2024-04-01,CUST-052,PROD-015,470,Distributor,Sumedang
S04020,2024-05-04,CUST-135,PROD-040,245,Modern Trade,Bandung
S04021,2024-11-04,CUST-147,PROD-034,2,E-commerce,Bandung
S04022,2024-01-06,CUST-090,PROD-014,386,Distributor,Cimahi
S04023,2024-08-20,CUST-092,PROD-029,81,Traditional Trade,Kuningan
S04024,2024-08-27,CUST-143,PROD-016,423,Distributor,Cimahi
S04025,2024-10-31,CUST-078,PROD-029,82,Modern Trade,Sukabumi Kab.
S04026,2024-12-11,CUST-176,PROD-023,36,Modern Trade,Cirebon
S04027,2024-01-08,CUST-125,PROD-010,20,E-commerce,Bekasi
S04028,2024-02-27,CUST-142,PROD-004,87,Distributor,Cirebon Kab.
S04029,2024-11-27,CUST-131,PROD-012,144,Traditional Trade,Sukabumi
S04030,2024-06-06,CUST-050,PROD-034,475,Distributor,Sukabumi
S04031,2024-07-19,CUST-093,PROD-004,135,Distributor,Tasikmalaya
S04032,2024-08-25,CUST-124,PROD-020,37,E-commerce,Garut Kab.
S04033,2024-08-31,CUST-054,PROD-028,50,E-commerce,Tasikmalaya
S04034,2024-12-11,CUST-134,PROD-028,107,Traditional Trade,Bandung Barat
S04035,2024-12-31,CUST-177,PROD-006,35,Traditional Trade,Bogor Kab.
S04036,2024-09-20,CUST-151,PROD-014,44,Traditional Trade,Subang
S04037,2024-04-02,CUST-078,PROD-035,166,Modern Trade,Sukabumi Kab.
S04038,2024-11-25,CUST-078,PROD-001,177,Modern Trade,Sukabumi Kab.
S04039,2024-01-19,CUST-020,PROD-019,134,Traditional Trade,Pangandaran
S04040,2024-03-19,CUST-091,PROD-001,91,Modern Trade,Subang
S04041,2024-11-30,CUST-188,PROD-013,165,Modern Trade,Bekasi Kab.
S04042,2024-03-25,CUST-099,PROD-008,36,Traditional Trade,Purwakarta
S04043,2024-03-16,CUST-173,PROD-018,97,Modern Trade,Depok
S04044,2024-02-21,CUST-189,PROD-035,38,E-commerce,Cirebon Kab.
S04045,2024-11-19,CUST-056,PROD-023,93,Traditional Trade,Sumedang
S04046,2024-06-22,CUST-002,PROD-026,25,E-commerce,Ciamis
S04047,2024-08-29,CUST-105,PROD-038,337,Distributor,Sukabumi
S04048,2024-03-21,CUST-173,PROD-020,105,Modern Trade,Depok
S04049,2024-10-10,CUST-168,PROD-002,31,E-commerce,Majalengka
S04050,2024-10-11,CUST-112,PROD-026,118,Traditional Trade,Cianjur
S04051,2024-04-09,CUST-024,PROD-036,33,Modern Trade,Bekasi Kab.
S04052,2024-05-10,CUST-157,PROD-025,34,Traditional Trade,Subang
S04053,2024-03-13,CUST-195,PROD-030,101,Traditional Trade,Tasikmalaya
S04054,2024-12-24,CUST-109,PROD-018,59,Traditional Trade,Tasikmalaya
S04055,2024-08-18,CUST-068,PROD-007,33,E-commerce,Bogor
S04056,2024-12-12,CUST-114,PROD-027,95,Distributor,Cirebon Kab.
S04057,2024-04-07,CUST-194,PROD-011,228,Modern Trade,Kuningan
S04058,2024-10-23,CUST-084,PROD-037,298,Modern Trade,Bandung Barat
S04059,2024-10-14,CUST-182,PROD-008,34,Traditional Trade,Banjar
S04060,2024-09-06,CUST-181,PROD-011,44,E-commerce,Garut
S04061,2024-12-21,CUST-049,PROD-024,88,Modern Trade,Pangandaran
S04062,2024-04-30,CUST-032,PROD-030,462,Distributor,Tasikmalaya
S04063,2024-02-19,CUST-061,PROD-030,495,Distributor,Bandung Barat
S04064,2024-08-28,CUST-170,PROD-015,101,Modern Trade,Bogor Kab.
S04065,2024-09-25,CUST-129,PROD-035,100,Traditional Trade,Sukabumi
S04066,2024-07-23,CUST-191,PROD-039,277,Distributor,Ciamis
S04067,2024-03-13,CUST-102,PROD-024,30,E-commerce,Tasikmalaya Kab.
S04068,2024-06-24,CUST-035,PROD-008,411,Distributor,Garut Kab.
S04069,2024-04-09,CUST-051,PROD-020,244,Modern Trade,Depok
S04070,2024-05-20,CUST-199,PROD-026,106,Traditional Trade,Tasikmalaya
S04071,2024-08-18,CUST-045,PROD-024,144,Traditional Trade,Bogor
S04072,2024-10-03,CUST-077,PROD-022,152,Modern Trade,Banjar
S04073,2024-03-19,CUST-113,PROD-005,249,Modern Trade,Bandung
S04074,2024-05-07,CUST-065,PROD-015,275,Modern Trade,Cirebon Kab.
S04075,2024-03-29,CUST-014,PROD-036,90,Traditional Trade,Pangandaran
S04076,2024-03-10,CUST-093,PROD-037,110,Distributor,Tasikmalaya
S04077,2024-10-23,CUST-131,PROD-029,27,Traditional Trade,Sukabumi
S04078,2024-12-04,CUST-024,PROD-015,20,Modern Trade,Bekasi Kab.
S04079,2024-04-24,CUST-065,PROD-027,25,Modern Trade,Cirebon Kab.
S04080,2024-10-07,CUST-176,PROD-008,58,Modern Trade,Cirebon
S04081,2024-11-30,CUST-138,PROD-029,179,Modern Trade,Kuningan
S04082,2024-11-15,CUST-013,PROD-019,450,Distributor,Cianjur
S04083,2024-03-06,CUST-142,PROD-031,168,Distributor,Cirebon Kab.
S04084,2024-12-18,CUST-100,PROD-009,46,Traditional Trade,Pangandaran
S04085,2024-04-26,CUST-138,PROD-010,19,Modern Trade,Kuningan
S04086,2024-04-16,CUST-168,PROD-037,46,E-commerce,Majalengka
S04087,2024-01-24,CUST-151,PROD-010,53,Traditional Trade,Subang
S04088,2024-06-17,CUST-099,PROD-033,13,Traditional Trade,Purwakarta
S04089,2024-02-11,CUST-055,PROD-025,216,Modern Trade,Subang
S04090,2024-03-23,CUST-063,PROD-004,6,Traditional Trade,Purwakarta
S04091,2024-04-10,CUST-071,PROD-005,72,Traditional Trade,Bogor Kab.
S04092,2024-11-03,CUST-170,PROD-023,219,Modern Trade,Bogor Kab.
S04093,2024-11-24,CUST-099,PROD-039,143,Traditional Trade,Purwakarta
S04094,2024-04-06,CUST-066,PROD-005,46,Modern Trade,Cimahi
S04095,2024-11-19,CUST-079,PROD-008,26,E-commerce,Bogor Kab.
S04096,2024-11-18,CUST-073,PROD-017,8,E-commerce,Cimahi
S04097,2024-10-14,CUST-047,PROD-001,287,Modern Trade,Garut
S04098,2024-02-24,CUST-081,PROD-012,189,Modern Trade,Sumedang
S04099,2024-09-05,CUST-126,PROD-035,9,Traditional Trade,Sukabumi Kab.
S04100,2024-12-15,CUST-052,PROD-014,179,Distributor,Sumedang
S04101,2024-09-01,CUST-146,PROD-018,5,E-commerce,Bogor
S04102,2024-04-14,CUST-146,PROD-010,35,E-commerce,Bogor
S04103,2024-06-23,CUST-152,PROD-015,209,Distributor,Bogor
S04104,2024-08-18,CUST-023,PROD-033,107,Traditional Trade,Cirebon Kab.
S04105,2024-06-27,CUST-140,PROD-019,4,E-commerce,Bekasi
S04106,2024-02-15,CUST-151,PROD-034,91,Traditional Trade,Subang
S04107,2024-04-09,CUST-021,PROD-025,55,Modern Trade,Bandung Barat
S04108,2024-11-02,CUST-064,PROD-016,87,Traditional Trade,Depok
S04109,2024-11-19,CUST-072,PROD-008,203,Distributor,Sumedang
S04110,2024-02-21,CUST-162,PROD-035,54,Traditional Trade,Purwakarta
S04111,2024-12-17,CUST-130,PROD-021,291,Modern Trade,Depok
S04112,2024-04-13,CUST-069,PROD-019,376,Distributor,Subang
S04113,2024-08-24,CUST-159,PROD-011,297,Modern Trade,Garut Kab.
S04114,2024-10-07,CUST-068,PROD-011,47,E-commerce,Bogor
S04115,2024-11-04,CUST-198,PROD-011,166,Distributor,Bandung
S04116,2024-12-15,CUST-147,PROD-022,33,E-commerce,Bandung
S04117,2024-04-09,CUST-128,PROD-021,44,E-commerce,Tasikmalaya Kab.
S04118,2024-11-19,CUST-107,PROD-027,30,Traditional Trade,Karawang
S04119,2024-02-19,CUST-109,PROD-018,92,Traditional Trade,Tasikmalaya
S04120,2024-09-13,CUST-072,PROD-040,356,Distributor,Sumedang
S04121,2024-10-02,CUST-103,PROD-038,91,Traditional Trade,Tasikmalaya
S04122,2024-08-30,CUST-141,PROD-030,471,Distributor,Bogor
S04123,2024-03-24,CUST-065,PROD-033,35,Modern Trade,Cirebon Kab.
S04124,2024-11-23,CUST-134,PROD-021,128,Traditional Trade,Bandung Barat
S04125,2024-03-03,CUST-199,PROD-002,35,Traditional Trade,Tasikmalaya
S04126,2024-01-21,CUST-112,PROD-013,130,Traditional Trade,Cianjur
S04127,2024-09-19,CUST-155,PROD-002,247,Distributor,Tasikmalaya Kab.
S04128,2024-06-12,CUST-079,PROD-031,45,E-commerce,Bogor Kab.
S04129,2024-11-16,CUST-180,PROD-010,80,Distributor,Garut Kab.
S04130,2024-04-28,CUST-126,PROD-023,115,Traditional Trade,Sukabumi Kab.
S04131,2024-03-03,CUST-121,PROD-022,48,E-commerce,Bogor
S04132,2024-11-12,CUST-087,PROD-029,281,Distributor,Subang
S04133,2024-07-12,CUST-048,PROD-033,49,Traditional Trade,Depok
S04134,2024-03-08,CUST-088,PROD-031,365,Distributor,Indramayu
S04135,2024-09-21,CUST-068,PROD-014,12,E-commerce,Bogor
S04136,2024-06-27,CUST-172,PROD-010,367,Distributor,Kuningan
S04137,2024-08-03,CUST-101,PROD-018,88,Modern Trade,Cianjur
S04138,2024-06-07,CUST-017,PROD-011,53,Traditional Trade,Cianjur
S04139,2024-11-10,CUST-038,PROD-039,279,Distributor,Purwakarta
S04140,2024-11-10,CUST-138,PROD-003,53,Modern Trade,Kuningan
S04141,2024-09-15,CUST-054,PROD-002,36,E-commerce,Tasikmalaya
S04142,2024-02-09,CUST-134,PROD-008,26,Traditional Trade,Bandung Barat
S04143,2024-11-13,CUST-134,PROD-031,134,Traditional Trade,Bandung Barat
S04144,2024-08-28,CUST-052,PROD-008,56,Distributor,Sumedang
S04145,2024-09-08,CUST-015,PROD-002,16,E-commerce,Bogor Kab.
S04146,2024-04-22,CUST-068,PROD-022,24,E-commerce,Bogor
S04147,2024-11-25,CUST-185,PROD-005,98,Traditional Trade,Karawang
S04148,2024-09-23,CUST-112,PROD-007,48,Traditional Trade,Cianjur
S04149,2024-02-12,CUST-184,PROD-020,289,Distributor,Sukabumi Kab.
S04150,2024-05-08,CUST-104,PROD-028,46,E-commerce,Karawang
S04151,2024-11-27,CUST-007,PROD-013,74,Modern Trade,Depok
S04152,2024-01-19,CUST-051,PROD-002,255,Modern Trade,Depok
S04153,2024-12-20,CUST-058,PROD-032,27,E-commerce,Sukabumi
S04154,2024-08-31,CUST-192,PROD-026,77,Traditional Trade,Cirebon
S04155,2024-08-13,CUST-109,PROD-003,75,Traditional Trade,Tasikmalaya
S04156,2024-03-29,CUST-111,PROD-013,246,Distributor,Sukabumi
S04157,2024-03-23,CUST-154,PROD-021,238,Distributor,Bekasi
S04158,2024-12-14,CUST-186,PROD-037,78,Traditional Trade,Tasikmalaya
S04159,2024-04-05,CUST-031,PROD-023,34,Modern Trade,Cirebon Kab.
S04160,2024-10-19,CUST-194,PROD-007,80,Modern Trade,Kuningan
S04161,2024-04-30,CUST-092,PROD-017,61,Traditional Trade,Kuningan
S04162,2024-02-22,CUST-106,PROD-028,272,Distributor,Purwakarta
S04163,2024-01-05,CUST-013,PROD-030,209,Distributor,Cianjur
S04164,2024-07-10,CUST-146,PROD-005,50,E-commerce,Bogor
S04165,2024-12-24,CUST-119,PROD-024,79,Traditional Trade,Majalengka
S04166,2024-04-24,CUST-141,PROD-007,187,Distributor,Bogor
S04167,2024-04-21,CUST-115,PROD-034,50,Modern Trade,Cimahi
S04168,2024-04-17,CUST-152,PROD-033,352,Distributor,Bogor
S04169,2024-07-01,CUST-057,PROD-027,25,Modern Trade,Tasikmalaya Kab.
S04170,2024-05-28,CUST-126,PROD-014,123,Traditional Trade,Sukabumi Kab.
S04171,2024-11-25,CUST-157,PROD-019,32,Traditional Trade,Subang
S04172,2024-06-25,CUST-184,PROD-038,212,Distributor,Sukabumi Kab.
S04173,2024-06-26,CUST-054,PROD-012,40,E-commerce,Tasikmalaya
S04174,2024-02-21,CUST-133,PROD-003,435,Distributor,Cirebon Kab.
S04175,2024-12-26,CUST-163,PROD-007,65,Traditional Trade,Tasikmalaya Kab.
S04176,2024-03-24,CUST-019,PROD-035,59,Traditional Trade,Banjar
S04177,2024-01-29,CUST-183,PROD-025,22,Traditional Trade,Bandung Barat
S04178,2024-08-25,CUST-077,PROD-015,111,Modern Trade,Banjar
S04179,2024-07-31,CUST-069,PROD-019,91,Distributor,Subang
S04180,2024-05-13,CUST-044,PROD-019,272,Modern Trade,Tasikmalaya
S04181,2024-05-17,CUST-038,PROD-023,437,Distributor,Purwakarta
S04182,2024-10-24,CUST-062,PROD-011,43,E-commerce,Ciamis
S04183,2024-03-10,CUST-022,PROD-021,257,Distributor,Cianjur
S04184,2024-11-07,CUST-073,PROD-034,49,E-commerce,Cimahi
S04185,2024-08-19,CUST-168,PROD-039,6,E-commerce,Majalengka
S04186,2024-05-15,CUST-154,PROD-007,197,Distributor,Bekasi
S04187,2024-06-05,CUST-125,PROD-027,31,E-commerce,Bekasi
S04188,2024-03-26,CUST-005,PROD-023,120,Traditional Trade,Cimahi
S04189,2024-10-07,CUST-054,PROD-038,22,E-commerce,Tasikmalaya
S04190,2024-06-28,CUST-086,PROD-020,89,Traditional Trade,Bogor Kab.
S04191,2024-04-11,CUST-177,PROD-027,51,Traditional Trade,Bogor Kab.
S04192,2024-07-31,CUST-003,PROD-008,34,E-commerce,Purwakarta
S04193,2024-12-30,CUST-038,PROD-037,204,Distributor,Purwakarta
S04194,2024-05-25,CUST-142,PROD-003,279,Distributor,Cirebon Kab.
S04195,2024-12-07,CUST-175,PROD-002,167,Modern Trade,Purwakarta
S04196,2024-04-18,CUST-142,PROD-022,210,Distributor,Cirebon Kab.
S04197,2024-01-21,CUST-073,PROD-006,27,E-commerce,Cimahi
S04198,2024-03-12,CUST-038,PROD-039,296,Distributor,Purwakarta
S04199,2024-05-15,CUST-192,PROD-040,60,Traditional Trade,Cirebon
S04200,2024-03-16,CUST-172,PROD-036,200,Distributor,Kuningan
S04201,2024-01-01,CUST-125,PROD-024,43,E-commerce,Bekasi
S04202,2024-12-06,CUST-070,PROD-012,58,Traditional Trade,Majalengka
S04203,2024-11-14,CUST-065,PROD-017,232,Modern Trade,Cirebon Kab.
S04204,2024-10-02,CUST-025,PROD-022,72,Traditional Trade,Bandung Barat
S04205,2024-03-02,CUST-016,PROD-019,19,E-commerce,Cimahi
S04206,2024-02-15,CUST-015,PROD-009,38,E-commerce,Bogor Kab.
S04207,2024-01-26,CUST-131,PROD-012,44,Traditional Trade,Sukabumi
S04208,2024-09-22,CUST-195,PROD-032,90,Traditional Trade,Tasikmalaya
S04209,2024-12-10,CUST-037,PROD-031,442,Distributor,Indramayu
S04210,2024-05-22,CUST-183,PROD-017,99,Traditional Trade,Bandung Barat
S04211,2024-02-14,CUST-125,PROD-023,10,E-commerce,Bekasi
S04212,2024-06-27,CUST-113,PROD-010,275,Modern Trade,Bandung
S04213,2024-04-19,CUST-166,PROD-030,147,Modern Trade,Garut
S04214,2024-04-25,CUST-191,PROD-019,491,Distributor,Ciamis
S04215,2024-08-09,CUST-001,PROD-026,40,Traditional Trade,Depok
S04216,2024-09-20,CUST-071,PROD-026,47,Traditional Trade,Bogor Kab.
S04217,2024-02-11,CUST-103,PROD-011,111,Traditional Trade,Tasikmalaya
S04218,2024-01-14,CUST-019,PROD-020,136,Traditional Trade,Banjar
S04219,2024-12-30,CUST-052,PROD-004,445,Distributor,Sumedang
S04220,2024-03-19,CUST-118,PROD-012,49,E-commerce,Garut
S04221,2024-01-21,CUST-158,PROD-025,145,Traditional Trade,Depok
S04222,2024-03-08,CUST-107,PROD-010,128,Traditional Trade,Karawang
S04223,2024-01-15,CUST-055,PROD-022,77,Modern Trade,Subang
S04224,2024-04-30,CUST-014,PROD-007,106,Traditional Trade,Pangandaran
S04225,2024-11-02,CUST-013,PROD-024,280,Distributor,Cianjur
S04226,2024-04-17,CUST-084,PROD-002,18,Modern Trade,Bandung Barat
S04227,2024-05-30,CUST-090,PROD-032,315,Distributor,Cimahi
S04228,2024-08-29,CUST-027,PROD-021,134,Modern Trade,Bandung
S04229,2024-06-26,CUST-089,PROD-007,121,Modern Trade,Purwakarta
S04230,2024-11-19,CUST-137,PROD-008,50,E-commerce,Kuningan
S04231,2024-11-21,CUST-041,PROD-038,8,E-commerce,Cirebon Kab.
S04232,2024-01-04,CUST-048,PROD-021,78,Traditional Trade,Depok
S04233,2024-10-21,CUST-012,PROD-008,58,Traditional Trade,Cirebon
S04234,2024-06-06,CUST-138,PROD-025,98,Modern Trade,Kuningan
S04235,2024-12-28,CUST-006,PROD-028,99,Traditional Trade,Pangandaran
S04236,2024-06-16,CUST-162,PROD-028,107,Traditional Trade,Purwakarta
S04237,2024-12-28,CUST-180,PROD-031,299,Distributor,Garut Kab.
S04238,2024-10-08,CUST-041,PROD-036,3,E-commerce,Cirebon Kab.
S04239,2024-03-23,CUST-006,PROD-025,65,Traditional Trade,Pangandaran
S04240,2024-07-08,CUST-130,PROD-037,175,Modern Trade,Depok
S04241,2024-12-29,CUST-015,PROD-038,35,E-commerce,Bogor Kab.
S04242,2024-11-18,CUST-145,PROD-012,140,Traditional Trade,Garut Kab.
S04243,2024-02-07,CUST-016,PROD-037,1,E-commerce,Cimahi
S04244,2024-09-13,CUST-156,PROD-037,5,E-commerce,Kuningan
S04245,2024-04-18,CUST-085,PROD-031,129,Modern Trade,Sukabumi Kab.
S04246,2024-01-03,CUST-200,PROD-018,27,E-commerce,Garut Kab.
S04247,2024-05-06,CUST-010,PROD-026,45,E-commerce,Kuningan
S04248,2024-03-20,CUST-138,PROD-006,52,Modern Trade,Kuningan
S04249,2024-11-07,CUST-138,PROD-009,197,Modern Trade,Kuningan
S04250,2024-04-16,CUST-156,PROD-011,26,E-commerce,Kuningan
S04251,2024-11-09,CUST-152,PROD-031,316,Distributor,Bogor
S04252,2024-01-01,CUST-019,PROD-002,134,Traditional Trade,Banjar
S04253,2024-04-08,CUST-068,PROD-029,21,E-commerce,Bogor
S04254,2024-03-21,CUST-184,PROD-005,420,Distributor,Sukabumi Kab.
S04255,2024-03-20,CUST-195,PROD-023,132,Traditional Trade,Tasikmalaya
S04256,2024-01-27,CUST-042,PROD-036,80,Traditional Trade,Kuningan
S04257,2024-03-07,CUST-140,PROD-007,9,E-commerce,Bekasi
S04258,2024-07-15,CUST-146,PROD-013,41,E-commerce,Bogor
S04259,2024-04-04,CUST-151,PROD-010,91,Traditional Trade,Subang
S04260,2024-05-14,CUST-084,PROD-036,115,Modern Trade,Bandung Barat
S04261,2024-04-26,CUST-134,PROD-016,137,Traditional Trade,Bandung Barat
S04262,2024-11-24,CUST-053,PROD-015,13,Traditional Trade,Bogor Kab.
S04263,2024-12-03,CUST-098,PROD-019,128,Modern Trade,Sumedang
S04264,2024-06-20,CUST-042,PROD-021,54,Traditional Trade,Kuningan
S04265,2024-04-14,CUST-194,PROD-035,19,Modern Trade,Kuningan
S04266,2024-02-10,CUST-030,PROD-015,49,E-commerce,Banjar
S04267,2024-12-17,CUST-009,PROD-014,14,Traditional Trade,Garut
S04268,2024-01-24,CUST-170,PROD-029,87,Modern Trade,Bogor Kab.
S04269,2024-04-05,CUST-034,PROD-005,45,Modern Trade,Garut Kab.
S04270,2024-04-05,CUST-168,PROD-018,10,E-commerce,Majalengka
S04271,2024-04-11,CUST-088,PROD-001,361,Distributor,Indramayu
S04272,2024-03-01,CUST-145,PROD-027,122,Traditional Trade,Garut Kab.
S04273,2024-10-23,CUST-157,PROD-027,41,Traditional Trade,Subang
S04274,2024-02-16,CUST-050,PROD-025,218,Distributor,Sukabumi
S04275,2024-08-14,CUST-076,PROD-021,279,Distributor,Bekasi Kab.
S04276,2024-02-16,CUST-177,PROD-014,52,Traditional Trade,Bogor Kab.
S04277,2024-01-28,CUST-189,PROD-020,22,E-commerce,Cirebon Kab.
S04278,2024-12-04,CUST-046,PROD-028,392,Distributor,Bekasi
S04279,2024-03-08,CUST-046,PROD-021,257,Distributor,Bekasi
S04280,2024-11-07,CUST-126,PROD-023,65,Traditional Trade,Sukabumi Kab.
S04281,2024-07-10,CUST-017,PROD-011,79,Traditional Trade,Cianjur
S04282,2024-01-30,CUST-066,PROD-002,126,Modern Trade,Cimahi
S04283,2024-12-18,CUST-104,PROD-020,47,E-commerce,Karawang
S04284,2024-03-23,CUST-005,PROD-024,119,Traditional Trade,Cimahi
S04285,2024-11-19,CUST-123,PROD-025,35,E-commerce,Bandung
S04286,2024-03-03,CUST-182,PROD-037,52,Traditional Trade,Banjar
S04287,2024-11-17,CUST-125,PROD-022,20,E-commerce,Bekasi
S04288,2024-01-06,CUST-112,PROD-024,41,Traditional Trade,Cianjur
S04289,2024-06-27,CUST-016,PROD-015,41,E-commerce,Cimahi
S04290,2024-10-16,CUST-081,PROD-012,14,Modern Trade,Sumedang
S04291,2024-12-12,CUST-091,PROD-031,109,Modern Trade,Subang
S04292,2024-12-04,CUST-135,PROD-031,214,Modern Trade,Bandung
S04293,2024-11-07,CUST-136,PROD-030,229,Distributor,Indramayu
S04294,2024-11-28,CUST-072,PROD-020,66,Distributor,Sumedang
S04295,2024-03-11,CUST-096,PROD-008,139,Distributor,Indramayu
S04296,2024-04-02,CUST-111,PROD-030,157,Distributor,Sukabumi
S04297,2024-04-03,CUST-082,PROD-035,199,Modern Trade,Tasikmalaya Kab.
S04298,2024-04-26,CUST-038,PROD-021,229,Distributor,Purwakarta
S04299,2024-04-30,CUST-054,PROD-040,20,E-commerce,Tasikmalaya
S04300,2024-07-10,CUST-076,PROD-028,408,Distributor,Bekasi Kab.
S04301,2024-02-29,CUST-015,PROD-039,33,E-commerce,Bogor Kab.
S04302,2024-09-05,CUST-178,PROD-017,148,Traditional Trade,Karawang
S04303,2024-03-02,CUST-184,PROD-012,56,Distributor,Sukabumi Kab.
S04304,2024-04-08,CUST-116,PROD-018,30,E-commerce,Cianjur
S04305,2024-06-24,CUST-009,PROD-028,70,Traditional Trade,Garut
S04306,2024-10-30,CUST-008,PROD-003,277,Modern Trade,Tasikmalaya Kab.
S04307,2024-10-01,CUST-110,PROD-015,10,Modern Trade,Depok
S04308,2024-08-18,CUST-147,PROD-016,3,E-commerce,Bandung
S04309,2024-02-28,CUST-051,PROD-022,273,Modern Trade,Depok
S04310,2024-07-11,CUST-200,PROD-031,26,E-commerce,Garut Kab.
S04311,2024-02-03,CUST-185,PROD-031,79,Traditional Trade,Karawang
S04312,2024-04-26,CUST-196,PROD-001,89,Traditional Trade,Depok
S04313,2024-05-12,CUST-031,PROD-011,270,Modern Trade,Cirebon Kab.
S04314,2024-01-16,CUST-102,PROD-006,40,E-commerce,Tasikmalaya Kab.
S04315,2024-03-30,CUST-003,PROD-023,26,E-commerce,Purwakarta
S04316,2024-12-18,CUST-099,PROD-009,89,Traditional Trade,Purwakarta
S04317,2024-12-17,CUST-083,PROD-016,378,Distributor,Cirebon Kab.
S04318,2024-04-19,CUST-043,PROD-038,252,Modern Trade,Ciamis
S04319,2024-01-17,CUST-029,PROD-019,70,Traditional Trade,Tasikmalaya Kab.
S04320,2024-03-05,CUST-010,PROD-013,47,E-commerce,Kuningan
S04321,2024-04-30,CUST-140,PROD-032,40,E-commerce,Bekasi
S04322,2024-12-16,CUST-046,PROD-036,397,Distributor,Bekasi
S04323,2024-02-22,CUST-030,PROD-009,27,E-commerce,Banjar
S04324,2024-10-13,CUST-094,PROD-037,345,Distributor,Cimahi
S04325,2024-02-11,CUST-032,PROD-031,50,Distributor,Tasikmalaya
S04326,2024-12-26,CUST-047,PROD-031,183,Modern Trade,Garut
S04327,2024-04-27,CUST-088,PROD-019,444,Distributor,Indramayu
S04328,2024-10-19,CUST-063,PROD-002,22,Traditional Trade,Purwakarta
S04329,2024-04-17,CUST-154,PROD-032,140,Distributor,Bekasi
S04330,2024-08-12,CUST-131,PROD-034,51,Traditional Trade,Sukabumi
S04331,2024-03-09,CUST-023,PROD-001,25,Traditional Trade,Cirebon Kab.
S04332,2024-02-24,CUST-074,PROD-021,28,E-commerce,Bogor Kab.
S04333,2024-12-13,CUST-050,PROD-003,434,Distributor,Sukabumi
S04334,2024-12-07,CUST-164,PROD-027,18,Traditional Trade,Sukabumi Kab.
S04335,2024-11-27,CUST-124,PROD-007,20,E-commerce,Garut Kab.
S04336,2024-08-11,CUST-013,PROD-033,293,Distributor,Cianjur
S04337,2024-11-03,CUST-126,PROD-009,125,Traditional Trade,Sukabumi Kab.
S04338,2024-01-27,CUST-029,PROD-030,126,Traditional Trade,Tasikmalaya Kab.
S04339,2024-04-15,CUST-166,PROD-018,193,Modern Trade,Garut
S04340,2024-04-09,CUST-121,PROD-026,4,E-commerce,Bogor
S04341,2024-08-15,CUST-090,PROD-020,342,Distributor,Cimahi
S04342,2024-04-20,CUST-133,PROD-038,387,Distributor,Cirebon Kab.
S04343,2024-02-25,CUST-148,PROD-031,31,E-commerce,Bogor
S04344,2024-07-31,CUST-078,PROD-008,58,Modern Trade,Sukabumi Kab.
S04345,2024-11-05,CUST-109,PROD-023,43,Traditional Trade,Tasikmalaya
S04346,2024-04-27,CUST-014,PROD-025,142,Traditional Trade,Pangandaran
S04347,2024-02-19,CUST-136,PROD-001,442,Distributor,Indramayu
S04348,2024-03-10,CUST-048,PROD-018,96,Traditional Trade,Depok
S04349,2024-03-21,CUST-141,PROD-019,190,Distributor,Bogor
S04350,2024-04-06,CUST-024,PROD-006,27,Modern Trade,Bekasi Kab.
S04351,2024-08-17,CUST-079,PROD-017,12,E-commerce,Bogor Kab.
S04352,2024-08-02,CUST-193,PROD-008,81,Modern Trade,Tasikmalaya Kab.
S04353,2024-09-08,CUST-162,PROD-009,9,Traditional Trade,Purwakarta
S04354,2024-04-22,CUST-051,PROD-037,272,Modern Trade,Depok
S04355,2024-11-08,CUST-003,PROD-027,15,E-commerce,Purwakarta
S04356,2024-03-12,CUST-128,PROD-036,3,E-commerce,Tasikmalaya Kab.
S04357,2024-06-10,CUST-119,PROD-006,150,Traditional Trade,Majalengka
S04358,2024-11-01,CUST-058,PROD-006,38,E-commerce,Sukabumi
S04359,2024-03-06,CUST-125,PROD-004,26,E-commerce,Bekasi
S04360,2024-02-11,CUST-200,PROD-022,38,E-commerce,Garut Kab.
S04361,2024-11-26,CUST-113,PROD-040,68,Modern Trade,Bandung
S04362,2024-04-17,CUST-055,PROD-027,61,Modern Trade,Subang
S04363,2024-09-02,CUST-119,PROD-037,149,Traditional Trade,Majalengka
S04364,2024-01-10,CUST-120,PROD-002,116,Modern Trade,Cimahi
S04365,2024-09-05,CUST-080,PROD-009,367,Distributor,Banjar
S04366,2024-04-10,CUST-042,PROD-011,63,Traditional Trade,Kuningan
S04367,2024-01-22,CUST-021,PROD-020,267,Modern Trade,Bandung Barat
S04368,2024-08-05,CUST-010,PROD-039,25,E-commerce,Kuningan
S04369,2024-03-21,CUST-057,PROD-014,28,Modern Trade,Tasikmalaya Kab.
S04370,2024-04-28,CUST-153,PROD-026,215,Distributor,Bandung
S04371,2024-01-31,CUST-056,PROD-038,29,Traditional Trade,Sumedang
S04372,2024-02-25,CUST-038,PROD-030,472,Distributor,Purwakarta
S04373,2024-04-05,CUST-086,PROD-036,8,Traditional Trade,Bogor Kab.
S04374,2024-02-04,CUST-113,PROD-038,12,Modern Trade,Bandung
S04375,2024-12-04,CUST-189,PROD-035,34,E-commerce,Cirebon Kab.
S04376,2024-01-03,CUST-112,PROD-006,110,Traditional Trade,Cianjur
S04377,2024-06-16,CUST-175,PROD-003,36,Modern Trade,Purwakarta
S04378,2024-02-16,CUST-054,PROD-001,48,E-commerce,Tasikmalaya
S04379,2024-04-08,CUST-046,PROD-018,395,Distributor,Bekasi
S04380,2024-12-09,CUST-196,PROD-023,133,Traditional Trade,Depok
S04381,2024-03-01,CUST-004,PROD-032,53,Modern Trade,Cirebon
S04382,2024-12-21,CUST-194,PROD-029,221,Modern Trade,Kuningan
S04383,2024-03-12,CUST-171,PROD-023,56,Traditional Trade,Bekasi
S04384,2024-10-02,CUST-062,PROD-036,25,E-commerce,Ciamis
S04385,2024-07-11,CUST-124,PROD-006,10,E-commerce,Garut Kab.
S04386,2024-11-26,CUST-128,PROD-017,1,E-commerce,Tasikmalaya Kab.
S04387,2024-07-14,CUST-112,PROD-018,15,Traditional Trade,Cianjur
S04388,2024-07-06,CUST-085,PROD-031,77,Modern Trade,Sukabumi Kab.
S04389,2024-03-10,CUST-004,PROD-006,236,Modern Trade,Cirebon
S04390,2024-03-02,CUST-065,PROD-034,130,Modern Trade,Cirebon Kab.
S04391,2024-12-06,CUST-062,PROD-027,13,E-commerce,Ciamis
S04392,2024-04-13,CUST-090,PROD-036,64,Distributor,Cimahi
S04393,2024-04-25,CUST-120,PROD-025,66,Modern Trade,Cimahi
S04394,2024-10-11,CUST-130,PROD-010,73,Modern Trade,Depok
S04395,2024-04-16,CUST-137,PROD-039,38,E-commerce,Kuningan
S04396,2024-12-17,CUST-185,PROD-039,15,Traditional Trade,Karawang
S04397,2024-09-30,CUST-045,PROD-012,125,Traditional Trade,Bogor
S04398,2024-08-01,CUST-146,PROD-011,32,E-commerce,Bogor
S04399,2024-11-25,CUST-112,PROD-003,129,Traditional Trade,Cianjur
S04400,2024-01-20,CUST-176,PROD-022,157,Modern Trade,Cirebon
S04401,2024-03-26,CUST-042,PROD-004,34,Traditional Trade,Kuningan
S04402,2024-06-08,CUST-041,PROD-008,10,E-commerce,Cirebon Kab.
S04403,2024-03-18,CUST-089,PROD-014,63,Modern Trade,Purwakarta
S04404,2024-10-03,CUST-186,PROD-020,133,Traditional Trade,Tasikmalaya
S04405,2024-12-07,CUST-042,PROD-024,62,Traditional Trade,Kuningan
S04406,2024-05-18,CUST-035,PROD-014,454,Distributor,Garut Kab.
S04407,2024-04-17,CUST-166,PROD-028,204,Modern Trade,Garut
S04408,2024-12-20,CUST-067,PROD-016,33,E-commerce,Purwakarta
S04409,2024-05-31,CUST-041,PROD-032,38,E-commerce,Cirebon Kab.
S04410,2024-06-18,CUST-099,PROD-012,136,Traditional Trade,Purwakarta
S04411,2024-04-19,CUST-050,PROD-016,125,Distributor,Sukabumi
S04412,2024-12-04,CUST-104,PROD-019,25,E-commerce,Karawang
S04413,2024-07-20,CUST-086,PROD-005,102,Traditional Trade,Bogor Kab.
S04414,2024-10-12,CUST-200,PROD-012,17,E-commerce,Garut Kab.
S04415,2024-11-04,CUST-079,PROD-029,6,E-commerce,Bogor Kab.
S04416,2024-04-17,CUST-045,PROD-005,16,Traditional Trade,Bogor
S04417,2024-05-24,CUST-199,PROD-017,131,Traditional Trade,Tasikmalaya
S04418,2024-11-16,CUST-147,PROD-008,15,E-commerce,Bandung
S04419,2024-04-22,CUST-106,PROD-040,194,Distributor,Purwakarta
S04420,2024-10-29,CUST-145,PROD-040,133,Traditional Trade,Garut Kab.
S04421,2024-12-14,CUST-193,PROD-030,23,Modern Trade,Tasikmalaya Kab.
S04422,2024-08-10,CUST-122,PROD-010,123,Traditional Trade,Bogor
S04423,2024-10-02,CUST-077,PROD-020,11,Modern Trade,Banjar
S04424,2024-11-02,CUST-056,PROD-016,8,Traditional Trade,Sumedang
S04425,2024-11-14,CUST-112,PROD-016,70,Traditional Trade,Cianjur
S04426,2024-05-01,CUST-093,PROD-003,295,Distributor,Tasikmalaya
S04427,2024-01-20,CUST-041,PROD-023,26,E-commerce,Cirebon Kab.
S04428,2024-05-05,CUST-170,PROD-022,187,Modern Trade,Bogor Kab.
S04429,2024-08-29,CUST-006,PROD-028,64,Traditional Trade,Pangandaran
S04430,2024-06-02,CUST-197,PROD-036,281,Distributor,Bandung
S04431,2024-10-05,CUST-098,PROD-004,185,Modern Trade,Sumedang
S04432,2024-04-21,CUST-073,PROD-038,39,E-commerce,Cimahi
S04433,2024-08-14,CUST-168,PROD-024,6,E-commerce,Majalengka
S04434,2024-03-07,CUST-041,PROD-019,30,E-commerce,Cirebon Kab.
S04435,2024-10-06,CUST-009,PROD-011,87,Traditional Trade,Garut
S04436,2024-07-11,CUST-008,PROD-040,83,Modern Trade,Tasikmalaya Kab.
S04437,2024-03-12,CUST-172,PROD-040,360,Distributor,Kuningan
S04438,2024-04-04,CUST-186,PROD-039,30,Traditional Trade,Tasikmalaya
S04439,2024-10-05,CUST-104,PROD-018,42,E-commerce,Karawang
S04440,2024-06-15,CUST-195,PROD-012,125,Traditional Trade,Tasikmalaya
S04441,2024-03-15,CUST-013,PROD-014,292,Distributor,Cianjur
S04442,2024-12-22,CUST-019,PROD-018,71,Traditional Trade,Banjar
S04443,2024-09-18,CUST-098,PROD-012,125,Modern Trade,Sumedang
S04444,2024-12-18,CUST-096,PROD-040,372,Distributor,Indramayu
S04445,2024-05-20,CUST-049,PROD-027,189,Modern Trade,Pangandaran
S04446,2024-06-12,CUST-100,PROD-006,10,Traditional Trade,Pangandaran
S04447,2024-12-01,CUST-082,PROD-024,123,Modern Trade,Tasikmalaya Kab.
S04448,2024-07-02,CUST-158,PROD-033,14,Traditional Trade,Depok
S04449,2024-09-14,CUST-066,PROD-016,47,Modern Trade,Cimahi
S04450,2024-03-24,CUST-091,PROD-012,86,Modern Trade,Subang
S04451,2024-06-01,CUST-059,PROD-031,38,E-commerce,Tasikmalaya Kab.
S04452,2024-02-16,CUST-053,PROD-037,16,Traditional Trade,Bogor Kab.
S04453,2024-03-12,CUST-052,PROD-013,351,Distributor,Sumedang
S04454,2024-01-01,CUST-081,PROD-008,58,Modern Trade,Sumedang
S04455,2024-01-16,CUST-159,PROD-038,263,Modern Trade,Garut Kab.
S04456,2024-12-25,CUST-015,PROD-003,27,E-commerce,Bogor Kab.
S04457,2024-03-22,CUST-121,PROD-020,8,E-commerce,Bogor
S04458,2024-08-25,CUST-148,PROD-004,5,E-commerce,Bogor
S04459,2024-11-13,CUST-005,PROD-002,106,Traditional Trade,Cimahi
S04460,2024-07-13,CUST-135,PROD-036,231,Modern Trade,Bandung
S04461,2024-02-27,CUST-018,PROD-023,64,Traditional Trade,Bogor
S04462,2024-09-25,CUST-056,PROD-019,105,Traditional Trade,Sumedang
S04463,2024-08-02,CUST-075,PROD-040,206,Distributor,Bandung Barat
S04464,2024-09-26,CUST-096,PROD-008,391,Distributor,Indramayu
S04465,2024-10-16,CUST-114,PROD-016,431,Distributor,Cirebon Kab.
S04466,2024-12-24,CUST-101,PROD-018,211,Modern Trade,Cianjur
S04467,2024-07-22,CUST-173,PROD-036,276,Modern Trade,Depok
S04468,2024-04-17,CUST-028,PROD-024,44,Modern Trade,Cirebon Kab.
S04469,2024-08-19,CUST-050,PROD-001,304,Distributor,Sukabumi
S04470,2024-01-27,CUST-002,PROD-001,23,E-commerce,Ciamis
S04471,2024-11-30,CUST-068,PROD-036,8,E-commerce,Bogor
S04472,2024-02-15,CUST-128,PROD-011,21,E-commerce,Tasikmalaya Kab.
S04473,2024-04-13,CUST-077,PROD-018,174,Modern Trade,Banjar
S04474,2024-11-06,CUST-024,PROD-016,37,Modern Trade,Bekasi Kab.
S04475,2024-08-01,CUST-112,PROD-017,120,Traditional Trade,Cianjur
S04476,2024-04-30,CUST-176,PROD-024,62,Modern Trade,Cirebon
S04477,2024-06-12,CUST-173,PROD-034,293,Modern Trade,Depok
S04478,2024-11-17,CUST-119,PROD-004,46,Traditional Trade,Majalengka
S04479,2024-04-16,CUST-186,PROD-035,89,Traditional Trade,Tasikmalaya
S04480,2024-11-22,CUST-036,PROD-015,97,Traditional Trade,Sukabumi Kab.
S04481,2024-02-03,CUST-002,PROD-002,15,E-commerce,Ciamis
S04482,2024-10-20,CUST-127,PROD-031,51,Traditional Trade,Depok
S04483,2024-11-15,CUST-105,PROD-009,469,Distributor,Sukabumi
S04484,2024-03-06,CUST-018,PROD-010,119,Traditional Trade,Bogor
S04485,2024-05-22,CUST-177,PROD-025,14,Traditional Trade,Bogor Kab.
S04486,2024-03-02,CUST-008,PROD-005,288,Modern Trade,Tasikmalaya Kab.
S04487,2024-09-13,CUST-186,PROD-014,9,Traditional Trade,Tasikmalaya
S04488,2024-07-07,CUST-015,PROD-038,18,E-commerce,Bogor Kab.
S04489,2024-08-15,CUST-145,PROD-040,123,Traditional Trade,Garut Kab.
S04490,2024-03-10,CUST-023,PROD-002,10,Traditional Trade,Cirebon Kab.
S04491,2024-03-14,CUST-194,PROD-018,134,Modern Trade,Kuningan
S04492,2024-01-16,CUST-198,PROD-029,475,Distributor,Bandung
S04493,2024-04-12,CUST-093,PROD-020,352,Distributor,Tasikmalaya
S04494,2024-07-17,CUST-155,PROD-008,264,Distributor,Tasikmalaya Kab.
S04495,2024-11-18,CUST-165,PROD-037,32,Traditional Trade,Karawang
S04496,2024-08-26,CUST-049,PROD-026,278,Modern Trade,Pangandaran
S04497,2024-05-25,CUST-064,PROD-037,29,Traditional Trade,Depok
S04498,2024-12-17,CUST-034,PROD-004,16,Modern Trade,Garut Kab.
S04499,2024-09-20,CUST-018,PROD-033,84,Traditional Trade,Bogor
S04500,2024-12-10,CUST-064,PROD-022,70,Traditional Trade,Depok
S04501,2024-07-04,CUST-106,PROD-006,85,Distributor,Purwakarta
S04502,2024-03-26,CUST-074,PROD-033,2,E-commerce,Bogor Kab.
S04503,2024-01-21,CUST-102,PROD-028,49,E-commerce,Tasikmalaya Kab.
S04504,2024-09-24,CUST-172,PROD-024,343,Distributor,Kuningan
S04505,2024-02-15,CUST-017,PROD-004,18,Traditional Trade,Cianjur
S04506,2024-04-07,CUST-187,PROD-002,164,Modern Trade,Pangandaran
S04507,2024-07-06,CUST-141,PROD-013,448,Distributor,Bogor
S04508,2024-07-18,CUST-052,PROD-011,134,Distributor,Sumedang
S04509,2024-08-02,CUST-188,PROD-035,149,Modern Trade,Bekasi Kab.
S04510,2024-03-02,CUST-170,PROD-039,106,Modern Trade,Bogor Kab.
S04511,2024-04-27,CUST-064,PROD-010,90,Traditional Trade,Depok
S04512,2024-08-08,CUST-194,PROD-010,198,Modern Trade,Kuningan
S04513,2024-12-22,CUST-034,PROD-008,91,Modern Trade,Garut Kab.
S04514,2024-09-24,CUST-095,PROD-005,44,E-commerce,Pangandaran
S04515,2024-12-08,CUST-087,PROD-023,229,Distributor,Subang
S04516,2024-10-12,CUST-199,PROD-034,134,Traditional Trade,Tasikmalaya
S04517,2024-07-29,CUST-102,PROD-032,29,E-commerce,Tasikmalaya Kab.
S04518,2024-03-09,CUST-192,PROD-016,109,Traditional Trade,Cirebon
S04519,2024-08-26,CUST-161,PROD-004,219,Modern Trade,Purwakarta
S04520,2024-08-10,CUST-140,PROD-028,9,E-commerce,Bekasi
S04521,2024-08-03,CUST-076,PROD-014,298,Distributor,Bekasi Kab.
S04522,2024-06-18,CUST-019,PROD-012,76,Traditional Trade,Banjar
S04523,2024-07-04,CUST-137,PROD-021,33,E-commerce,Kuningan
S04524,2024-04-15,CUST-074,PROD-016,5,E-commerce,Bogor Kab.
S04525,2024-06-30,CUST-145,PROD-002,82,Traditional Trade,Garut Kab.
S04526,2024-03-10,CUST-050,PROD-023,107,Distributor,Sukabumi
S04527,2024-11-02,CUST-039,PROD-029,129,Traditional Trade,Purwakarta
S04528,2024-03-07,CUST-169,PROD-009,15,Traditional Trade,Ciamis
S04529,2024-02-02,CUST-138,PROD-007,36,Modern Trade,Kuningan
S04530,2024-05-26,CUST-012,PROD-029,60,Traditional Trade,Cirebon
S04531,2024-08-23,CUST-079,PROD-017,16,E-commerce,Bogor Kab.
S04532,2024-05-26,CUST-015,PROD-009,45,E-commerce,Bogor Kab.
S04533,2024-03-31,CUST-028,PROD-006,70,Modern Trade,Cirebon Kab.
S04534,2024-07-16,CUST-132,PROD-020,47,E-commerce,Cimahi
S04535,2024-04-18,CUST-036,PROD-010,110,Traditional Trade,Sukabumi Kab.
S04536,2024-12-11,CUST-119,PROD-009,27,Traditional Trade,Majalengka
S04537,2024-12-08,CUST-065,PROD-012,45,Modern Trade,Cirebon Kab.
S04538,2024-06-23,CUST-098,PROD-033,47,Modern Trade,Sumedang
S04539,2024-04-13,CUST-047,PROD-032,81,Modern Trade,Garut
S04540,2024-09-29,CUST-081,PROD-034,65,Modern Trade,Sumedang
S04541,2024-01-15,CUST-039,PROD-019,80,Traditional Trade,Purwakarta
S04542,2024-06-12,CUST-038,PROD-033,259,Distributor,Purwakarta
S04543,2024-04-15,CUST-044,PROD-016,220,Modern Trade,Tasikmalaya
S04544,2024-12-07,CUST-179,PROD-023,277,Distributor,Depok
S04545,2024-01-05,CUST-097,PROD-026,111,Traditional Trade,Karawang
S04546,2024-07-14,CUST-124,PROD-037,21,E-commerce,Garut Kab.
S04547,2024-10-01,CUST-026,PROD-009,23,E-commerce,Pangandaran
S04548,2024-06-16,CUST-164,PROD-030,124,Traditional Trade,Sukabumi Kab.
S04549,2024-02-02,CUST-197,PROD-013,280,Distributor,Bandung
S04550,2024-12-23,CUST-097,PROD-016,148,Traditional Trade,Karawang
S04551,2024-06-30,CUST-001,PROD-002,69,Traditional Trade,Depok
S04552,2024-08-07,CUST-053,PROD-031,112,Traditional Trade,Bogor Kab.
S04553,2024-03-20,CUST-006,PROD-019,84,Traditional Trade,Pangandaran
S04554,2024-06-16,CUST-037,PROD-011,182,Distributor,Indramayu
S04555,2024-05-21,CUST-002,PROD-014,46,E-commerce,Ciamis
S04556,2024-01-29,CUST-123,PROD-025,18,E-commerce,Bandung
S04557,2024-02-10,CUST-069,PROD-007,346,Distributor,Subang
S04558,2024-11-12,CUST-169,PROD-015,102,Traditional Trade,Ciamis
S04559,2024-03-21,CUST-179,PROD-030,221,Distributor,Depok
S04560,2024-03-09,CUST-175,PROD-031,98,Modern Trade,Purwakarta
S04561,2024-06-24,CUST-013,PROD-024,411,Distributor,Cianjur
S04562,2024-10-16,CUST-069,PROD-025,275,Distributor,Subang
S04563,2024-01-24,CUST-066,PROD-008,152,Modern Trade,Cimahi
S04564,2024-07-23,CUST-059,PROD-030,4,E-commerce,Tasikmalaya Kab.
S04565,2024-02-14,CUST-068,PROD-036,4,E-commerce,Bogor
S04566,2024-01-14,CUST-059,PROD-014,25,E-commerce,Tasikmalaya Kab.
S04567,2024-01-21,CUST-117,PROD-029,41,E-commerce,Cirebon
S04568,2024-11-11,CUST-010,PROD-027,13,E-commerce,Kuningan
S04569,2024-02-14,CUST-141,PROD-036,347,Distributor,Bogor
S04570,2024-01-18,CUST-130,PROD-034,34,Modern Trade,Depok
S04571,2024-05-27,CUST-015,PROD-021,3,E-commerce,Bogor Kab.
S04572,2024-11-14,CUST-046,PROD-038,212,Distributor,Bekasi
S04573,2024-03-27,CUST-185,PROD-011,116,Traditional Trade,Karawang
S04574,2024-05-17,CUST-138,PROD-033,215,Modern Trade,Kuningan
S04575,2024-01-16,CUST-150,PROD-015,116,Traditional Trade,Purwakarta
S04576,2024-06-02,CUST-089,PROD-012,146,Modern Trade,Purwakarta
S04577,2024-07-24,CUST-077,PROD-024,288,Modern Trade,Banjar
S04578,2024-07-21,CUST-136,PROD-037,494,Distributor,Indramayu
S04579,2024-04-14,CUST-149,PROD-011,37,E-commerce,Bekasi
S04580,2024-04-10,CUST-150,PROD-019,19,Traditional Trade,Purwakarta
S04581,2024-02-10,CUST-110,PROD-001,237,Modern Trade,Depok
S04582,2024-04-23,CUST-097,PROD-017,131,Traditional Trade,Karawang
S04583,2024-02-07,CUST-045,PROD-040,18,Traditional Trade,Bogor
S04584,2024-10-15,CUST-091,PROD-016,257,Modern Trade,Subang
S04585,2024-12-21,CUST-168,PROD-026,20,E-commerce,Majalengka
S04586,2024-12-22,CUST-114,PROD-015,85,Distributor,Cirebon Kab.
S04587,2024-11-21,CUST-150,PROD-008,149,Traditional Trade,Purwakarta
S04588,2024-08-02,CUST-158,PROD-030,8,Traditional Trade,Depok
S04589,2024-09-10,CUST-190,PROD-014,3,E-commerce,Cirebon Kab.
S04590,2024-04-02,CUST-073,PROD-033,19,E-commerce,Cimahi
S04591,2024-08-13,CUST-173,PROD-007,67,Modern Trade,Depok
S04592,2024-06-04,CUST-035,PROD-018,472,Distributor,Garut Kab.
S04593,2024-06-15,CUST-042,PROD-012,11,Traditional Trade,Kuningan
S04594,2024-10-10,CUST-133,PROD-002,85,Distributor,Cirebon Kab.
S04595,2024-04-01,CUST-027,PROD-029,220,Modern Trade,Bandung
S04596,2024-04-10,CUST-198,PROD-021,381,Distributor,Bandung
S04597,2024-12-09,CUST-190,PROD-007,20,E-commerce,Cirebon Kab.
S04598,2024-01-22,CUST-032,PROD-027,151,Distributor,Tasikmalaya
S04599,2024-06-17,CUST-136,PROD-012,125,Distributor,Indramayu
S04600,2024-12-05,CUST-103,PROD-020,72,Traditional Trade,Tasikmalaya
S04601,2024-08-05,CUST-085,PROD-014,75,Modern Trade,Sukabumi Kab.
S04602,2024-07-11,CUST-146,PROD-010,47,E-commerce,Bogor
S04603,2024-03-24,CUST-078,PROD-023,231,Modern Trade,Sukabumi Kab.
S04604,2024-04-17,CUST-143,PROD-030,200,Distributor,Cimahi
S04605,2024-11-17,CUST-154,PROD-031,439,Distributor,Bekasi
S04606,2024-07-16,CUST-181,PROD-010,18,E-commerce,Garut
S04607,2024-06-28,CUST-044,PROD-019,287,Modern Trade,Tasikmalaya
S04608,2024-02-07,CUST-032,PROD-019,117,Distributor,Tasikmalaya
S04609,2024-01-07,CUST-028,PROD-023,244,Modern Trade,Cirebon Kab.
S04610,2024-12-20,CUST-167,PROD-032,212,Modern Trade,Depok
S04611,2024-04-26,CUST-160,PROD-020,102,Traditional Trade,Sukabumi
S04612,2024-08-03,CUST-077,PROD-004,18,Modern Trade,Banjar
S04613,2024-01-31,CUST-018,PROD-033,79,Traditional Trade,Bogor
S04614,2024-09-01,CUST-103,PROD-001,21,Traditional Trade,Tasikmalaya
S04615,2024-12-11,CUST-070,PROD-013,55,Traditional Trade,Majalengka
S04616,2024-07-23,CUST-119,PROD-003,28,Traditional Trade,Majalengka
S04617,2024-02-17,CUST-139,PROD-012,129,Traditional Trade,Cianjur
S04618,2024-07-25,CUST-160,PROD-029,19,Traditional Trade,Sukabumi
S04619,2024-10-14,CUST-148,PROD-031,28,E-commerce,Bogor
S04620,2024-05-07,CUST-097,PROD-036,135,Traditional Trade,Karawang
S04621,2024-11-25,CUST-168,PROD-002,29,E-commerce,Majalengka
S04622,2024-08-19,CUST-136,PROD-022,303,Distributor,Indramayu
S04623,2024-12-01,CUST-035,PROD-022,357,Distributor,Garut Kab.
S04624,2024-08-10,CUST-069,PROD-031,359,Distributor,Subang
S04625,2024-02-19,CUST-126,PROD-014,62,Traditional Trade,Sukabumi Kab.
S04626,2024-04-08,CUST-099,PROD-029,49,Traditional Trade,Purwakarta
S04627,2024-03-11,CUST-078,PROD-035,127,Modern Trade,Sukabumi Kab.
S04628,2024-12-04,CUST-149,PROD-009,13,E-commerce,Bekasi
S04629,2024-10-11,CUST-111,PROD-032,99,Distributor,Sukabumi
S04630,2024-08-30,CUST-152,PROD-027,327,Distributor,Bogor
S04631,2024-04-06,CUST-017,PROD-010,56,Traditional Trade,Cianjur
S04632,2024-03-07,CUST-146,PROD-025,31,E-commerce,Bogor
S04633,2024-10-09,CUST-140,PROD-033,7,E-commerce,Bekasi
S04634,2024-06-12,CUST-144,PROD-011,94,Traditional Trade,Banjar
S04635,2024-03-17,CUST-004,PROD-037,40,Modern Trade,Cirebon
S04636,2024-08-08,CUST-162,PROD-009,106,Traditional Trade,Purwakarta
S04637,2024-01-16,CUST-092,PROD-007,136,Traditional Trade,Kuningan
S04638,2024-04-13,CUST-174,PROD-007,468,Distributor,Karawang
S04639,2024-06-10,CUST-075,PROD-034,146,Distributor,Bandung Barat
S04640,2024-02-25,CUST-159,PROD-019,76,Modern Trade,Garut Kab.
S04641,2024-12-27,CUST-153,PROD-020,241,Distributor,Bandung
S04642,2024-03-13,CUST-103,PROD-025,141,Traditional Trade,Tasikmalaya
S04643,2024-02-19,CUST-024,PROD-005,193,Modern Trade,Bekasi Kab.
S04644,2024-03-12,CUST-065,PROD-029,65,Modern Trade,Cirebon Kab.
S04645,2024-10-16,CUST-117,PROD-027,19,E-commerce,Cirebon
S04646,2024-05-19,CUST-153,PROD-025,299,Distributor,Bandung
S04647,2024-07-19,CUST-156,PROD-037,26,E-commerce,Kuningan
S04648,2024-01-09,CUST-164,PROD-015,64,Traditional Trade,Sukabumi Kab.
S04649,2024-01-14,CUST-082,PROD-004,137,Modern Trade,Tasikmalaya Kab.
S04650,2024-05-31,CUST-006,PROD-014,131,Traditional Trade,Pangandaran
S04651,2024-11-06,CUST-066,PROD-017,81,Modern Trade,Cimahi
S04652,2024-11-27,CUST-067,PROD-021,24,E-commerce,Purwakarta
S04653,2024-02-03,CUST-072,PROD-016,139,Distributor,Sumedang
S04654,2024-07-08,CUST-095,PROD-026,48,E-commerce,Pangandaran
S04655,2024-12-05,CUST-048,PROD-009,62,Traditional Trade,Depok
S04656,2024-04-29,CUST-070,PROD-002,67,Traditional Trade,Majalengka
S04657,2024-11-10,CUST-078,PROD-015,256,Modern Trade,Sukabumi Kab.
S04658,2024-02-20,CUST-067,PROD-035,3,E-commerce,Purwakarta
S04659,2024-12-12,CUST-176,PROD-024,144,Modern Trade,Cirebon
S04660,2024-10-07,CUST-065,PROD-038,11,Modern Trade,Cirebon Kab.
S04661,2024-12-14,CUST-172,PROD-014,210,Distributor,Kuningan
S04662,2024-08-30,CUST-063,PROD-037,144,Traditional Trade,Purwakarta
S04663,2024-04-22,CUST-046,PROD-037,353,Distributor,Bekasi
S04664,2024-12-13,CUST-147,PROD-006,12,E-commerce,Bandung
S04665,2024-03-30,CUST-192,PROD-018,57,Traditional Trade,Cirebon
S04666,2024-04-14,CUST-073,PROD-022,10,E-commerce,Cimahi
S04667,2024-09-10,CUST-071,PROD-018,129,Traditional Trade,Bogor Kab.
S04668,2024-10-14,CUST-110,PROD-002,91,Modern Trade,Depok
S04669,2024-12-10,CUST-178,PROD-032,72,Traditional Trade,Karawang
S04670,2024-03-12,CUST-063,PROD-017,98,Traditional Trade,Purwakarta
S04671,2024-10-31,CUST-041,PROD-001,48,E-commerce,Cirebon Kab.
S04672,2024-09-30,CUST-007,PROD-009,222,Modern Trade,Depok
S04673,2024-01-25,CUST-137,PROD-013,23,E-commerce,Kuningan
S04674,2024-04-28,CUST-004,PROD-036,158,Modern Trade,Cirebon
S04675,2024-04-01,CUST-089,PROD-037,81,Modern Trade,Purwakarta
S04676,2024-04-07,CUST-177,PROD-030,107,Traditional Trade,Bogor Kab.
S04677,2024-12-26,CUST-134,PROD-031,17,Traditional Trade,Bandung Barat
S04678,2024-08-17,CUST-082,PROD-023,241,Modern Trade,Tasikmalaya Kab.
S04679,2024-09-19,CUST-021,PROD-028,159,Modern Trade,Bandung Barat
S04680,2024-12-24,CUST-143,PROD-010,312,Distributor,Cimahi
S04681,2024-04-26,CUST-128,PROD-025,24,E-commerce,Tasikmalaya Kab.
S04682,2024-11-01,CUST-195,PROD-036,137,Traditional Trade,Tasikmalaya
S04683,2024-05-25,CUST-194,PROD-026,59,Modern Trade,Kuningan
S04684,2024-11-22,CUST-184,PROD-026,495,Distributor,Sukabumi Kab.
S04685,2024-03-06,CUST-105,PROD-013,232,Distributor,Sukabumi
S04686,2024-12-16,CUST-104,PROD-017,26,E-commerce,Karawang
S04687,2024-03-16,CUST-068,PROD-040,10,E-commerce,Bogor
S04688,2024-04-13,CUST-160,PROD-004,15,Traditional Trade,Sukabumi
S04689,2024-10-09,CUST-194,PROD-023,111,Modern Trade,Kuningan
S04690,2024-04-30,CUST-110,PROD-035,20,Modern Trade,Depok
S04691,2024-08-05,CUST-157,PROD-011,116,Traditional Trade,Subang
S04692,2024-05-31,CUST-066,PROD-012,103,Modern Trade,Cimahi
S04693,2024-10-02,CUST-162,PROD-009,8,Traditional Trade,Purwakarta
S04694,2024-03-18,CUST-027,PROD-015,267,Modern Trade,Bandung
S04695,2024-01-23,CUST-060,PROD-037,49,Traditional Trade,Pangandaran
S04696,2024-04-06,CUST-118,PROD-005,10,E-commerce,Garut
S04697,2024-06-12,CUST-167,PROD-019,214,Modern Trade,Depok
S04698,2024-03-02,CUST-044,PROD-011,51,Modern Trade,Tasikmalaya
S04699,2024-04-20,CUST-036,PROD-009,33,Traditional Trade,Sukabumi Kab.
S04700,2024-05-04,CUST-019,PROD-035,148,Traditional Trade,Banjar
S04701,2024-01-23,CUST-091,PROD-027,109,Modern Trade,Subang
S04702,2024-07-26,CUST-045,PROD-013,136,Traditional Trade,Bogor
S04703,2024-11-26,CUST-149,PROD-012,36,E-commerce,Bekasi
S04704,2024-02-26,CUST-151,PROD-009,20,Traditional Trade,Subang
S04705,2024-08-01,CUST-155,PROD-028,474,Distributor,Tasikmalaya Kab.
S04706,2024-08-25,CUST-098,PROD-013,15,Modern Trade,Sumedang
S04707,2024-05-15,CUST-200,PROD-020,42,E-commerce,Garut Kab.
S04708,2024-09-11,CUST-019,PROD-013,132,Traditional Trade,Banjar
S04709,2024-05-10,CUST-041,PROD-027,28,E-commerce,Cirebon Kab.
S04710,2024-06-24,CUST-026,PROD-026,36,E-commerce,Pangandaran
S04711,2024-01-03,CUST-028,PROD-029,262,Modern Trade,Cirebon Kab.
S04712,2024-09-06,CUST-064,PROD-029,80,Traditional Trade,Depok
S04713,2024-08-24,CUST-068,PROD-022,42,E-commerce,Bogor
S04714,2024-01-15,CUST-080,PROD-009,400,Distributor,Banjar
S04715,2024-04-24,CUST-051,PROD-024,277,Modern Trade,Depok
S04716,2024-12-25,CUST-102,PROD-019,32,E-commerce,Tasikmalaya Kab.
S04717,2024-05-16,CUST-176,PROD-038,226,Modern Trade,Cirebon
S04718,2024-06-23,CUST-010,PROD-031,29,E-commerce,Kuningan
S04719,2024-12-04,CUST-167,PROD-039,284,Modern Trade,Depok
S04720,2024-09-19,CUST-100,PROD-015,101,Traditional Trade,Pangandaran
S04721,2024-07-26,CUST-122,PROD-032,49,Traditional Trade,Bogor
S04722,2024-10-31,CUST-147,PROD-029,40,E-commerce,Bandung
S04723,2024-11-20,CUST-064,PROD-034,58,Traditional Trade,Depok
S04724,2024-06-05,CUST-124,PROD-009,46,E-commerce,Garut Kab.
S04725,2024-06-12,CUST-019,PROD-035,84,Traditional Trade,Banjar
S04726,2024-04-28,CUST-076,PROD-006,243,Distributor,Bekasi Kab.
S04727,2024-12-21,CUST-062,PROD-037,8,E-commerce,Ciamis
S04728,2024-09-08,CUST-141,PROD-014,62,Distributor,Bogor
S04729,2024-02-01,CUST-025,PROD-009,144,Traditional Trade,Bandung Barat
S04730,2024-11-20,CUST-089,PROD-019,249,Modern Trade,Purwakarta
S04731,2024-06-14,CUST-092,PROD-023,18,Traditional Trade,Kuningan
S04732,2024-01-27,CUST-042,PROD-028,46,Traditional Trade,Kuningan
S04733,2024-07-12,CUST-117,PROD-016,35,E-commerce,Cirebon
S04734,2024-05-14,CUST-039,PROD-026,80,Traditional Trade,Purwakarta
S04735,2024-11-24,CUST-158,PROD-038,108,Traditional Trade,Depok
S04736,2024-03-12,CUST-133,PROD-040,481,Distributor,Cirebon Kab.
S04737,2024-11-09,CUST-081,PROD-025,74,Modern Trade,Sumedang
S04738,2024-07-16,CUST-146,PROD-035,17,E-commerce,Bogor
S04739,2024-01-21,CUST-107,PROD-005,42,Traditional Trade,Karawang
S04740,2024-12-23,CUST-111,PROD-007,77,Distributor,Sukabumi
S04741,2024-06-27,CUST-021,PROD-023,298,Modern Trade,Bandung Barat
S04742,2024-04-03,CUST-050,PROD-025,457,Distributor,Sukabumi
S04743,2024-06-10,CUST-121,PROD-001,47,E-commerce,Bogor
S04744,2024-11-18,CUST-134,PROD-022,130,Traditional Trade,Bandung Barat
S04745,2024-04-07,CUST-050,PROD-004,433,Distributor,Sukabumi
S04746,2024-03-09,CUST-194,PROD-028,94,Modern Trade,Kuningan
S04747,2024-02-18,CUST-115,PROD-014,246,Modern Trade,Cimahi
S04748,2024-04-05,CUST-001,PROD-033,136,Traditional Trade,Depok
S04749,2024-10-22,CUST-185,PROD-004,123,Traditional Trade,Karawang
S04750,2024-06-11,CUST-030,PROD-011,10,E-commerce,Banjar
S04751,2024-03-18,CUST-186,PROD-039,40,Traditional Trade,Tasikmalaya
S04752,2024-03-02,CUST-107,PROD-032,77,Traditional Trade,Karawang
S04753,2024-04-14,CUST-180,PROD-004,208,Distributor,Garut Kab.
S04754,2024-12-13,CUST-165,PROD-001,136,Traditional Trade,Karawang
S04755,2024-04-17,CUST-048,PROD-026,126,Traditional Trade,Depok
S04756,2024-12-28,CUST-087,PROD-033,261,Distributor,Subang
S04757,2024-06-16,CUST-129,PROD-017,140,Traditional Trade,Sukabumi
S04758,2024-03-05,CUST-019,PROD-027,31,Traditional Trade,Banjar
S04759,2024-11-28,CUST-046,PROD-005,213,Distributor,Bekasi
S04760,2024-06-06,CUST-195,PROD-007,141,Traditional Trade,Tasikmalaya
S04761,2024-09-15,CUST-130,PROD-025,180,Modern Trade,Depok
S04762,2024-12-27,CUST-056,PROD-008,45,Traditional Trade,Sumedang
S04763,2024-01-20,CUST-145,PROD-034,108,Traditional Trade,Garut Kab.
S04764,2024-02-06,CUST-092,PROD-004,30,Traditional Trade,Kuningan
S04765,2024-09-21,CUST-082,PROD-012,138,Modern Trade,Tasikmalaya Kab.
S04766,2024-04-01,CUST-079,PROD-031,20,E-commerce,Bogor Kab.
S04767,2024-03-07,CUST-150,PROD-011,96,Traditional Trade,Purwakarta
S04768,2024-01-16,CUST-105,PROD-037,145,Distributor,Sukabumi
S04769,2024-01-09,CUST-027,PROD-036,61,Modern Trade,Bandung
S04770,2024-10-19,CUST-055,PROD-022,103,Modern Trade,Subang
S04771,2024-02-20,CUST-160,PROD-001,68,Traditional Trade,Sukabumi
S04772,2024-06-09,CUST-060,PROD-004,25,Traditional Trade,Pangandaran
S04773,2024-08-04,CUST-109,PROD-036,110,Traditional Trade,Tasikmalaya
S04774,2024-05-21,CUST-156,PROD-008,16,E-commerce,Kuningan
S04775,2024-01-11,CUST-156,PROD-025,8,E-commerce,Kuningan
S04776,2024-10-23,CUST-120,PROD-028,290,Modern Trade,Cimahi
S04777,2024-01-05,CUST-153,PROD-038,500,Distributor,Bandung
S04778,2024-10-12,CUST-085,PROD-036,291,Modern Trade,Sukabumi Kab.
S04779,2024-11-29,CUST-086,PROD-036,104,Traditional Trade,Bogor Kab.
S04780,2024-05-24,CUST-117,PROD-004,17,E-commerce,Cirebon
S04781,2024-07-07,CUST-154,PROD-013,76,Distributor,Bekasi
S04782,2024-06-13,CUST-108,PROD-038,67,Traditional Trade,Bandung
S04783,2024-04-29,CUST-075,PROD-025,391,Distributor,Bandung Barat
S04784,2024-11-27,CUST-119,PROD-003,122,Traditional Trade,Majalengka
S04785,2024-11-29,CUST-199,PROD-032,42,Traditional Trade,Tasikmalaya
S04786,2024-04-15,CUST-145,PROD-039,50,Traditional Trade,Garut Kab.
S04787,2024-08-07,CUST-007,PROD-001,136,Modern Trade,Depok
S04788,2024-12-09,CUST-184,PROD-011,120,Distributor,Sukabumi Kab.
S04789,2024-12-20,CUST-192,PROD-002,135,Traditional Trade,Cirebon
S04790,2024-06-26,CUST-148,PROD-005,6,E-commerce,Bogor
S04791,2024-06-03,CUST-166,PROD-022,262,Modern Trade,Garut
S04792,2024-03-31,CUST-075,PROD-013,62,Distributor,Bandung Barat
S04793,2024-12-19,CUST-058,PROD-023,46,E-commerce,Sukabumi
S04794,2024-02-23,CUST-016,PROD-031,15,E-commerce,Cimahi
S04795,2024-07-25,CUST-179,PROD-035,139,Distributor,Depok
S04796,2024-04-01,CUST-027,PROD-038,298,Modern Trade,Bandung
S04797,2024-03-31,CUST-051,PROD-035,216,Modern Trade,Depok
S04798,2024-05-07,CUST-075,PROD-013,111,Distributor,Bandung Barat
S04799,2024-12-31,CUST-144,PROD-007,67,Traditional Trade,Banjar
S04800,2024-01-22,CUST-087,PROD-005,361,Distributor,Subang
S04801,2024-07-24,CUST-188,PROD-029,48,Modern Trade,Bekasi Kab.
S04802,2024-02-01,CUST-123,PROD-008,41,E-commerce,Bandung
S04803,2024-02-27,CUST-076,PROD-008,288,Distributor,Bekasi Kab.
S04804,2024-05-28,CUST-040,PROD-007,136,Modern Trade,Garut
S04805,2024-06-27,CUST-067,PROD-019,19,E-commerce,Purwakarta
S04806,2024-03-26,CUST-130,PROD-039,229,Modern Trade,Depok
S04807,2024-04-10,CUST-102,PROD-023,24,E-commerce,Tasikmalaya Kab.
S04808,2024-02-03,CUST-176,PROD-036,114,Modern Trade,Cirebon
S04809,2024-04-07,CUST-180,PROD-032,466,Distributor,Garut Kab.
S04810,2024-12-21,CUST-152,PROD-004,123,Distributor,Bogor
S04811,2024-12-15,CUST-093,PROD-030,184,Distributor,Tasikmalaya
S04812,2024-04-15,CUST-110,PROD-039,71,Modern Trade,Depok
S04813,2024-07-21,CUST-082,PROD-005,10,Modern Trade,Tasikmalaya Kab.
S04814,2024-12-04,CUST-078,PROD-003,88,Modern Trade,Sukabumi Kab.
S04815,2024-01-03,CUST-002,PROD-022,1,E-commerce,Ciamis
S04816,2024-11-04,CUST-065,PROD-028,192,Modern Trade,Cirebon Kab.
S04817,2024-12-16,CUST-020,PROD-022,70,Traditional Trade,Pangandaran
S04818,2024-02-04,CUST-034,PROD-022,217,Modern Trade,Garut Kab.
S04819,2024-03-01,CUST-041,PROD-034,29,E-commerce,Cirebon Kab.
S04820,2024-12-20,CUST-169,PROD-029,125,Traditional Trade,Ciamis
S04821,2024-07-08,CUST-023,PROD-013,104,Traditional Trade,Cirebon Kab.
S04822,2024-01-06,CUST-038,PROD-007,496,Distributor,Purwakarta
S04823,2024-03-26,CUST-172,PROD-010,487,Distributor,Kuningan
S04824,2024-06-02,CUST-067,PROD-028,44,E-commerce,Purwakarta
S04825,2024-09-06,CUST-062,PROD-004,39,E-commerce,Ciamis
S04826,2024-09-27,CUST-140,PROD-032,3,E-commerce,Bekasi
S04827,2024-12-30,CUST-030,PROD-022,37,E-commerce,Banjar
S04828,2024-04-03,CUST-087,PROD-020,157,Distributor,Subang
S04829,2024-07-08,CUST-193,PROD-020,21,Modern Trade,Tasikmalaya Kab.
S04830,2024-07-06,CUST-169,PROD-006,91,Traditional Trade,Ciamis
S04831,2024-05-07,CUST-148,PROD-009,22,E-commerce,Bogor
S04832,2024-03-03,CUST-118,PROD-028,32,E-commerce,Garut
S04833,2024-12-25,CUST-006,PROD-013,75,Traditional Trade,Pangandaran
S04834,2024-11-17,CUST-075,PROD-031,263,Distributor,Bandung Barat
S04835,2024-06-22,CUST-132,PROD-039,44,E-commerce,Cimahi
S04836,2024-08-03,CUST-093,PROD-014,371,Distributor,Tasikmalaya
S04837,2024-03-18,CUST-010,PROD-022,14,E-commerce,Kuningan
S04838,2024-07-10,CUST-051,PROD-037,64,Modern Trade,Depok
S04839,2024-09-07,CUST-093,PROD-024,321,Distributor,Tasikmalaya
S04840,2024-06-28,CUST-038,PROD-008,393,Distributor,Purwakarta
S04841,2024-12-29,CUST-129,PROD-015,75,Traditional Trade,Sukabumi
S04842,2024-08-06,CUST-136,PROD-006,117,Distributor,Indramayu
S04843,2024-04-24,CUST-102,PROD-023,37,E-commerce,Tasikmalaya Kab.
S04844,2024-10-18,CUST-081,PROD-025,183,Modern Trade,Sumedang
S04845,2024-03-03,CUST-083,PROD-031,218,Distributor,Cirebon Kab.
S04846,2024-04-28,CUST-191,PROD-029,438,Distributor,Ciamis
S04847,2024-04-18,CUST-161,PROD-023,270,Modern Trade,Purwakarta
S04848,2024-05-23,CUST-143,PROD-010,496,Distributor,Cimahi
S04849,2024-10-23,CUST-031,PROD-009,134,Modern Trade,Cirebon Kab.
S04850,2024-06-16,CUST-021,PROD-013,140,Modern Trade,Bandung Barat
S04851,2024-10-29,CUST-131,PROD-032,140,Traditional Trade,Sukabumi
S04852,2024-07-23,CUST-126,PROD-001,78,Traditional Trade,Sukabumi Kab.
S04853,2024-04-17,CUST-194,PROD-001,134,Modern Trade,Kuningan
S04854,2024-11-04,CUST-035,PROD-037,403,Distributor,Garut Kab.
S04855,2024-03-21,CUST-169,PROD-040,127,Traditional Trade,Ciamis
S04856,2024-03-17,CUST-187,PROD-018,109,Modern Trade,Pangandaran
S04857,2024-06-24,CUST-144,PROD-036,57,Traditional Trade,Banjar
S04858,2024-03-27,CUST-184,PROD-031,381,Distributor,Sukabumi Kab.
S04859,2024-01-04,CUST-045,PROD-001,132,Traditional Trade,Bogor
S04860,2024-08-19,CUST-059,PROD-036,29,E-commerce,Tasikmalaya Kab.
S04861,2024-06-27,CUST-178,PROD-009,18,Traditional Trade,Karawang
S04862,2024-05-31,CUST-012,PROD-022,9,Traditional Trade,Cirebon
S04863,2024-12-21,CUST-140,PROD-028,48,E-commerce,Bekasi
S04864,2024-07-21,CUST-033,PROD-026,76,Distributor,Majalengka
S04865,2024-11-20,CUST-177,PROD-010,129,Traditional Trade,Bogor Kab.
S04866,2024-02-22,CUST-021,PROD-003,38,Modern Trade,Bandung Barat
S04867,2024-07-20,CUST-060,PROD-002,7,Traditional Trade,Pangandaran
S04868,2024-11-21,CUST-052,PROD-037,463,Distributor,Sumedang
S04869,2024-07-26,CUST-182,PROD-031,141,Traditional Trade,Banjar
S04870,2024-09-19,CUST-167,PROD-033,266,Modern Trade,Depok
S04871,2024-04-25,CUST-177,PROD-032,27,Traditional Trade,Bogor Kab.
S04872,2024-02-05,CUST-123,PROD-012,3,E-commerce,Bandung
S04873,2024-06-05,CUST-106,PROD-003,209,Distributor,Purwakarta
S04874,2024-04-30,CUST-192,PROD-026,10,Traditional Trade,Cirebon
S04875,2024-11-21,CUST-100,PROD-014,53,Traditional Trade,Pangandaran
S04876,2024-03-22,CUST-154,PROD-012,192,Distributor,Bekasi
S04877,2024-12-21,CUST-071,PROD-026,34,Traditional Trade,Bogor Kab.
S04878,2024-12-19,CUST-135,PROD-016,262,Modern Trade,Bandung
S04879,2024-03-23,CUST-200,PROD-008,40,E-commerce,Garut Kab.
S04880,2024-04-18,CUST-062,PROD-028,48,E-commerce,Ciamis
S04881,2024-11-30,CUST-088,PROD-007,276,Distributor,Indramayu
S04882,2024-12-21,CUST-024,PROD-015,229,Modern Trade,Bekasi Kab.
S04883,2024-05-30,CUST-040,PROD-036,52,Modern Trade,Garut
S04884,2024-04-11,CUST-076,PROD-008,193,Distributor,Bekasi Kab.
S04885,2024-07-03,CUST-175,PROD-010,287,Modern Trade,Purwakarta
S04886,2024-09-04,CUST-136,PROD-015,368,Distributor,Indramayu
S04887,2024-03-30,CUST-182,PROD-018,45,Traditional Trade,Banjar
S04888,2024-09-29,CUST-009,PROD-037,54,Traditional Trade,Garut
S04889,2024-01-20,CUST-003,PROD-035,3,E-commerce,Purwakarta
S04890,2024-01-19,CUST-182,PROD-002,90,Traditional Trade,Banjar
S04891,2024-04-28,CUST-021,PROD-022,168,Modern Trade,Bandung Barat
S04892,2024-04-20,CUST-095,PROD-015,37,E-commerce,Pangandaran
S04893,2024-04-10,CUST-176,PROD-037,36,Modern Trade,Cirebon
S04894,2024-06-19,CUST-175,PROD-039,265,Modern Trade,Purwakarta
S04895,2024-04-11,CUST-196,PROD-036,26,Traditional Trade,Depok
S04896,2024-03-09,CUST-191,PROD-005,298,Distributor,Ciamis
S04897,2024-04-08,CUST-016,PROD-015,17,E-commerce,Cimahi
S04898,2024-12-24,CUST-107,PROD-027,116,Traditional Trade,Karawang
S04899,2024-05-10,CUST-093,PROD-016,174,Distributor,Tasikmalaya
S04900,2024-05-31,CUST-133,PROD-036,361,Distributor,Cirebon Kab.
S04901,2024-07-23,CUST-139,PROD-038,47,Traditional Trade,Cianjur
S04902,2024-12-26,CUST-157,PROD-018,125,Traditional Trade,Subang
S04903,2024-03-22,CUST-079,PROD-035,5,E-commerce,Bogor Kab.
S04904,2024-08-31,CUST-070,PROD-025,134,Traditional Trade,Majalengka
S04905,2024-09-18,CUST-048,PROD-022,125,Traditional Trade,Depok
S04906,2024-08-04,CUST-015,PROD-031,4,E-commerce,Bogor Kab.
S04907,2024-02-03,CUST-034,PROD-037,236,Modern Trade,Garut Kab.
S04908,2024-08-30,CUST-060,PROD-034,116,Traditional Trade,Pangandaran
S04909,2024-01-25,CUST-190,PROD-023,20,E-commerce,Cirebon Kab.
S04910,2024-07-31,CUST-002,PROD-016,9,E-commerce,Ciamis
S04911,2024-10-01,CUST-080,PROD-006,183,Distributor,Banjar
S04912,2024-03-14,CUST-019,PROD-015,9,Traditional Trade,Banjar
S04913,2024-11-13,CUST-049,PROD-018,278,Modern Trade,Pangandaran
S04914,2024-01-12,CUST-078,PROD-038,291,Modern Trade,Sukabumi Kab.
S04915,2024-11-14,CUST-028,PROD-013,233,Modern Trade,Cirebon Kab.
S04916,2024-06-06,CUST-048,PROD-024,68,Traditional Trade,Depok
S04917,2024-03-15,CUST-096,PROD-013,444,Distributor,Indramayu
S04918,2024-02-20,CUST-165,PROD-001,66,Traditional Trade,Karawang
S04919,2024-12-17,CUST-177,PROD-036,128,Traditional Trade,Bogor Kab.
S04920,2024-01-28,CUST-109,PROD-018,74,Traditional Trade,Tasikmalaya
S04921,2024-03-11,CUST-176,PROD-033,247,Modern Trade,Cirebon
S04922,2024-04-18,CUST-073,PROD-038,11,E-commerce,Cimahi
S04923,2024-08-09,CUST-100,PROD-006,14,Traditional Trade,Pangandaran
S04924,2024-07-10,CUST-029,PROD-017,148,Traditional Trade,Tasikmalaya Kab.
S04925,2024-02-17,CUST-188,PROD-004,277,Modern Trade,Bekasi Kab.
S04926,2024-04-03,CUST-157,PROD-014,92,Traditional Trade,Subang
S04927,2024-03-21,CUST-058,PROD-030,50,E-commerce,Sukabumi
S04928,2024-03-14,CUST-048,PROD-020,147,Traditional Trade,Depok
S04929,2024-05-10,CUST-023,PROD-008,63,Traditional Trade,Cirebon Kab.
S04930,2024-09-12,CUST-027,PROD-002,220,Modern Trade,Bandung
S04931,2024-03-15,CUST-007,PROD-037,81,Modern Trade,Depok
S04932,2024-04-23,CUST-049,PROD-004,253,Modern Trade,Pangandaran
S04933,2024-04-29,CUST-182,PROD-010,54,Traditional Trade,Banjar
S04934,2024-12-24,CUST-109,PROD-020,58,Traditional Trade,Tasikmalaya
S04935,2024-12-18,CUST-068,PROD-035,33,E-commerce,Bogor
S04936,2024-11-01,CUST-170,PROD-010,233,Modern Trade,Bogor Kab.
S04937,2024-03-22,CUST-187,PROD-028,165,Modern Trade,Pangandaran
S04938,2024-01-27,CUST-172,PROD-015,409,Distributor,Kuningan
S04939,2024-04-10,CUST-154,PROD-036,100,Distributor,Bekasi
S04940,2024-03-28,CUST-151,PROD-001,78,Traditional Trade,Subang
S04941,2024-06-25,CUST-073,PROD-022,33,E-commerce,Cimahi
S04942,2024-10-20,CUST-101,PROD-027,138,Modern Trade,Cianjur
S04943,2024-11-18,CUST-008,PROD-029,94,Modern Trade,Tasikmalaya Kab.
S04944,2024-11-14,CUST-053,PROD-015,73,Traditional Trade,Bogor Kab.
S04945,2024-04-21,CUST-142,PROD-010,434,Distributor,Cirebon Kab.
S04946,2024-09-03,CUST-199,PROD-020,121,Traditional Trade,Tasikmalaya
S04947,2024-04-09,CUST-135,PROD-022,64,Modern Trade,Bandung
S04948,2024-01-24,CUST-137,PROD-009,21,E-commerce,Kuningan
S04949,2024-09-11,CUST-003,PROD-032,25,E-commerce,Purwakarta
S04950,2024-01-04,CUST-078,PROD-017,89,Modern Trade,Sukabumi Kab.
S04951,2024-05-09,CUST-145,PROD-019,114,Traditional Trade,Garut Kab.
S04952,2024-04-13,CUST-172,PROD-040,302,Distributor,Kuningan
S04953,2024-09-07,CUST-086,PROD-027,65,Traditional Trade,Bogor Kab.
S04954,2024-10-14,CUST-046,PROD-037,213,Distributor,Bekasi
S04955,2024-04-07,CUST-090,PROD-034,152,Distributor,Cimahi
S04956,2024-11-04,CUST-186,PROD-010,117,Traditional Trade,Tasikmalaya
S04957,2024-04-04,CUST-156,PROD-030,24,E-commerce,Kuningan
S04958,2024-06-01,CUST-142,PROD-021,385,Distributor,Cirebon Kab.
S04959,2024-09-24,CUST-009,PROD-021,146,Traditional Trade,Garut
S04960,2024-09-06,CUST-115,PROD-034,260,Modern Trade,Cimahi
S04961,2024-12-28,CUST-154,PROD-009,403,Distributor,Bekasi
S04962,2024-03-17,CUST-130,PROD-034,97,Modern Trade,Depok
S04963,2024-08-24,CUST-075,PROD-012,149,Distributor,Bandung Barat
S04964,2024-08-05,CUST-081,PROD-021,129,Modern Trade,Sumedang
S04965,2024-12-06,CUST-128,PROD-020,1,E-commerce,Tasikmalaya Kab.
S04966,2024-02-28,CUST-034,PROD-006,213,Modern Trade,Garut Kab.
S04967,2024-10-07,CUST-147,PROD-036,21,E-commerce,Bandung
S04968,2024-07-20,CUST-039,PROD-012,43,Traditional Trade,Purwakarta
S04969,2024-03-30,CUST-013,PROD-031,52,Distributor,Cianjur
S04970,2024-06-12,CUST-133,PROD-002,449,Distributor,Cirebon Kab.
S04971,2024-04-15,CUST-050,PROD-016,117,Distributor,Sukabumi
S04972,2024-07-24,CUST-023,PROD-001,17,Traditional Trade,Cirebon Kab.
S04973,2024-11-28,CUST-122,PROD-004,24,Traditional Trade,Bogor
S04974,2024-07-20,CUST-120,PROD-001,292,Modern Trade,Cimahi
S04975,2024-08-13,CUST-088,PROD-035,435,Distributor,Indramayu
S04976,2024-06-30,CUST-157,PROD-013,14,Traditional Trade,Subang
S04977,2024-01-20,CUST-112,PROD-031,93,Traditional Trade,Cianjur
S04978,2024-03-19,CUST-111,PROD-020,68,Distributor,Sukabumi
S04979,2024-06-19,CUST-072,PROD-007,192,Distributor,Sumedang
S04980,2024-04-08,CUST-154,PROD-040,152,Distributor,Bekasi
S04981,2024-03-06,CUST-057,PROD-033,250,Modern Trade,Tasikmalaya Kab.
S04982,2024-06-24,CUST-001,PROD-028,20,Traditional Trade,Depok
S04983,2024-04-12,CUST-156,PROD-020,17,E-commerce,Kuningan
S04984,2024-03-26,CUST-113,PROD-032,197,Modern Trade,Bandung
S04985,2024-06-08,CUST-062,PROD-009,16,E-commerce,Ciamis
S04986,2024-02-20,CUST-047,PROD-034,219,Modern Trade,Garut
S04987,2024-12-10,CUST-078,PROD-014,186,Modern Trade,Sukabumi Kab.
S04988,2024-11-21,CUST-106,PROD-004,437,Distributor,Purwakarta
S04989,2024-09-14,CUST-187,PROD-029,203,Modern Trade,Pangandaran
S04990,2024-02-10,CUST-159,PROD-015,186,Modern Trade,Garut Kab.
S04991,2024-10-19,CUST-198,PROD-017,418,Distributor,Bandung
S04992,2024-11-03,CUST-126,PROD-019,70,Traditional Trade,Sukabumi Kab.
S04993,2024-10-15,CUST-177,PROD-038,58,Traditional Trade,Bogor Kab.
S04994,2024-02-13,CUST-005,PROD-009,6,Traditional Trade,Cimahi
S04995,2024-08-18,CUST-031,PROD-027,280,Modern Trade,Cirebon Kab.
S04996,2024-11-11,CUST-037,PROD-015,109,Distributor,Indramayu
S04997,2024-07-24,CUST-079,PROD-037,48,E-commerce,Bogor Kab.
S04998,2024-08-19,CUST-143,PROD-028,92,Distributor,Cimahi
S04999,2024-06-06,CUST-052,PROD-004,142,Distributor,Sumedang
S05000,2024-07-04,CUST-197,PROD-021,275,Distributor,Bandung
S05001,2024-01-14,CUST-139,PROD-034,34,Traditional Trade,Cianjur
S05002,2024-08-16,CUST-043,PROD-019,72,Modern Trade,Ciamis
S05003,2024-02-01,CUST-198,PROD-037,329,Distributor,Bandung
S05004,2024-05-25,CUST-151,PROD-004,18,Traditional Trade,Subang
S05005,2024-04-04,CUST-040,PROD-037,37,Modern Trade,Garut
S05006,2024-07-11,CUST-063,PROD-032,146,Traditional Trade,Purwakarta
S05007,2024-02-20,CUST-130,PROD-012,117,Modern Trade,Depok
S05008,2024-09-06,CUST-087,PROD-016,339,Distributor,Subang
S05009,2024-10-29,CUST-073,PROD-014,14,E-commerce,Cimahi
S05010,2024-03-01,CUST-175,PROD-001,256,Modern Trade,Purwakarta
S05011,2024-02-09,CUST-104,PROD-032,25,E-commerce,Karawang
S05012,2024-02-24,CUST-158,PROD-021,16,Traditional Trade,Depok
S05013,2024-11-24,CUST-016,PROD-004,41,E-commerce,Cimahi
S05014,2024-07-04,CUST-059,PROD-009,40,E-commerce,Tasikmalaya Kab.
S05015,2024-06-09,CUST-047,PROD-022,249,Modern Trade,Garut
S05016,2024-02-10,CUST-116,PROD-012,42,E-commerce,Cianjur
S05017,2024-08-20,CUST-158,PROD-030,11,Traditional Trade,Depok
S05018,2024-11-21,CUST-109,PROD-030,83,Traditional Trade,Tasikmalaya
S05019,2024-11-09,CUST-009,PROD-032,125,Traditional Trade,Garut
S05020,2024-08-11,CUST-065,PROD-036,82,Modern Trade,Cirebon Kab.
S05021,2024-01-29,CUST-059,PROD-007,4,E-commerce,Tasikmalaya Kab.
S05022,2024-02-12,CUST-102,PROD-017,31,E-commerce,Tasikmalaya Kab.
S05023,2024-01-19,CUST-192,PROD-001,74,Traditional Trade,Cirebon
S05024,2024-03-26,CUST-136,PROD-014,269,Distributor,Indramayu
S05025,2024-02-20,CUST-123,PROD-038,12,E-commerce,Bandung
S05026,2024-03-26,CUST-180,PROD-026,96,Distributor,Garut Kab.
S05027,2024-04-28,CUST-146,PROD-027,22,E-commerce,Bogor
S05028,2024-12-14,CUST-091,PROD-016,33,Modern Trade,Subang
S05029,2024-08-05,CUST-096,PROD-007,339,Distributor,Indramayu
S05030,2024-11-11,CUST-058,PROD-032,19,E-commerce,Sukabumi
S05031,2024-09-15,CUST-177,PROD-025,28,Traditional Trade,Bogor Kab.
S05032,2024-02-12,CUST-032,PROD-031,113,Distributor,Tasikmalaya
S05033,2024-09-29,CUST-048,PROD-016,120,Traditional Trade,Depok
S05034,2024-03-30,CUST-045,PROD-014,102,Traditional Trade,Bogor
S05035,2024-08-16,CUST-182,PROD-025,31,Traditional Trade,Banjar
S05036,2024-04-16,CUST-100,PROD-030,48,Traditional Trade,Pangandaran
S05037,2024-12-31,CUST-100,PROD-007,97,Traditional Trade,Pangandaran
S05038,2024-03-27,CUST-046,PROD-012,114,Distributor,Bekasi
S05039,2024-03-31,CUST-159,PROD-003,183,Modern Trade,Garut Kab.
S05040,2024-12-10,CUST-165,PROD-027,58,Traditional Trade,Karawang
S05041,2024-01-10,CUST-144,PROD-019,124,Traditional Trade,Banjar
S05042,2024-09-08,CUST-174,PROD-037,284,Distributor,Karawang
S05043,2024-09-23,CUST-126,PROD-007,11,Traditional Trade,Sukabumi Kab.
S05044,2024-11-12,CUST-046,PROD-016,359,Distributor,Bekasi
S05045,2024-12-24,CUST-121,PROD-032,43,E-commerce,Bogor
S05046,2024-12-24,CUST-088,PROD-008,325,Distributor,Indramayu
S05047,2024-01-26,CUST-061,PROD-013,389,Distributor,Bandung Barat
S05048,2024-11-07,CUST-046,PROD-011,202,Distributor,Bekasi
S05049,2024-08-19,CUST-179,PROD-020,92,Distributor,Depok
S05050,2024-08-19,CUST-190,PROD-018,21,E-commerce,Cirebon Kab.
S05051,2024-02-18,CUST-163,PROD-037,131,Traditional Trade,Tasikmalaya Kab.
S05052,2024-08-20,CUST-081,PROD-006,164,Modern Trade,Sumedang
S05053,2024-12-26,CUST-170,PROD-020,229,Modern Trade,Bogor Kab.
S05054,2024-12-05,CUST-045,PROD-032,40,Traditional Trade,Bogor
S05055,2024-05-27,CUST-118,PROD-029,34,E-commerce,Garut
S05056,2024-01-16,CUST-196,PROD-004,70,Traditional Trade,Depok
S05057,2024-04-22,CUST-047,PROD-007,130,Modern Trade,Garut
S05058,2024-11-09,CUST-158,PROD-020,13,Traditional Trade,Depok
S05059,2024-09-11,CUST-152,PROD-034,388,Distributor,Bogor
S05060,2024-06-06,CUST-194,PROD-036,190,Modern Trade,Kuningan
S05061,2024-01-22,CUST-171,PROD-007,25,Traditional Trade,Bekasi
S05062,2024-05-20,CUST-162,PROD-033,20,Traditional Trade,Purwakarta
S05063,2024-06-10,CUST-023,PROD-015,30,Traditional Trade,Cirebon Kab.
S05064,2024-12-10,CUST-061,PROD-032,477,Distributor,Bandung Barat
S05065,2024-08-17,CUST-165,PROD-022,33,Traditional Trade,Karawang
S05066,2024-04-09,CUST-013,PROD-040,147,Distributor,Cianjur
S05067,2024-07-03,CUST-199,PROD-029,75,Traditional Trade,Tasikmalaya
S05068,2024-01-26,CUST-007,PROD-025,282,Modern Trade,Depok
S05069,2024-12-23,CUST-170,PROD-005,297,Modern Trade,Bogor Kab.
S05070,2024-04-21,CUST-166,PROD-014,75,Modern Trade,Garut
S05071,2024-06-13,CUST-180,PROD-035,364,Distributor,Garut Kab.
S05072,2024-04-20,CUST-172,PROD-002,465,Distributor,Kuningan
S05073,2024-09-01,CUST-192,PROD-025,115,Traditional Trade,Cirebon
S05074,2024-08-24,CUST-141,PROD-016,261,Distributor,Bogor
S05075,2024-09-18,CUST-028,PROD-016,180,Modern Trade,Cirebon Kab.
S05076,2024-03-29,CUST-096,PROD-011,388,Distributor,Indramayu
S05077,2024-04-10,CUST-107,PROD-035,114,Traditional Trade,Karawang
S05078,2024-02-17,CUST-098,PROD-023,68,Modern Trade,Sumedang
S05079,2024-08-22,CUST-112,PROD-005,34,Traditional Trade,Cianjur
S05080,2024-01-16,CUST-001,PROD-035,15,Traditional Trade,Depok
S05081,2024-08-01,CUST-043,PROD-029,163,Modern Trade,Ciamis
S05082,2024-11-22,CUST-042,PROD-005,98,Traditional Trade,Kuningan
S05083,2024-11-28,CUST-095,PROD-003,2,E-commerce,Pangandaran
S05084,2024-06-02,CUST-178,PROD-006,35,Traditional Trade,Karawang
S05085,2024-06-06,CUST-188,PROD-023,192,Modern Trade,Bekasi Kab.
S05086,2024-01-30,CUST-129,PROD-002,121,Traditional Trade,Sukabumi
S05087,2024-08-27,CUST-051,PROD-018,198,Modern Trade,Depok
S05088,2024-11-07,CUST-144,PROD-030,131,Traditional Trade,Banjar
S05089,2024-03-22,CUST-167,PROD-038,32,Modern Trade,Depok
S05090,2024-05-17,CUST-015,PROD-005,26,E-commerce,Bogor Kab.
S05091,2024-11-13,CUST-125,PROD-011,18,E-commerce,Bekasi
S05092,2024-11-24,CUST-161,PROD-001,88,Modern Trade,Purwakarta
S05093,2024-03-22,CUST-087,PROD-010,83,Distributor,Subang
S05094,2024-07-13,CUST-053,PROD-026,111,Traditional Trade,Bogor Kab.
S05095,2024-03-09,CUST-145,PROD-033,53,Traditional Trade,Garut Kab.
S05096,2024-02-08,CUST-089,PROD-027,208,Modern Trade,Purwakarta
S05097,2024-12-05,CUST-106,PROD-012,240,Distributor,Purwakarta
S05098,2024-11-07,CUST-006,PROD-002,66,Traditional Trade,Pangandaran
S05099,2024-10-11,CUST-031,PROD-001,51,Modern Trade,Cirebon Kab.
S05100,2024-01-19,CUST-197,PROD-001,73,Distributor,Bandung
S05101,2024-11-14,CUST-040,PROD-033,172,Modern Trade,Garut
S05102,2024-05-27,CUST-158,PROD-022,81,Traditional Trade,Depok
S05103,2024-04-17,CUST-069,PROD-012,144,Distributor,Subang
S05104,2024-07-11,CUST-135,PROD-039,92,Modern Trade,Bandung
S05105,2024-02-04,CUST-013,PROD-036,142,Distributor,Cianjur
S05106,2024-10-09,CUST-004,PROD-021,287,Modern Trade,Cirebon
S05107,2024-07-26,CUST-178,PROD-020,109,Traditional Trade,Karawang
S05108,2024-03-07,CUST-003,PROD-036,21,E-commerce,Purwakarta
S05109,2024-03-08,CUST-140,PROD-026,16,E-commerce,Bekasi
S05110,2024-03-07,CUST-065,PROD-031,167,Modern Trade,Cirebon Kab.
S05111,2024-01-22,CUST-027,PROD-001,78,Modern Trade,Bandung
S05112,2024-07-28,CUST-107,PROD-038,10,Traditional Trade,Karawang
S05113,2024-11-13,CUST-050,PROD-014,390,Distributor,Sukabumi
S05114,2024-01-07,CUST-017,PROD-026,118,Traditional Trade,Cianjur
S05115,2024-01-19,CUST-200,PROD-007,11,E-commerce,Garut Kab.
S05116,2024-07-22,CUST-032,PROD-012,329,Distributor,Tasikmalaya
S05117,2024-11-07,CUST-179,PROD-024,384,Distributor,Depok
S05118,2024-04-13,CUST-017,PROD-019,114,Traditional Trade,Cianjur
S05119,2024-04-19,CUST-034,PROD-009,60,Modern Trade,Garut Kab.
S05120,2024-07-31,CUST-035,PROD-035,288,Distributor,Garut Kab.
S05121,2024-03-30,CUST-152,PROD-004,68,Distributor,Bogor
S05122,2024-01-11,CUST-182,PROD-032,135,Traditional Trade,Banjar
S05123,2024-09-28,CUST-146,PROD-006,3,E-commerce,Bogor
S05124,2024-08-11,CUST-050,PROD-028,280,Distributor,Sukabumi
S05125,2024-07-25,CUST-174,PROD-028,433,Distributor,Karawang
S05126,2024-10-02,CUST-176,PROD-040,101,Modern Trade,Cirebon
S05127,2024-08-29,CUST-103,PROD-029,35,Traditional Trade,Tasikmalaya
S05128,2024-03-12,CUST-033,PROD-005,411,Distributor,Majalengka
S05129,2024-04-19,CUST-089,PROD-005,258,Modern Trade,Purwakarta
S05130,2024-02-17,CUST-155,PROD-037,173,Distributor,Tasikmalaya Kab.
S05131,2024-02-18,CUST-129,PROD-028,117,Traditional Trade,Sukabumi
S05132,2024-08-29,CUST-085,PROD-009,145,Modern Trade,Sukabumi Kab.
S05133,2024-11-19,CUST-059,PROD-029,17,E-commerce,Tasikmalaya Kab.
S05134,2024-12-20,CUST-010,PROD-014,35,E-commerce,Kuningan
S05135,2024-08-12,CUST-153,PROD-038,149,Distributor,Bandung
S05136,2024-03-07,CUST-057,PROD-040,228,Modern Trade,Tasikmalaya Kab.
S05137,2024-02-10,CUST-066,PROD-034,113,Modern Trade,Cimahi
S05138,2024-11-05,CUST-119,PROD-037,49,Traditional Trade,Majalengka
S05139,2024-07-24,CUST-112,PROD-014,101,Traditional Trade,Cianjur
S05140,2024-08-08,CUST-015,PROD-018,50,E-commerce,Bogor Kab.
S05141,2024-10-22,CUST-156,PROD-033,11,E-commerce,Kuningan
S05142,2024-09-12,CUST-013,PROD-034,70,Distributor,Cianjur
S05143,2024-11-11,CUST-114,PROD-028,247,Distributor,Cirebon Kab.
S05144,2024-01-22,CUST-118,PROD-036,48,E-commerce,Garut
S05145,2024-10-05,CUST-142,PROD-037,198,Distributor,Cirebon Kab.
S05146,2024-11-16,CUST-114,PROD-023,430,Distributor,Cirebon Kab.
S05147,2024-04-02,CUST-194,PROD-017,252,Modern Trade,Kuningan
S05148,2024-08-16,CUST-034,PROD-011,192,Modern Trade,Garut Kab.
S05149,2024-04-09,CUST-101,PROD-032,293,Modern Trade,Cianjur
S05150,2024-12-19,CUST-025,PROD-037,85,Traditional Trade,Bandung Barat
S05151,2024-01-13,CUST-112,PROD-015,86,Traditional Trade,Cianjur
S05152,2024-07-25,CUST-054,PROD-004,11,E-commerce,Tasikmalaya
S05153,2024-03-02,CUST-012,PROD-039,50,Traditional Trade,Cirebon
S05154,2024-09-16,CUST-126,PROD-030,48,Traditional Trade,Sukabumi Kab.
S05155,2024-03-05,CUST-137,PROD-010,25,E-commerce,Kuningan
S05156,2024-03-20,CUST-031,PROD-023,231,Modern Trade,Cirebon Kab.
S05157,2024-06-20,CUST-078,PROD-024,257,Modern Trade,Sukabumi Kab.
S05158,2024-12-06,CUST-053,PROD-036,122,Traditional Trade,Bogor Kab.
S05159,2024-03-14,CUST-112,PROD-005,124,Traditional Trade,Cianjur
S05160,2024-02-24,CUST-043,PROD-037,227,Modern Trade,Ciamis
S05161,2024-10-11,CUST-166,PROD-019,86,Modern Trade,Garut
S05162,2024-06-23,CUST-042,PROD-037,92,Traditional Trade,Kuningan
S05163,2024-12-05,CUST-124,PROD-008,12,E-commerce,Garut Kab.
S05164,2024-02-24,CUST-200,PROD-007,14,E-commerce,Garut Kab.
S05165,2024-08-18,CUST-176,PROD-040,210,Modern Trade,Cirebon
S05166,2024-03-19,CUST-067,PROD-013,31,E-commerce,Purwakarta
S05167,2024-02-28,CUST-066,PROD-037,13,Modern Trade,Cimahi
S05168,2024-09-01,CUST-144,PROD-027,87,Traditional Trade,Banjar
S05169,2024-07-30,CUST-083,PROD-018,242,Distributor,Cirebon Kab.
S05170,2024-10-08,CUST-094,PROD-024,55,Distributor,Cimahi
S05171,2024-04-08,CUST-105,PROD-002,242,Distributor,Sukabumi
S05172,2024-06-01,CUST-144,PROD-016,95,Traditional Trade,Banjar
S05173,2024-05-07,CUST-031,PROD-014,31,Modern Trade,Cirebon Kab.
S05174,2024-12-27,CUST-118,PROD-017,17,E-commerce,Garut
S05175,2024-04-04,CUST-186,PROD-006,33,Traditional Trade,Tasikmalaya
S05176,2024-04-04,CUST-028,PROD-035,154,Modern Trade,Cirebon Kab.
S05177,2024-04-20,CUST-004,PROD-017,11,Modern Trade,Cirebon
S05178,2024-07-19,CUST-138,PROD-038,297,Modern Trade,Kuningan
S05179,2024-03-24,CUST-179,PROD-040,455,Distributor,Depok
S05180,2024-12-06,CUST-018,PROD-006,107,Traditional Trade,Bogor
S05181,2024-03-28,CUST-047,PROD-038,234,Modern Trade,Garut
S05182,2024-11-30,CUST-160,PROD-021,136,Traditional Trade,Sukabumi
S05183,2024-02-09,CUST-158,PROD-035,121,Traditional Trade,Depok
S05184,2024-08-22,CUST-164,PROD-023,145,Traditional Trade,Sukabumi Kab.
S05185,2024-12-03,CUST-009,PROD-012,65,Traditional Trade,Garut
S05186,2024-03-03,CUST-164,PROD-029,68,Traditional Trade,Sukabumi Kab.
S05187,2024-12-22,CUST-029,PROD-027,81,Traditional Trade,Tasikmalaya Kab.
S05188,2024-06-03,CUST-144,PROD-006,37,Traditional Trade,Banjar
S05189,2024-12-15,CUST-092,PROD-021,102,Traditional Trade,Kuningan
S05190,2024-08-30,CUST-149,PROD-007,38,E-commerce,Bekasi
S05191,2024-04-06,CUST-064,PROD-016,130,Traditional Trade,Depok
S05192,2024-03-08,CUST-111,PROD-005,206,Distributor,Sukabumi
S05193,2024-04-07,CUST-194,PROD-015,259,Modern Trade,Kuningan
S05194,2024-02-05,CUST-124,PROD-021,32,E-commerce,Garut Kab.
S05195,2024-02-23,CUST-187,PROD-004,283,Modern Trade,Pangandaran
S05196,2024-02-09,CUST-110,PROD-005,30,Modern Trade,Depok
S05197,2024-05-18,CUST-118,PROD-007,12,E-commerce,Garut
S05198,2024-10-30,CUST-156,PROD-035,39,E-commerce,Kuningan
S05199,2024-02-23,CUST-183,PROD-036,24,Traditional Trade,Bandung Barat
S05200,2024-02-19,CUST-100,PROD-015,11,Traditional Trade,Pangandaran
S05201,2024-08-18,CUST-031,PROD-028,139,Modern Trade,Cirebon Kab.
S05202,2024-03-10,CUST-161,PROD-002,106,Modern Trade,Purwakarta
S05203,2024-02-07,CUST-188,PROD-005,286,Modern Trade,Bekasi Kab.
S05204,2024-03-02,CUST-169,PROD-007,33,Traditional Trade,Ciamis
S05205,2024-12-08,CUST-081,PROD-022,297,Modern Trade,Sumedang
S05206,2024-11-07,CUST-046,PROD-031,222,Distributor,Bekasi
S05207,2024-04-20,CUST-049,PROD-032,214,Modern Trade,Pangandaran
S05208,2024-08-22,CUST-193,PROD-008,112,Modern Trade,Tasikmalaya Kab.
S05209,2024-07-07,CUST-042,PROD-011,117,Traditional Trade,Kuningan
S05210,2024-08-30,CUST-151,PROD-001,108,Traditional Trade,Subang
S05211,2024-09-01,CUST-112,PROD-040,135,Traditional Trade,Cianjur
S05212,2024-08-12,CUST-027,PROD-019,48,Modern Trade,Bandung
S05213,2024-03-28,CUST-160,PROD-038,55,Traditional Trade,Sukabumi
S05214,2024-01-15,CUST-088,PROD-037,421,Distributor,Indramayu
S05215,2024-06-04,CUST-121,PROD-007,8,E-commerce,Bogor
S05216,2024-11-28,CUST-003,PROD-039,46,E-commerce,Purwakarta
S05217,2024-07-20,CUST-060,PROD-025,50,Traditional Trade,Pangandaran
S05218,2024-11-11,CUST-079,PROD-022,2,E-commerce,Bogor Kab.
S05219,2024-12-29,CUST-145,PROD-027,10,Traditional Trade,Garut Kab.
S05220,2024-03-01,CUST-032,PROD-038,417,Distributor,Tasikmalaya
S05221,2024-09-06,CUST-007,PROD-039,67,Modern Trade,Depok
S05222,2024-08-29,CUST-071,PROD-015,126,Traditional Trade,Bogor Kab.
S05223,2024-12-25,CUST-128,PROD-002,15,E-commerce,Tasikmalaya Kab.
S05224,2024-12-27,CUST-197,PROD-008,164,Distributor,Bandung
S05225,2024-09-03,CUST-058,PROD-006,47,E-commerce,Sukabumi
S05226,2024-03-22,CUST-168,PROD-020,12,E-commerce,Majalengka
S05227,2024-10-31,CUST-112,PROD-027,52,Traditional Trade,Cianjur
S05228,2024-02-10,CUST-048,PROD-023,74,Traditional Trade,Depok
S05229,2024-10-22,CUST-179,PROD-040,204,Distributor,Depok
S05230,2024-12-04,CUST-185,PROD-017,51,Traditional Trade,Karawang
S05231,2024-04-27,CUST-111,PROD-013,422,Distributor,Sukabumi
S05232,2024-08-13,CUST-071,PROD-004,27,Traditional Trade,Bogor Kab.
S05233,2024-05-22,CUST-165,PROD-020,146,Traditional Trade,Karawang
S05234,2024-05-27,CUST-075,PROD-025,366,Distributor,Bandung Barat
S05235,2024-04-09,CUST-074,PROD-022,3,E-commerce,Bogor Kab.
S05236,2024-10-12,CUST-121,PROD-017,12,E-commerce,Bogor
S05237,2024-12-12,CUST-055,PROD-040,162,Modern Trade,Subang
S05238,2024-12-14,CUST-041,PROD-011,1,E-commerce,Cirebon Kab.
S05239,2024-03-04,CUST-097,PROD-025,100,Traditional Trade,Karawang
S05240,2024-11-23,CUST-148,PROD-005,24,E-commerce,Bogor
S05241,2024-09-29,CUST-033,PROD-021,230,Distributor,Majalengka
S05242,2024-03-25,CUST-168,PROD-026,48,E-commerce,Majalengka
S05243,2024-01-26,CUST-034,PROD-016,187,Modern Trade,Garut Kab.
S05244,2024-03-28,CUST-062,PROD-040,1,E-commerce,Ciamis
S05245,2024-12-05,CUST-019,PROD-021,43,Traditional Trade,Banjar
S05246,2024-08-14,CUST-171,PROD-032,48,Traditional Trade,Bekasi
S05247,2024-09-21,CUST-197,PROD-004,410,Distributor,Bandung
S05248,2024-03-26,CUST-191,PROD-038,399,Distributor,Ciamis
S05249,2024-09-20,CUST-010,PROD-008,5,E-commerce,Kuningan
S05250,2024-01-11,CUST-120,PROD-009,118,Modern Trade,Cimahi
S05251,2024-04-25,CUST-123,PROD-017,8,E-commerce,Bandung
S05252,2024-08-11,CUST-104,PROD-013,16,E-commerce,Karawang
S05253,2024-02-24,CUST-141,PROD-009,114,Distributor,Bogor
S05254,2024-11-08,CUST-005,PROD-006,83,Traditional Trade,Cimahi
S05255,2024-03-20,CUST-058,PROD-027,24,E-commerce,Sukabumi
S05256,2024-08-21,CUST-059,PROD-037,15,E-commerce,Tasikmalaya Kab.
S05257,2024-05-07,CUST-128,PROD-039,50,E-commerce,Tasikmalaya Kab.
S05258,2024-07-31,CUST-187,PROD-024,271,Modern Trade,Pangandaran
S05259,2024-02-10,CUST-086,PROD-009,70,Traditional Trade,Bogor Kab.
S05260,2024-01-07,CUST-104,PROD-011,5,E-commerce,Karawang
S05261,2024-12-04,CUST-143,PROD-035,420,Distributor,Cimahi
S05262,2024-03-29,CUST-129,PROD-029,109,Traditional Trade,Sukabumi
S05263,2024-11-07,CUST-038,PROD-008,147,Distributor,Purwakarta
S05264,2024-12-31,CUST-107,PROD-017,100,Traditional Trade,Karawang
S05265,2024-03-14,CUST-109,PROD-007,50,Traditional Trade,Tasikmalaya
S05266,2024-03-28,CUST-053,PROD-012,126,Traditional Trade,Bogor Kab.
S05267,2024-08-25,CUST-052,PROD-015,80,Distributor,Sumedang
S05268,2024-12-21,CUST-001,PROD-029,123,Traditional Trade,Depok
S05269,2024-12-06,CUST-011,PROD-024,130,Traditional Trade,Cirebon
S05270,2024-06-24,CUST-058,PROD-037,15,E-commerce,Sukabumi
S05271,2024-10-29,CUST-128,PROD-014,12,E-commerce,Tasikmalaya Kab.
S05272,2024-02-20,CUST-168,PROD-011,20,E-commerce,Majalengka
S05273,2024-12-25,CUST-188,PROD-035,141,Modern Trade,Bekasi Kab.
S05274,2024-12-21,CUST-044,PROD-017,195,Modern Trade,Tasikmalaya
S05275,2024-03-01,CUST-006,PROD-027,131,Traditional Trade,Pangandaran
S05276,2024-04-06,CUST-156,PROD-003,44,E-commerce,Kuningan
S05277,2024-02-08,CUST-159,PROD-002,96,Modern Trade,Garut Kab.
S05278,2024-03-29,CUST-008,PROD-004,130,Modern Trade,Tasikmalaya Kab.
S05279,2024-11-06,CUST-005,PROD-018,80,Traditional Trade,Cimahi
S05280,2024-04-26,CUST-106,PROD-020,353,Distributor,Purwakarta
S05281,2024-02-03,CUST-182,PROD-021,147,Traditional Trade,Banjar
S05282,2024-04-17,CUST-112,PROD-014,139,Traditional Trade,Cianjur
S05283,2024-12-26,CUST-017,PROD-008,76,Traditional Trade,Cianjur
S05284,2024-08-13,CUST-166,PROD-002,208,Modern Trade,Garut
S05285,2024-05-13,CUST-009,PROD-026,8,Traditional Trade,Garut
S05286,2024-03-02,CUST-078,PROD-019,133,Modern Trade,Sukabumi Kab.
S05287,2024-12-27,CUST-014,PROD-028,75,Traditional Trade,Pangandaran
S05288,2024-11-07,CUST-154,PROD-029,431,Distributor,Bekasi
S05289,2024-04-01,CUST-113,PROD-005,68,Modern Trade,Bandung
S05290,2024-01-27,CUST-190,PROD-028,45,E-commerce,Cirebon Kab.
S05291,2024-01-22,CUST-091,PROD-026,50,Modern Trade,Subang
S05292,2024-02-15,CUST-025,PROD-005,34,Traditional Trade,Bandung Barat
S05293,2024-07-25,CUST-164,PROD-015,127,Traditional Trade,Sukabumi Kab.
S05294,2024-12-10,CUST-098,PROD-009,155,Modern Trade,Sumedang
S05295,2024-06-21,CUST-161,PROD-032,295,Modern Trade,Purwakarta
S05296,2024-11-14,CUST-003,PROD-026,7,E-commerce,Purwakarta
S05297,2024-05-31,CUST-139,PROD-037,56,Traditional Trade,Cianjur
S05298,2024-09-14,CUST-112,PROD-015,27,Traditional Trade,Cianjur
S05299,2024-09-27,CUST-186,PROD-004,128,Traditional Trade,Tasikmalaya
S05300,2024-03-04,CUST-192,PROD-036,75,Traditional Trade,Cirebon
S05301,2024-04-22,CUST-146,PROD-020,38,E-commerce,Bogor
S05302,2024-08-15,CUST-047,PROD-027,261,Modern Trade,Garut
S05303,2024-01-28,CUST-172,PROD-021,152,Distributor,Kuningan
S05304,2024-04-22,CUST-187,PROD-022,62,Modern Trade,Pangandaran
S05305,2024-07-06,CUST-050,PROD-007,304,Distributor,Sukabumi
S05306,2024-12-30,CUST-197,PROD-031,410,Distributor,Bandung
S05307,2024-06-12,CUST-157,PROD-017,53,Traditional Trade,Subang
S05308,2024-11-06,CUST-124,PROD-007,47,E-commerce,Garut Kab.
S05309,2024-05-23,CUST-090,PROD-019,259,Distributor,Cimahi
S05310,2024-10-30,CUST-067,PROD-028,47,E-commerce,Purwakarta
S05311,2024-07-31,CUST-002,PROD-010,43,E-commerce,Ciamis
S05312,2024-11-27,CUST-153,PROD-027,202,Distributor,Bandung
S05313,2024-05-10,CUST-147,PROD-013,27,E-commerce,Bandung
S05314,2024-08-03,CUST-168,PROD-002,27,E-commerce,Majalengka
S05315,2024-08-13,CUST-002,PROD-022,12,E-commerce,Ciamis
S05316,2024-05-14,CUST-065,PROD-020,160,Modern Trade,Cirebon Kab.
S05317,2024-02-24,CUST-190,PROD-005,17,E-commerce,Cirebon Kab.
S05318,2024-02-05,CUST-091,PROD-006,53,Modern Trade,Subang
S05319,2024-01-07,CUST-182,PROD-035,75,Traditional Trade,Banjar
S05320,2024-11-23,CUST-173,PROD-001,134,Modern Trade,Depok
S05321,2024-03-20,CUST-116,PROD-035,24,E-commerce,Cianjur
S05322,2024-03-14,CUST-049,PROD-003,229,Modern Trade,Pangandaran
S05323,2024-09-29,CUST-069,PROD-036,264,Distributor,Subang
S05324,2024-04-11,CUST-166,PROD-007,153,Modern Trade,Garut
S05325,2024-06-25,CUST-132,PROD-029,43,E-commerce,Cimahi
S05326,2024-03-01,CUST-145,PROD-015,102,Traditional Trade,Garut Kab.
S05327,2024-12-19,CUST-126,PROD-011,29,Traditional Trade,Sukabumi Kab.
S05328,2024-11-16,CUST-181,PROD-018,2,E-commerce,Garut
S05329,2024-11-20,CUST-053,PROD-004,54,Traditional Trade,Bogor Kab.
S05330,2024-05-08,CUST-112,PROD-024,73,Traditional Trade,Cianjur
S05331,2024-10-12,CUST-159,PROD-011,73,Modern Trade,Garut Kab.
S05332,2024-02-23,CUST-150,PROD-006,32,Traditional Trade,Purwakarta
S05333,2024-01-04,CUST-139,PROD-018,13,Traditional Trade,Cianjur
S05334,2024-01-08,CUST-162,PROD-015,10,Traditional Trade,Purwakarta
S05335,2024-07-27,CUST-113,PROD-003,177,Modern Trade,Bandung
S05336,2024-06-04,CUST-143,PROD-017,404,Distributor,Cimahi
S05337,2024-06-30,CUST-114,PROD-033,222,Distributor,Cirebon Kab.
S05338,2024-01-03,CUST-138,PROD-034,128,Modern Trade,Kuningan
S05339,2024-05-17,CUST-181,PROD-030,43,E-commerce,Garut
S05340,2024-09-19,CUST-048,PROD-019,133,Traditional Trade,Depok
S05341,2024-05-30,CUST-031,PROD-009,196,Modern Trade,Cirebon Kab.
S05342,2024-09-27,CUST-037,PROD-040,112,Distributor,Indramayu
S05343,2024-03-19,CUST-108,PROD-031,129,Traditional Trade,Bandung
S05344,2024-11-05,CUST-028,PROD-027,283,Modern Trade,Cirebon Kab.
S05345,2024-07-28,CUST-159,PROD-025,95,Modern Trade,Garut Kab.
S05346,2024-03-14,CUST-070,PROD-007,24,Traditional Trade,Majalengka
S05347,2024-03-20,CUST-014,PROD-007,52,Traditional Trade,Pangandaran
S05348,2024-08-12,CUST-122,PROD-020,58,Traditional Trade,Bogor
S05349,2024-11-10,CUST-016,PROD-036,38,E-commerce,Cimahi
S05350,2024-05-13,CUST-025,PROD-019,93,Traditional Trade,Bandung Barat
S05351,2024-03-26,CUST-167,PROD-002,153,Modern Trade,Depok
S05352,2024-11-21,CUST-066,PROD-034,157,Modern Trade,Cimahi
S05353,2024-08-27,CUST-038,PROD-017,279,Distributor,Purwakarta
S05354,2024-06-01,CUST-169,PROD-024,51,Traditional Trade,Ciamis
S05355,2024-06-17,CUST-103,PROD-009,139,Traditional Trade,Tasikmalaya
S05356,2024-03-12,CUST-098,PROD-001,170,Modern Trade,Sumedang
S05357,2024-08-11,CUST-115,PROD-028,177,Modern Trade,Cimahi
S05358,2024-04-21,CUST-040,PROD-015,119,Modern Trade,Garut
S05359,2024-12-30,CUST-064,PROD-021,9,Traditional Trade,Depok
S05360,2024-06-14,CUST-089,PROD-015,182,Modern Trade,Purwakarta
S05361,2024-06-17,CUST-100,PROD-023,115,Traditional Trade,Pangandaran
S05362,2024-07-19,CUST-144,PROD-002,45,Traditional Trade,Banjar
S05363,2024-12-06,CUST-082,PROD-036,252,Modern Trade,Tasikmalaya Kab.
S05364,2024-11-01,CUST-077,PROD-009,218,Modern Trade,Banjar
S05365,2024-06-03,CUST-059,PROD-002,18,E-commerce,Tasikmalaya Kab.
S05366,2024-09-20,CUST-091,PROD-002,40,Modern Trade,Subang
S05367,2024-07-27,CUST-098,PROD-018,13,Modern Trade,Sumedang
S05368,2024-06-19,CUST-139,PROD-017,60,Traditional Trade,Cianjur
S05369,2024-03-09,CUST-001,PROD-008,9,Traditional Trade,Depok
S05370,2024-06-08,CUST-013,PROD-034,130,Distributor,Cianjur
S05371,2024-03-23,CUST-030,PROD-034,39,E-commerce,Banjar
S05372,2024-12-06,CUST-197,PROD-005,145,Distributor,Bandung
S05373,2024-04-15,CUST-018,PROD-029,97,Traditional Trade,Bogor
S05374,2024-12-17,CUST-078,PROD-028,266,Modern Trade,Sukabumi Kab.
S05375,2024-07-06,CUST-141,PROD-016,253,Distributor,Bogor
S05376,2024-08-13,CUST-032,PROD-014,260,Distributor,Tasikmalaya
S05377,2024-07-10,CUST-071,PROD-002,77,Traditional Trade,Bogor Kab.
S05378,2024-02-18,CUST-200,PROD-040,48,E-commerce,Garut Kab.
S05379,2024-04-26,CUST-050,PROD-004,366,Distributor,Sukabumi
S05380,2024-02-07,CUST-199,PROD-031,130,Traditional Trade,Tasikmalaya
S05381,2024-08-10,CUST-116,PROD-026,7,E-commerce,Cianjur
S05382,2024-06-01,CUST-113,PROD-027,134,Modern Trade,Bandung
S05383,2024-10-21,CUST-080,PROD-034,320,Distributor,Banjar
S05384,2024-03-16,CUST-031,PROD-031,117,Modern Trade,Cirebon Kab.
S05385,2024-03-02,CUST-051,PROD-011,269,Modern Trade,Depok
S05386,2024-05-07,CUST-155,PROD-008,368,Distributor,Tasikmalaya Kab.
S05387,2024-12-09,CUST-060,PROD-012,74,Traditional Trade,Pangandaran
S05388,2024-09-15,CUST-033,PROD-035,87,Distributor,Majalengka
S05389,2024-05-15,CUST-181,PROD-034,47,E-commerce,Garut
S05390,2024-06-29,CUST-127,PROD-013,6,Traditional Trade,Depok
S05391,2024-02-02,CUST-200,PROD-027,5,E-commerce,Garut Kab.
S05392,2024-12-27,CUST-161,PROD-008,17,Modern Trade,Purwakarta
S05393,2024-08-26,CUST-126,PROD-021,55,Traditional Trade,Sukabumi Kab.
S05394,2024-04-02,CUST-041,PROD-011,30,E-commerce,Cirebon Kab.
S05395,2024-07-27,CUST-019,PROD-022,116,Traditional Trade,Banjar
S05396,2024-02-11,CUST-041,PROD-021,19,E-commerce,Cirebon Kab.
S05397,2024-12-21,CUST-085,PROD-028,256,Modern Trade,Sukabumi Kab.
S05398,2024-03-04,CUST-089,PROD-003,40,Modern Trade,Purwakarta
S05399,2024-08-19,CUST-042,PROD-007,84,Traditional Trade,Kuningan
S05400,2024-03-23,CUST-120,PROD-014,31,Modern Trade,Cimahi
S05401,2024-09-19,CUST-023,PROD-015,37,Traditional Trade,Cirebon Kab.
S05402,2024-10-20,CUST-033,PROD-009,291,Distributor,Majalengka
S05403,2024-08-28,CUST-020,PROD-007,144,Traditional Trade,Pangandaran
S05404,2024-08-07,CUST-153,PROD-012,419,Distributor,Bandung
S05405,2024-11-29,CUST-090,PROD-019,369,Distributor,Cimahi
S05406,2024-01-31,CUST-104,PROD-027,25,E-commerce,Karawang
S05407,2024-04-14,CUST-180,PROD-018,487,Distributor,Garut Kab.
S05408,2024-03-23,CUST-012,PROD-013,33,Traditional Trade,Cirebon
S05409,2024-12-28,CUST-160,PROD-001,17,Traditional Trade,Sukabumi
S05410,2024-04-29,CUST-161,PROD-038,35,Modern Trade,Purwakarta
S05411,2024-09-27,CUST-196,PROD-021,26,Traditional Trade,Depok
S05412,2024-09-02,CUST-143,PROD-034,398,Distributor,Cimahi
S05413,2024-03-14,CUST-051,PROD-013,85,Modern Trade,Depok
S05414,2024-03-21,CUST-006,PROD-023,114,Traditional Trade,Pangandaran
S05415,2024-04-01,CUST-091,PROD-001,101,Modern Trade,Subang
S05416,2024-05-10,CUST-197,PROD-023,378,Distributor,Bandung
S05417,2024-03-20,CUST-069,PROD-028,424,Distributor,Subang
S05418,2024-01-08,CUST-163,PROD-032,14,Traditional Trade,Tasikmalaya Kab.
S05419,2024-11-25,CUST-123,PROD-008,48,E-commerce,Bandung
S05420,2024-12-21,CUST-162,PROD-026,94,Traditional Trade,Purwakarta
S05421,2024-04-17,CUST-191,PROD-014,294,Distributor,Ciamis
S05422,2024-04-16,CUST-196,PROD-024,10,Traditional Trade,Depok
S05423,2024-01-03,CUST-146,PROD-029,4,E-commerce,Bogor
S05424,2024-08-31,CUST-115,PROD-004,254,Modern Trade,Cimahi
S05425,2024-11-09,CUST-154,PROD-018,140,Distributor,Bekasi
S05426,2024-02-24,CUST-111,PROD-014,360,Distributor,Sukabumi
S05427,2024-02-29,CUST-061,PROD-027,175,Distributor,Bandung Barat
S05428,2024-10-27,CUST-107,PROD-003,135,Traditional Trade,Karawang
S05429,2024-08-08,CUST-078,PROD-030,16,Modern Trade,Sukabumi Kab.
S05430,2024-01-18,CUST-095,PROD-036,24,E-commerce,Pangandaran
S05431,2024-08-10,CUST-074,PROD-023,22,E-commerce,Bogor Kab.
S05432,2024-04-08,CUST-048,PROD-018,144,Traditional Trade,Depok
S05433,2024-04-24,CUST-200,PROD-040,35,E-commerce,Garut Kab.
S05434,2024-10-16,CUST-096,PROD-010,194,Distributor,Indramayu
S05435,2024-11-04,CUST-031,PROD-012,207,Modern Trade,Cirebon Kab.
S05436,2024-05-04,CUST-034,PROD-008,173,Modern Trade,Garut Kab.
S05437,2024-12-15,CUST-087,PROD-032,194,Distributor,Subang
S05438,2024-05-08,CUST-135,PROD-017,10,Modern Trade,Bandung
S05439,2024-10-17,CUST-083,PROD-014,169,Distributor,Cirebon Kab.
S05440,2024-06-16,CUST-135,PROD-037,76,Modern Trade,Bandung
S05441,2024-11-30,CUST-047,PROD-009,58,Modern Trade,Garut
S05442,2024-12-04,CUST-136,PROD-026,356,Distributor,Indramayu
S05443,2024-02-03,CUST-129,PROD-024,75,Traditional Trade,Sukabumi
S05444,2024-12-12,CUST-125,PROD-023,26,E-commerce,Bekasi
S05445,2024-11-09,CUST-077,PROD-031,296,Modern Trade,Banjar
S05446,2024-10-27,CUST-003,PROD-039,24,E-commerce,Purwakarta
S05447,2024-03-11,CUST-181,PROD-002,19,E-commerce,Garut
S05448,2024-11-02,CUST-092,PROD-018,41,Traditional Trade,Kuningan
S05449,2024-11-16,CUST-166,PROD-016,72,Modern Trade,Garut
S05450,2024-04-03,CUST-179,PROD-029,105,Distributor,Depok
S05451,2024-12-17,CUST-143,PROD-011,67,Distributor,Cimahi
S05452,2024-01-20,CUST-100,PROD-002,110,Traditional Trade,Pangandaran
S05453,2024-02-26,CUST-127,PROD-014,81,Traditional Trade,Depok
S05454,2024-07-08,CUST-195,PROD-004,8,Traditional Trade,Tasikmalaya
S05455,2024-07-23,CUST-192,PROD-039,125,Traditional Trade,Cirebon
S05456,2024-08-18,CUST-068,PROD-034,12,E-commerce,Bogor
S05457,2024-01-07,CUST-133,PROD-039,233,Distributor,Cirebon Kab.
S05458,2024-12-19,CUST-090,PROD-009,97,Distributor,Cimahi
S05459,2024-01-18,CUST-089,PROD-040,156,Modern Trade,Purwakarta
S05460,2024-02-23,CUST-010,PROD-007,26,E-commerce,Kuningan
S05461,2024-01-06,CUST-008,PROD-017,89,Modern Trade,Tasikmalaya Kab.
S05462,2024-07-19,CUST-012,PROD-023,32,Traditional Trade,Cirebon
S05463,2024-12-11,CUST-064,PROD-011,65,Traditional Trade,Depok
S05464,2024-08-26,CUST-118,PROD-022,28,E-commerce,Garut
S05465,2024-11-08,CUST-059,PROD-018,25,E-commerce,Tasikmalaya Kab.
S05466,2024-01-06,CUST-195,PROD-028,93,Traditional Trade,Tasikmalaya
S05467,2024-07-09,CUST-050,PROD-016,484,Distributor,Sukabumi
S05468,2024-06-06,CUST-151,PROD-004,144,Traditional Trade,Subang
S05469,2024-06-22,CUST-040,PROD-036,273,Modern Trade,Garut
S05470,2024-01-28,CUST-122,PROD-022,126,Traditional Trade,Bogor
S05471,2024-09-02,CUST-097,PROD-011,107,Traditional Trade,Karawang
S05472,2024-06-24,CUST-127,PROD-021,92,Traditional Trade,Depok
S05473,2024-10-14,CUST-087,PROD-040,72,Distributor,Subang
S05474,2024-06-16,CUST-077,PROD-016,276,Modern Trade,Banjar
S05475,2024-02-25,CUST-121,PROD-009,17,E-commerce,Bogor
S05476,2024-08-19,CUST-146,PROD-035,28,E-commerce,Bogor
S05477,2024-03-04,CUST-149,PROD-034,3,E-commerce,Bekasi
S05478,2024-11-23,CUST-111,PROD-009,435,Distributor,Sukabumi
S05479,2024-08-06,CUST-129,PROD-013,33,Traditional Trade,Sukabumi
S05480,2024-02-28,CUST-166,PROD-006,171,Modern Trade,Garut
S05481,2024-12-20,CUST-041,PROD-004,14,E-commerce,Cirebon Kab.
S05482,2024-06-30,CUST-170,PROD-028,131,Modern Trade,Bogor Kab.
S05483,2024-01-28,CUST-137,PROD-011,33,E-commerce,Kuningan
S05484,2024-08-11,CUST-023,PROD-034,116,Traditional Trade,Cirebon Kab.
S05485,2024-03-25,CUST-078,PROD-035,248,Modern Trade,Sukabumi Kab.
S05486,2024-11-02,CUST-011,PROD-005,97,Traditional Trade,Cirebon
S05487,2024-11-06,CUST-071,PROD-039,6,Traditional Trade,Bogor Kab.
S05488,2024-12-25,CUST-159,PROD-011,212,Modern Trade,Garut Kab.
S05489,2024-06-23,CUST-026,PROD-012,31,E-commerce,Pangandaran
S05490,2024-06-04,CUST-030,PROD-019,49,E-commerce,Banjar
S05491,2024-10-08,CUST-162,PROD-013,48,Traditional Trade,Purwakarta
S05492,2024-02-19,CUST-174,PROD-004,432,Distributor,Karawang
S05493,2024-07-11,CUST-102,PROD-014,26,E-commerce,Tasikmalaya Kab.
S05494,2024-07-11,CUST-069,PROD-002,489,Distributor,Subang
S05495,2024-02-04,CUST-133,PROD-008,487,Distributor,Cirebon Kab.
S05496,2024-05-15,CUST-189,PROD-022,50,E-commerce,Cirebon Kab.
S05497,2024-11-17,CUST-166,PROD-013,83,Modern Trade,Garut
S05498,2024-11-18,CUST-156,PROD-021,12,E-commerce,Kuningan
S05499,2024-02-07,CUST-154,PROD-021,290,Distributor,Bekasi
S05500,2024-02-04,CUST-061,PROD-028,351,Distributor,Bandung Barat
S05501,2024-03-27,CUST-106,PROD-033,103,Distributor,Purwakarta
S05502,2024-11-23,CUST-023,PROD-029,113,Traditional Trade,Cirebon Kab.
S05503,2024-02-18,CUST-174,PROD-037,329,Distributor,Karawang
S05504,2024-09-20,CUST-113,PROD-022,162,Modern Trade,Bandung
S05505,2024-02-08,CUST-030,PROD-026,35,E-commerce,Banjar
S05506,2024-08-10,CUST-067,PROD-011,8,E-commerce,Purwakarta
S05507,2024-04-20,CUST-161,PROD-011,223,Modern Trade,Purwakarta
S05508,2024-10-26,CUST-131,PROD-034,32,Traditional Trade,Sukabumi
S05509,2024-03-20,CUST-197,PROD-019,253,Distributor,Bandung
S05510,2024-08-16,CUST-121,PROD-037,33,E-commerce,Bogor
S05511,2024-03-20,CUST-083,PROD-014,358,Distributor,Cirebon Kab.
S05512,2024-09-17,CUST-170,PROD-029,131,Modern Trade,Bogor Kab.
S05513,2024-11-23,CUST-062,PROD-019,16,E-commerce,Ciamis
S05514,2024-02-17,CUST-186,PROD-037,144,Traditional Trade,Tasikmalaya
S05515,2024-11-21,CUST-057,PROD-021,227,Modern Trade,Tasikmalaya Kab.
S05516,2024-07-30,CUST-001,PROD-024,109,Traditional Trade,Depok
S05517,2024-02-17,CUST-102,PROD-026,13,E-commerce,Tasikmalaya Kab.
S05518,2024-05-20,CUST-188,PROD-012,96,Modern Trade,Bekasi Kab.
S05519,2024-03-01,CUST-069,PROD-019,80,Distributor,Subang
S05520,2024-09-10,CUST-059,PROD-030,36,E-commerce,Tasikmalaya Kab.
S05521,2024-10-11,CUST-046,PROD-015,204,Distributor,Bekasi
S05522,2024-02-10,CUST-106,PROD-003,341,Distributor,Purwakarta
S05523,2024-06-25,CUST-034,PROD-013,115,Modern Trade,Garut Kab.
S05524,2024-11-05,CUST-101,PROD-009,239,Modern Trade,Cianjur
S05525,2024-12-12,CUST-097,PROD-013,7,Traditional Trade,Karawang
S05526,2024-06-28,CUST-153,PROD-016,271,Distributor,Bandung
S05527,2024-12-16,CUST-170,PROD-014,130,Modern Trade,Bogor Kab.
S05528,2024-07-07,CUST-029,PROD-008,19,Traditional Trade,Tasikmalaya Kab.
S05529,2024-04-30,CUST-153,PROD-019,380,Distributor,Bandung
S05530,2024-11-15,CUST-182,PROD-032,5,Traditional Trade,Banjar
S05531,2024-06-20,CUST-123,PROD-035,11,E-commerce,Bandung
S05532,2024-06-11,CUST-073,PROD-023,5,E-commerce,Cimahi
S05533,2024-06-18,CUST-195,PROD-021,94,Traditional Trade,Tasikmalaya
S05534,2024-11-15,CUST-143,PROD-018,55,Distributor,Cimahi
S05535,2024-11-10,CUST-004,PROD-014,253,Modern Trade,Cirebon
S05536,2024-05-06,CUST-038,PROD-016,182,Distributor,Purwakarta
S05537,2024-04-14,CUST-020,PROD-024,120,Traditional Trade,Pangandaran
S05538,2024-06-19,CUST-113,PROD-032,82,Modern Trade,Bandung
S05539,2024-07-22,CUST-023,PROD-011,73,Traditional Trade,Cirebon Kab.
S05540,2024-03-21,CUST-165,PROD-011,48,Traditional Trade,Karawang
S05541,2024-10-29,CUST-190,PROD-004,16,E-commerce,Cirebon Kab.
S05542,2024-06-17,CUST-111,PROD-026,248,Distributor,Sukabumi
S05543,2024-04-15,CUST-136,PROD-005,255,Distributor,Indramayu
S05544,2024-02-10,CUST-165,PROD-036,72,Traditional Trade,Karawang
S05545,2024-03-21,CUST-045,PROD-033,45,Traditional Trade,Bogor
S05546,2024-12-16,CUST-097,PROD-014,74,Traditional Trade,Karawang
S05547,2024-04-07,CUST-033,PROD-032,336,Distributor,Majalengka
S05548,2024-03-03,CUST-135,PROD-007,26,Modern Trade,Bandung
S05549,2024-06-06,CUST-022,PROD-010,186,Distributor,Cianjur
S05550,2024-04-08,CUST-133,PROD-002,268,Distributor,Cirebon Kab.
S05551,2024-01-14,CUST-015,PROD-010,6,E-commerce,Bogor Kab.
S05552,2024-04-12,CUST-021,PROD-035,207,Modern Trade,Bandung Barat
S05553,2024-07-10,CUST-126,PROD-021,136,Traditional Trade,Sukabumi Kab.
S05554,2024-07-13,CUST-089,PROD-040,193,Modern Trade,Purwakarta
S05555,2024-04-21,CUST-017,PROD-008,22,Traditional Trade,Cianjur
S05556,2024-06-01,CUST-056,PROD-018,52,Traditional Trade,Sumedang
S05557,2024-12-21,CUST-050,PROD-009,78,Distributor,Sukabumi
S05558,2024-04-26,CUST-135,PROD-030,162,Modern Trade,Bandung
S05559,2024-03-26,CUST-118,PROD-004,12,E-commerce,Garut
S05560,2024-03-22,CUST-122,PROD-035,67,Traditional Trade,Bogor
S05561,2024-06-05,CUST-050,PROD-014,314,Distributor,Sukabumi
S05562,2024-10-11,CUST-060,PROD-014,18,Traditional Trade,Pangandaran
S05563,2024-03-12,CUST-125,PROD-037,20,E-commerce,Bekasi
S05564,2024-09-15,CUST-116,PROD-020,20,E-commerce,Cianjur
S05565,2024-01-09,CUST-135,PROD-029,19,Modern Trade,Bandung
S05566,2024-05-15,CUST-168,PROD-023,11,E-commerce,Majalengka
S05567,2024-10-19,CUST-173,PROD-021,176,Modern Trade,Depok
S05568,2024-04-16,CUST-187,PROD-031,156,Modern Trade,Pangandaran
S05569,2024-07-18,CUST-088,PROD-032,452,Distributor,Indramayu
S05570,2024-03-12,CUST-105,PROD-007,294,Distributor,Sukabumi
S05571,2024-10-02,CUST-055,PROD-013,79,Modern Trade,Subang
S05572,2024-01-21,CUST-064,PROD-023,76,Traditional Trade,Depok
S05573,2024-11-17,CUST-193,PROD-008,113,Modern Trade,Tasikmalaya Kab.
S05574,2024-03-10,CUST-182,PROD-012,64,Traditional Trade,Banjar
S05575,2024-11-23,CUST-096,PROD-036,187,Distributor,Indramayu
S05576,2024-04-19,CUST-168,PROD-016,2,E-commerce,Majalengka
S05577,2024-09-22,CUST-181,PROD-026,36,E-commerce,Garut
S05578,2024-04-11,CUST-044,PROD-029,127,Modern Trade,Tasikmalaya
S05579,2024-12-03,CUST-191,PROD-029,304,Distributor,Ciamis
S05580,2024-02-17,CUST-130,PROD-006,29,Modern Trade,Depok
S05581,2024-03-05,CUST-149,PROD-037,42,E-commerce,Bekasi
S05582,2024-06-20,CUST-050,PROD-033,70,Distributor,Sukabumi
S05583,2024-02-01,CUST-111,PROD-031,305,Distributor,Sukabumi
S05584,2024-03-10,CUST-180,PROD-018,297,Distributor,Garut Kab.
S05585,2024-12-14,CUST-137,PROD-038,24,E-commerce,Kuningan
S05586,2024-12-24,CUST-099,PROD-031,97,Traditional Trade,Purwakarta
S05587,2024-04-26,CUST-148,PROD-016,14,E-commerce,Bogor
S05588,2024-12-08,CUST-146,PROD-040,5,E-commerce,Bogor
S05589,2024-07-11,CUST-084,PROD-037,289,Modern Trade,Bandung Barat
S05590,2024-03-29,CUST-030,PROD-014,26,E-commerce,Banjar
S05591,2024-09-11,CUST-065,PROD-039,43,Modern Trade,Cirebon Kab.
S05592,2024-08-23,CUST-024,PROD-004,108,Modern Trade,Bekasi Kab.
S05593,2024-12-28,CUST-175,PROD-030,152,Modern Trade,Purwakarta
S05594,2024-03-28,CUST-090,PROD-033,104,Distributor,Cimahi
S05595,2024-08-28,CUST-106,PROD-036,52,Distributor,Purwakarta
S05596,2024-01-20,CUST-172,PROD-030,381,Distributor,Kuningan
S05597,2024-02-12,CUST-157,PROD-014,149,Traditional Trade,Subang
S05598,2024-01-02,CUST-077,PROD-023,228,Modern Trade,Banjar
S05599,2024-12-31,CUST-068,PROD-028,19,E-commerce,Bogor
S05600,2024-11-01,CUST-109,PROD-007,53,Traditional Trade,Tasikmalaya
S05601,2024-10-25,CUST-145,PROD-010,92,Traditional Trade,Garut Kab.
S05602,2024-06-26,CUST-097,PROD-004,44,Traditional Trade,Karawang
S05603,2024-04-06,CUST-133,PROD-038,197,Distributor,Cirebon Kab.
S05604,2024-02-26,CUST-092,PROD-013,108,Traditional Trade,Kuningan
S05605,2024-04-02,CUST-088,PROD-021,468,Distributor,Indramayu
S05606,2024-04-26,CUST-050,PROD-033,481,Distributor,Sukabumi
S05607,2024-10-09,CUST-103,PROD-040,108,Traditional Trade,Tasikmalaya
S05608,2024-07-08,CUST-112,PROD-028,45,Traditional Trade,Cianjur
S05609,2024-01-30,CUST-168,PROD-023,44,E-commerce,Majalengka
S05610,2024-01-07,CUST-046,PROD-032,259,Distributor,Bekasi
S05611,2024-02-08,CUST-179,PROD-005,386,Distributor,Depok
S05612,2024-05-10,CUST-011,PROD-026,88,Traditional Trade,Cirebon
S05613,2024-12-11,CUST-012,PROD-039,143,Traditional Trade,Cirebon
S05614,2024-08-15,CUST-141,PROD-026,280,Distributor,Bogor
S05615,2024-11-01,CUST-064,PROD-003,146,Traditional Trade,Depok
S05616,2024-06-09,CUST-008,PROD-024,21,Modern Trade,Tasikmalaya Kab.
S05617,2024-04-22,CUST-193,PROD-034,282,Modern Trade,Tasikmalaya Kab.
S05618,2024-02-11,CUST-009,PROD-034,94,Traditional Trade,Garut
S05619,2024-11-24,CUST-130,PROD-020,34,Modern Trade,Depok
S05620,2024-10-23,CUST-078,PROD-030,35,Modern Trade,Sukabumi Kab.
S05621,2024-03-02,CUST-141,PROD-020,480,Distributor,Bogor
S05622,2024-06-27,CUST-002,PROD-018,25,E-commerce,Ciamis
S05623,2024-06-17,CUST-196,PROD-038,64,Traditional Trade,Depok
S05624,2024-08-11,CUST-176,PROD-020,69,Modern Trade,Cirebon
S05625,2024-12-15,CUST-074,PROD-006,27,E-commerce,Bogor Kab.
S05626,2024-07-25,CUST-131,PROD-025,80,Traditional Trade,Sukabumi
S05627,2024-07-09,CUST-196,PROD-003,24,Traditional Trade,Depok
S05628,2024-01-20,CUST-134,PROD-019,86,Traditional Trade,Bandung Barat
S05629,2024-01-25,CUST-087,PROD-010,59,Distributor,Subang
S05630,2024-03-07,CUST-005,PROD-005,34,Traditional Trade,Cimahi
S05631,2024-01-13,CUST-131,PROD-022,5,Traditional Trade,Sukabumi
S05632,2024-10-03,CUST-138,PROD-009,13,Modern Trade,Kuningan
S05633,2024-09-22,CUST-171,PROD-033,139,Traditional Trade,Bekasi
S05634,2024-02-21,CUST-147,PROD-015,30,E-commerce,Bandung
S05635,2024-11-12,CUST-014,PROD-024,94,Traditional Trade,Pangandaran
S05636,2024-02-27,CUST-149,PROD-030,1,E-commerce,Bekasi
S05637,2024-04-06,CUST-124,PROD-036,29,E-commerce,Garut Kab.
S05638,2024-03-24,CUST-043,PROD-039,162,Modern Trade,Ciamis
S05639,2024-04-25,CUST-028,PROD-006,49,Modern Trade,Cirebon Kab.
S05640,2024-03-25,CUST-149,PROD-015,26,E-commerce,Bekasi
S05641,2024-06-18,CUST-164,PROD-038,21,Traditional Trade,Sukabumi Kab.
S05642,2024-05-08,CUST-024,PROD-039,168,Modern Trade,Bekasi Kab.
S05643,2024-12-27,CUST-182,PROD-022,12,Traditional Trade,Banjar
S05644,2024-01-22,CUST-166,PROD-003,78,Modern Trade,Garut
S05645,2024-02-23,CUST-017,PROD-029,5,Traditional Trade,Cianjur
S05646,2024-01-21,CUST-150,PROD-029,83,Traditional Trade,Purwakarta
S05647,2024-08-11,CUST-083,PROD-031,277,Distributor,Cirebon Kab.
S05648,2024-01-21,CUST-045,PROD-002,75,Traditional Trade,Bogor
S05649,2024-11-12,CUST-074,PROD-035,46,E-commerce,Bogor Kab.
S05650,2024-06-27,CUST-189,PROD-009,44,E-commerce,Cirebon Kab.
S05651,2024-07-03,CUST-139,PROD-022,103,Traditional Trade,Cianjur
S05652,2024-07-17,CUST-061,PROD-019,173,Distributor,Bandung Barat
S05653,2024-03-03,CUST-038,PROD-037,197,Distributor,Purwakarta
S05654,2024-03-10,CUST-066,PROD-010,261,Modern Trade,Cimahi
S05655,2024-04-11,CUST-033,PROD-021,51,Distributor,Majalengka
S05656,2024-07-30,CUST-043,PROD-017,231,Modern Trade,Ciamis
S05657,2024-03-13,CUST-159,PROD-003,198,Modern Trade,Garut Kab.
S05658,2024-02-13,CUST-112,PROD-007,75,Traditional Trade,Cianjur
S05659,2024-12-22,CUST-035,PROD-037,408,Distributor,Garut Kab.
S05660,2024-01-09,CUST-037,PROD-036,382,Distributor,Indramayu
S05661,2024-11-02,CUST-175,PROD-003,106,Modern Trade,Purwakarta
S05662,2024-10-26,CUST-100,PROD-013,34,Traditional Trade,Pangandaran
S05663,2024-04-05,CUST-023,PROD-030,34,Traditional Trade,Cirebon Kab.
S05664,2024-02-20,CUST-164,PROD-023,28,Traditional Trade,Sukabumi Kab.
S05665,2024-02-24,CUST-168,PROD-007,20,E-commerce,Majalengka
S05666,2024-09-09,CUST-089,PROD-030,220,Modern Trade,Purwakarta
S05667,2024-08-17,CUST-015,PROD-029,49,E-commerce,Bogor Kab.
S05668,2024-10-23,CUST-165,PROD-008,145,Traditional Trade,Karawang
S05669,2024-12-13,CUST-132,PROD-010,16,E-commerce,Cimahi
S05670,2024-09-06,CUST-150,PROD-033,19,Traditional Trade,Purwakarta
S05671,2024-02-28,CUST-022,PROD-020,60,Distributor,Cianjur
S05672,2024-03-22,CUST-078,PROD-029,98,Modern Trade,Sukabumi Kab.
S05673,2024-11-14,CUST-145,PROD-029,7,Traditional Trade,Garut Kab.
S05674,2024-03-13,CUST-072,PROD-021,73,Distributor,Sumedang
S05675,2024-01-28,CUST-098,PROD-001,98,Modern Trade,Sumedang
S05676,2024-09-12,CUST-090,PROD-034,58,Distributor,Cimahi
S05677,2024-05-05,CUST-109,PROD-032,50,Traditional Trade,Tasikmalaya
S05678,2024-12-07,CUST-094,PROD-014,143,Distributor,Cimahi
S05679,2024-08-20,CUST-080,PROD-037,120,Distributor,Banjar
S05680,2024-02-04,CUST-094,PROD-035,237,Distributor,Cimahi
S05681,2024-12-16,CUST-080,PROD-024,188,Distributor,Banjar
S05682,2024-03-26,CUST-038,PROD-001,59,Distributor,Purwakarta
S05683,2024-04-15,CUST-152,PROD-006,52,Distributor,Bogor
S05684,2024-05-05,CUST-134,PROD-004,23,Traditional Trade,Bandung Barat
S05685,2024-01-20,CUST-196,PROD-038,134,Traditional Trade,Depok
S05686,2024-06-21,CUST-134,PROD-001,149,Traditional Trade,Bandung Barat
S05687,2024-02-16,CUST-026,PROD-031,29,E-commerce,Pangandaran
S05688,2024-05-04,CUST-101,PROD-036,139,Modern Trade,Cianjur
S05689,2024-04-19,CUST-169,PROD-009,148,Traditional Trade,Ciamis
S05690,2024-10-18,CUST-075,PROD-023,162,Distributor,Bandung Barat
S05691,2024-11-02,CUST-038,PROD-031,187,Distributor,Purwakarta
S05692,2024-02-27,CUST-083,PROD-029,92,Distributor,Cirebon Kab.
S05693,2024-04-23,CUST-171,PROD-021,62,Traditional Trade,Bekasi
S05694,2024-04-25,CUST-181,PROD-003,49,E-commerce,Garut
S05695,2024-02-26,CUST-143,PROD-026,237,Distributor,Cimahi
S05696,2024-10-31,CUST-056,PROD-006,126,Traditional Trade,Sumedang
S05697,2024-09-14,CUST-105,PROD-020,457,Distributor,Sukabumi
S05698,2024-03-08,CUST-184,PROD-013,134,Distributor,Sukabumi Kab.
S05699,2024-04-23,CUST-031,PROD-023,115,Modern Trade,Cirebon Kab.
S05700,2024-02-10,CUST-185,PROD-015,148,Traditional Trade,Karawang
S05701,2024-08-12,CUST-179,PROD-031,405,Distributor,Depok
S05702,2024-02-15,CUST-152,PROD-004,148,Distributor,Bogor
S05703,2024-12-27,CUST-058,PROD-011,9,E-commerce,Sukabumi
S05704,2024-10-22,CUST-073,PROD-002,6,E-commerce,Cimahi
S05705,2024-04-29,CUST-132,PROD-016,44,E-commerce,Cimahi
S05706,2024-07-24,CUST-010,PROD-031,1,E-commerce,Kuningan
S05707,2024-12-05,CUST-191,PROD-039,201,Distributor,Ciamis
S05708,2024-07-14,CUST-073,PROD-004,10,E-commerce,Cimahi
S05709,2024-03-04,CUST-015,PROD-028,18,E-commerce,Bogor Kab.
S05710,2024-04-26,CUST-098,PROD-016,246,Modern Trade,Sumedang
S05711,2024-11-14,CUST-063,PROD-039,31,Traditional Trade,Purwakarta
S05712,2024-08-18,CUST-019,PROD-025,123,Traditional Trade,Banjar
S05713,2024-08-20,CUST-113,PROD-013,220,Modern Trade,Bandung
S05714,2024-11-21,CUST-063,PROD-005,104,Traditional Trade,Purwakarta
S05715,2024-11-29,CUST-116,PROD-030,3,E-commerce,Cianjur
S05716,2024-12-07,CUST-184,PROD-001,343,Distributor,Sukabumi Kab.
S05717,2024-02-06,CUST-021,PROD-005,26,Modern Trade,Bandung Barat
S05718,2024-07-10,CUST-162,PROD-014,110,Traditional Trade,Purwakarta
S05719,2024-10-01,CUST-145,PROD-011,52,Traditional Trade,Garut Kab.
S05720,2024-10-10,CUST-146,PROD-034,49,E-commerce,Bogor
S05721,2024-08-04,CUST-081,PROD-029,93,Modern Trade,Sumedang
S05722,2024-03-02,CUST-066,PROD-018,272,Modern Trade,Cimahi
S05723,2024-10-31,CUST-179,PROD-015,245,Distributor,Depok
S05724,2024-09-20,CUST-065,PROD-025,258,Modern Trade,Cirebon Kab.
S05725,2024-02-02,CUST-043,PROD-030,158,Modern Trade,Ciamis
S05726,2024-06-08,CUST-057,PROD-002,215,Modern Trade,Tasikmalaya Kab.
S05727,2024-03-04,CUST-138,PROD-040,90,Modern Trade,Kuningan
S05728,2024-04-16,CUST-037,PROD-027,238,Distributor,Indramayu
S05729,2024-01-07,CUST-176,PROD-015,215,Modern Trade,Cirebon
S05730,2024-05-04,CUST-120,PROD-032,278,Modern Trade,Cimahi
S05731,2024-07-13,CUST-069,PROD-020,339,Distributor,Subang
S05732,2024-08-09,CUST-056,PROD-014,131,Traditional Trade,Sumedang
S05733,2024-08-25,CUST-119,PROD-027,109,Traditional Trade,Majalengka
S05734,2024-11-12,CUST-164,PROD-003,136,Traditional Trade,Sukabumi Kab.
S05735,2024-03-15,CUST-159,PROD-003,264,Modern Trade,Garut Kab.
S05736,2024-02-15,CUST-055,PROD-013,17,Modern Trade,Subang
S05737,2024-11-16,CUST-038,PROD-025,163,Distributor,Purwakarta
S05738,2024-02-28,CUST-015,PROD-018,5,E-commerce,Bogor Kab.
S05739,2024-12-24,CUST-144,PROD-001,90,Traditional Trade,Banjar
S05740,2024-11-14,CUST-077,PROD-039,82,Modern Trade,Banjar
S05741,2024-06-23,CUST-053,PROD-005,96,Traditional Trade,Bogor Kab.
S05742,2024-12-26,CUST-184,PROD-002,170,Distributor,Sukabumi Kab.
S05743,2024-02-07,CUST-007,PROD-030,243,Modern Trade,Depok
S05744,2024-04-07,CUST-185,PROD-017,70,Traditional Trade,Karawang
S05745,2024-08-16,CUST-055,PROD-029,239,Modern Trade,Subang
S05746,2024-04-19,CUST-052,PROD-004,459,Distributor,Sumedang
S05747,2024-12-10,CUST-004,PROD-009,40,Modern Trade,Cirebon
S05748,2024-01-26,CUST-043,PROD-021,60,Modern Trade,Ciamis
S05749,2024-07-12,CUST-040,PROD-012,156,Modern Trade,Garut
S05750,2024-07-29,CUST-121,PROD-012,31,E-commerce,Bogor
S05751,2024-08-21,CUST-030,PROD-004,9,E-commerce,Banjar
S05752,2024-03-25,CUST-138,PROD-028,47,Modern Trade,Kuningan
S05753,2024-04-23,CUST-103,PROD-009,45,Traditional Trade,Tasikmalaya
S05754,2024-11-14,CUST-007,PROD-040,138,Modern Trade,Depok
S05755,2024-03-09,CUST-164,PROD-032,58,Traditional Trade,Sukabumi Kab.
S05756,2024-11-09,CUST-163,PROD-013,90,Traditional Trade,Tasikmalaya Kab.
S05757,2024-07-18,CUST-167,PROD-034,221,Modern Trade,Depok
S05758,2024-10-12,CUST-164,PROD-019,17,Traditional Trade,Sukabumi Kab.
S05759,2024-09-17,CUST-109,PROD-014,44,Traditional Trade,Tasikmalaya
S05760,2024-03-13,CUST-020,PROD-005,25,Traditional Trade,Pangandaran
S05761,2024-07-20,CUST-049,PROD-027,224,Modern Trade,Pangandaran
S05762,2024-11-21,CUST-096,PROD-028,474,Distributor,Indramayu
S05763,2024-05-23,CUST-059,PROD-026,33,E-commerce,Tasikmalaya Kab.
S05764,2024-12-21,CUST-177,PROD-010,33,Traditional Trade,Bogor Kab.
S05765,2024-06-03,CUST-090,PROD-024,430,Distributor,Cimahi
S05766,2024-02-23,CUST-026,PROD-017,32,E-commerce,Pangandaran
S05767,2024-04-29,CUST-036,PROD-016,15,Traditional Trade,Sukabumi Kab.
S05768,2024-12-17,CUST-171,PROD-017,40,Traditional Trade,Bekasi
S05769,2024-04-11,CUST-126,PROD-001,97,Traditional Trade,Sukabumi Kab.
S05770,2024-11-21,CUST-043,PROD-021,168,Modern Trade,Ciamis
S05771,2024-11-25,CUST-099,PROD-022,146,Traditional Trade,Purwakarta
S05772,2024-04-19,CUST-033,PROD-005,496,Distributor,Majalengka
S05773,2024-02-01,CUST-100,PROD-036,121,Traditional Trade,Pangandaran
S05774,2024-09-23,CUST-097,PROD-021,54,Traditional Trade,Karawang
S05775,2024-04-09,CUST-173,PROD-009,227,Modern Trade,Depok
S05776,2024-10-23,CUST-045,PROD-027,77,Traditional Trade,Bogor
S05777,2024-05-29,CUST-088,PROD-012,402,Distributor,Indramayu
S05778,2024-06-16,CUST-143,PROD-018,392,Distributor,Cimahi
S05779,2024-10-21,CUST-095,PROD-035,35,E-commerce,Pangandaran
S05780,2024-04-27,CUST-017,PROD-015,101,Traditional Trade,Cianjur
S05781,2024-05-30,CUST-140,PROD-030,35,E-commerce,Bekasi
S05782,2024-04-26,CUST-022,PROD-033,415,Distributor,Cianjur
S05783,2024-04-23,CUST-151,PROD-036,114,Traditional Trade,Subang
S05784,2024-07-03,CUST-090,PROD-040,104,Distributor,Cimahi
S05785,2024-11-03,CUST-078,PROD-030,223,Modern Trade,Sukabumi Kab.
S05786,2024-04-22,CUST-140,PROD-026,45,E-commerce,Bekasi
S05787,2024-07-02,CUST-114,PROD-021,434,Distributor,Cirebon Kab.
S05788,2024-08-27,CUST-068,PROD-037,15,E-commerce,Bogor
S05789,2024-03-29,CUST-110,PROD-031,162,Modern Trade,Depok
S05790,2024-03-31,CUST-179,PROD-017,69,Distributor,Depok
S05791,2024-12-11,CUST-125,PROD-017,7,E-commerce,Bekasi
S05792,2024-09-22,CUST-141,PROD-034,449,Distributor,Bogor
S05793,2024-07-24,CUST-057,PROD-024,61,Modern Trade,Tasikmalaya Kab.
S05794,2024-08-19,CUST-055,PROD-033,93,Modern Trade,Subang
S05795,2024-01-12,CUST-082,PROD-004,233,Modern Trade,Tasikmalaya Kab.
S05796,2024-08-08,CUST-107,PROD-009,133,Traditional Trade,Karawang
S05797,2024-06-26,CUST-156,PROD-002,30,E-commerce,Kuningan
S05798,2024-07-11,CUST-102,PROD-035,16,E-commerce,Tasikmalaya Kab.
S05799,2024-04-21,CUST-172,PROD-038,460,Distributor,Kuningan
S05800,2024-02-01,CUST-147,PROD-015,18,E-commerce,Bandung
S05801,2024-03-09,CUST-174,PROD-003,126,Distributor,Karawang
S05802,2024-12-17,CUST-111,PROD-031,349,Distributor,Sukabumi
S05803,2024-05-09,CUST-107,PROD-023,54,Traditional Trade,Karawang
S05804,2024-06-09,CUST-102,PROD-012,28,E-commerce,Tasikmalaya Kab.
S05805,2024-01-21,CUST-003,PROD-008,10,E-commerce,Purwakarta
S05806,2024-01-15,CUST-148,PROD-021,14,E-commerce,Bogor
S05807,2024-09-19,CUST-025,PROD-021,56,Traditional Trade,Bandung Barat
S05808,2024-07-08,CUST-075,PROD-032,398,Distributor,Bandung Barat
S05809,2024-06-26,CUST-184,PROD-017,170,Distributor,Sukabumi Kab.
S05810,2024-03-22,CUST-061,PROD-037,99,Distributor,Bandung Barat
S05811,2024-10-03,CUST-123,PROD-024,27,E-commerce,Bandung
S05812,2024-03-03,CUST-055,PROD-008,282,Modern Trade,Subang
S05813,2024-03-08,CUST-163,PROD-018,128,Traditional Trade,Tasikmalaya Kab.
S05814,2024-06-06,CUST-187,PROD-011,129,Modern Trade,Pangandaran
S05815,2024-04-02,CUST-039,PROD-010,135,Traditional Trade,Purwakarta
S05816,2024-03-23,CUST-185,PROD-026,99,Traditional Trade,Karawang
S05817,2024-08-18,CUST-083,PROD-006,198,Distributor,Cirebon Kab.
S05818,2024-08-20,CUST-195,PROD-017,37,Traditional Trade,Tasikmalaya
S05819,2024-11-08,CUST-034,PROD-023,266,Modern Trade,Garut Kab.
S05820,2024-05-14,CUST-113,PROD-037,193,Modern Trade,Bandung
S05821,2024-01-29,CUST-169,PROD-028,8,Traditional Trade,Ciamis
S05822,2024-03-30,CUST-150,PROD-016,61,Traditional Trade,Purwakarta
S05823,2024-12-25,CUST-027,PROD-012,231,Modern Trade,Bandung
S05824,2024-07-31,CUST-149,PROD-021,40,E-commerce,Bekasi
S05825,2024-09-15,CUST-169,PROD-024,60,Traditional Trade,Ciamis
S05826,2024-01-03,CUST-031,PROD-028,72,Modern Trade,Cirebon Kab.
S05827,2024-06-30,CUST-155,PROD-037,152,Distributor,Tasikmalaya Kab.
S05828,2024-01-15,CUST-165,PROD-021,121,Traditional Trade,Karawang
S05829,2024-07-20,CUST-194,PROD-033,176,Modern Trade,Kuningan
S05830,2024-12-07,CUST-182,PROD-002,11,Traditional Trade,Banjar
S05831,2024-12-22,CUST-137,PROD-037,14,E-commerce,Kuningan
S05832,2024-07-09,CUST-083,PROD-019,174,Distributor,Cirebon Kab.
S05833,2024-06-05,CUST-170,PROD-028,99,Modern Trade,Bogor Kab.
S05834,2024-12-15,CUST-164,PROD-015,150,Traditional Trade,Sukabumi Kab.
S05835,2024-08-29,CUST-010,PROD-001,24,E-commerce,Kuningan
S05836,2024-01-25,CUST-187,PROD-028,132,Modern Trade,Pangandaran
S05837,2024-06-08,CUST-040,PROD-035,195,Modern Trade,Garut
S05838,2024-03-21,CUST-054,PROD-032,25,E-commerce,Tasikmalaya
S05839,2024-06-10,CUST-167,PROD-028,258,Modern Trade,Depok
S05840,2024-06-04,CUST-135,PROD-009,123,Modern Trade,Bandung
S05841,2024-07-26,CUST-004,PROD-024,105,Modern Trade,Cirebon
S05842,2024-04-21,CUST-143,PROD-004,247,Distributor,Cimahi
S05843,2024-03-01,CUST-176,PROD-003,12,Modern Trade,Cirebon
S05844,2024-06-24,CUST-006,PROD-022,134,Traditional Trade,Pangandaran
S05845,2024-11-10,CUST-073,PROD-040,47,E-commerce,Cimahi
S05846,2024-08-25,CUST-163,PROD-039,24,Traditional Trade,Tasikmalaya Kab.
S05847,2024-04-16,CUST-200,PROD-025,11,E-commerce,Garut Kab.
S05848,2024-12-12,CUST-199,PROD-022,119,Traditional Trade,Tasikmalaya
S05849,2024-12-05,CUST-196,PROD-034,150,Traditional Trade,Depok
S05850,2024-03-13,CUST-058,PROD-020,11,E-commerce,Sukabumi
S05851,2024-01-16,CUST-077,PROD-036,236,Modern Trade,Banjar
S05852,2024-10-01,CUST-019,PROD-037,40,Traditional Trade,Banjar
S05853,2024-11-09,CUST-062,PROD-039,38,E-commerce,Ciamis
S05854,2024-12-22,CUST-071,PROD-027,80,Traditional Trade,Bogor Kab.
S05855,2024-11-28,CUST-138,PROD-032,232,Modern Trade,Kuningan
S05856,2024-08-02,CUST-025,PROD-029,121,Traditional Trade,Bandung Barat
S05857,2024-07-05,CUST-172,PROD-032,85,Distributor,Kuningan
S05858,2024-01-11,CUST-127,PROD-024,72,Traditional Trade,Depok
S05859,2024-03-23,CUST-058,PROD-003,2,E-commerce,Sukabumi
S05860,2024-06-06,CUST-153,PROD-027,349,Distributor,Bandung
S05861,2024-08-12,CUST-120,PROD-009,99,Modern Trade,Cimahi
S05862,2024-07-16,CUST-111,PROD-040,78,Distributor,Sukabumi
S05863,2024-10-02,CUST-168,PROD-023,48,E-commerce,Majalengka
S05864,2024-04-01,CUST-076,PROD-007,469,Distributor,Bekasi Kab.
S05865,2024-07-19,CUST-070,PROD-017,140,Traditional Trade,Majalengka
S05866,2024-02-03,CUST-138,PROD-037,184,Modern Trade,Kuningan
S05867,2024-05-12,CUST-066,PROD-007,135,Modern Trade,Cimahi
S05868,2024-10-06,CUST-120,PROD-030,180,Modern Trade,Cimahi
S05869,2024-09-07,CUST-153,PROD-013,443,Distributor,Bandung
S05870,2024-12-29,CUST-199,PROD-018,14,Traditional Trade,Tasikmalaya
S05871,2024-03-31,CUST-087,PROD-031,183,Distributor,Subang
S05872,2024-06-22,CUST-139,PROD-022,20,Traditional Trade,Cianjur
S05873,2024-04-13,CUST-122,PROD-014,30,Traditional Trade,Bogor
S05874,2024-05-28,CUST-164,PROD-018,25,Traditional Trade,Sukabumi Kab.
S05875,2024-11-18,CUST-049,PROD-035,109,Modern Trade,Pangandaran
S05876,2024-09-02,CUST-048,PROD-017,110,Traditional Trade,Depok
S05877,2024-11-26,CUST-115,PROD-019,39,Modern Trade,Cimahi
S05878,2024-03-12,CUST-087,PROD-031,182,Distributor,Subang
S05879,2024-11-23,CUST-007,PROD-039,148,Modern Trade,Depok
S05880,2024-01-23,CUST-077,PROD-036,200,Modern Trade,Banjar
S05881,2024-11-28,CUST-179,PROD-015,440,Distributor,Depok
S05882,2024-04-13,CUST-145,PROD-029,144,Traditional Trade,Garut Kab.
S05883,2024-04-10,CUST-160,PROD-040,68,Traditional Trade,Sukabumi
S05884,2024-06-27,CUST-154,PROD-016,428,Distributor,Bekasi
S05885,2024-12-13,CUST-121,PROD-033,45,E-commerce,Bogor
S05886,2024-01-19,CUST-124,PROD-025,49,E-commerce,Garut Kab.
S05887,2024-04-19,CUST-150,PROD-016,45,Traditional Trade,Purwakarta
S05888,2024-11-18,CUST-141,PROD-030,493,Distributor,Bogor
S05889,2024-05-01,CUST-125,PROD-034,8,E-commerce,Bekasi
S05890,2024-03-11,CUST-012,PROD-002,32,Traditional Trade,Cirebon
S05891,2024-05-19,CUST-071,PROD-040,127,Traditional Trade,Bogor Kab.
S05892,2024-04-28,CUST-001,PROD-038,84,Traditional Trade,Depok
S05893,2024-12-06,CUST-161,PROD-018,268,Modern Trade,Purwakarta
S05894,2024-10-12,CUST-119,PROD-005,105,Traditional Trade,Majalengka
S05895,2024-06-24,CUST-142,PROD-040,81,Distributor,Cirebon Kab.
S05896,2024-12-28,CUST-111,PROD-006,326,Distributor,Sukabumi
S05897,2024-06-08,CUST-064,PROD-012,125,Traditional Trade,Depok
S05898,2024-01-23,CUST-043,PROD-012,64,Modern Trade,Ciamis
S05899,2024-03-27,CUST-186,PROD-012,22,Traditional Trade,Tasikmalaya
S05900,2024-05-25,CUST-041,PROD-009,48,E-commerce,Cirebon Kab.
S05901,2024-02-28,CUST-196,PROD-022,125,Traditional Trade,Depok
S05902,2024-12-16,CUST-115,PROD-016,119,Modern Trade,Cimahi
S05903,2024-10-15,CUST-039,PROD-004,79,Traditional Trade,Purwakarta
S05904,2024-03-29,CUST-001,PROD-003,65,Traditional Trade,Depok
S05905,2024-07-29,CUST-041,PROD-016,50,E-commerce,Cirebon Kab.
S05906,2024-09-21,CUST-173,PROD-014,273,Modern Trade,Depok
S05907,2024-12-14,CUST-088,PROD-038,317,Distributor,Indramayu
S05908,2024-11-26,CUST-098,PROD-004,136,Modern Trade,Sumedang
S05909,2024-06-29,CUST-088,PROD-002,186,Distributor,Indramayu
S05910,2024-10-19,CUST-079,PROD-010,14,E-commerce,Bogor Kab.
S05911,2024-07-18,CUST-141,PROD-011,256,Distributor,Bogor
S05912,2024-07-14,CUST-071,PROD-039,143,Traditional Trade,Bogor Kab.
S05913,2024-02-13,CUST-137,PROD-026,13,E-commerce,Kuningan
S05914,2024-02-17,CUST-191,PROD-037,233,Distributor,Ciamis
S05915,2024-07-04,CUST-099,PROD-026,93,Traditional Trade,Purwakarta
S05916,2024-03-29,CUST-151,PROD-004,68,Traditional Trade,Subang
S05917,2024-01-09,CUST-182,PROD-026,68,Traditional Trade,Banjar
S05918,2024-09-22,CUST-175,PROD-038,64,Modern Trade,Purwakarta
S05919,2024-01-13,CUST-167,PROD-028,290,Modern Trade,Depok
S05920,2024-07-31,CUST-087,PROD-002,419,Distributor,Subang
S05921,2024-07-08,CUST-154,PROD-002,328,Distributor,Bekasi
S05922,2024-12-22,CUST-001,PROD-016,140,Traditional Trade,Depok
S05923,2024-06-16,CUST-142,PROD-023,322,Distributor,Cirebon Kab.
S05924,2024-01-25,CUST-112,PROD-023,99,Traditional Trade,Cianjur
S05925,2024-07-13,CUST-074,PROD-013,26,E-commerce,Bogor Kab.
S05926,2024-11-13,CUST-065,PROD-021,256,Modern Trade,Cirebon Kab.
S05927,2024-12-31,CUST-069,PROD-039,490,Distributor,Subang
S05928,2024-05-22,CUST-067,PROD-025,11,E-commerce,Purwakarta
S05929,2024-04-11,CUST-177,PROD-037,66,Traditional Trade,Bogor Kab.
S05930,2024-12-03,CUST-050,PROD-013,271,Distributor,Sukabumi
S05931,2024-03-09,CUST-058,PROD-015,11,E-commerce,Sukabumi
S05932,2024-08-07,CUST-053,PROD-028,125,Traditional Trade,Bogor Kab.
S05933,2024-05-07,CUST-091,PROD-003,37,Modern Trade,Subang
S05934,2024-01-16,CUST-115,PROD-023,283,Modern Trade,Cimahi
S05935,2024-04-18,CUST-118,PROD-004,23,E-commerce,Garut
S05936,2024-03-28,CUST-057,PROD-003,108,Modern Trade,Tasikmalaya Kab.
S05937,2024-09-03,CUST-086,PROD-039,33,Traditional Trade,Bogor Kab.
S05938,2024-12-16,CUST-018,PROD-008,56,Traditional Trade,Bogor
S05939,2024-03-28,CUST-016,PROD-025,46,E-commerce,Cimahi
S05940,2024-11-04,CUST-130,PROD-012,212,Modern Trade,Depok
S05941,2024-01-22,CUST-013,PROD-005,155,Distributor,Cianjur
S05942,2024-07-08,CUST-173,PROD-033,55,Modern Trade,Depok
S05943,2024-01-28,CUST-080,PROD-025,306,Distributor,Banjar
S05944,2024-12-11,CUST-200,PROD-025,16,E-commerce,Garut Kab.
S05945,2024-10-14,CUST-043,PROD-035,34,Modern Trade,Ciamis
S05946,2024-08-23,CUST-200,PROD-015,38,E-commerce,Garut Kab.
S05947,2024-11-08,CUST-054,PROD-026,18,E-commerce,Tasikmalaya
S05948,2024-08-19,CUST-159,PROD-010,220,Modern Trade,Garut Kab.
S05949,2024-12-22,CUST-137,PROD-024,16,E-commerce,Kuningan
S05950,2024-09-17,CUST-073,PROD-035,5,E-commerce,Cimahi
S05951,2024-12-09,CUST-048,PROD-029,95,Traditional Trade,Depok
S05952,2024-06-29,CUST-018,PROD-038,125,Traditional Trade,Bogor
S05953,2024-02-14,CUST-011,PROD-005,57,Traditional Trade,Cirebon
S05954,2024-07-04,CUST-190,PROD-024,23,E-commerce,Cirebon Kab.
S05955,2024-02-17,CUST-084,PROD-019,53,Modern Trade,Bandung Barat
S05956,2024-07-30,CUST-019,PROD-009,36,Traditional Trade,Banjar
S05957,2024-06-15,CUST-100,PROD-026,27,Traditional Trade,Pangandaran
S05958,2024-08-10,CUST-116,PROD-025,20,E-commerce,Cianjur
S05959,2024-01-04,CUST-090,PROD-035,324,Distributor,Cimahi
S05960,2024-03-09,CUST-074,PROD-036,29,E-commerce,Bogor Kab.
S05961,2024-06-19,CUST-024,PROD-014,294,Modern Trade,Bekasi Kab.
S05962,2024-12-16,CUST-013,PROD-006,195,Distributor,Cianjur
S05963,2024-04-28,CUST-125,PROD-032,5,E-commerce,Bekasi
S05964,2024-05-18,CUST-116,PROD-026,12,E-commerce,Cianjur
S05965,2024-09-18,CUST-174,PROD-015,59,Distributor,Karawang
S05966,2024-08-03,CUST-181,PROD-031,47,E-commerce,Garut
S05967,2024-04-06,CUST-157,PROD-037,41,Traditional Trade,Subang
S05968,2024-05-10,CUST-164,PROD-038,85,Traditional Trade,Sukabumi Kab.
S05969,2024-03-15,CUST-071,PROD-037,100,Traditional Trade,Bogor Kab.
S05970,2024-12-21,CUST-126,PROD-019,59,Traditional Trade,Sukabumi Kab.
S05971,2024-02-19,CUST-145,PROD-014,136,Traditional Trade,Garut Kab.
S05972,2024-04-24,CUST-176,PROD-036,232,Modern Trade,Cirebon
S05973,2024-01-10,CUST-152,PROD-037,433,Distributor,Bogor
S05974,2024-03-16,CUST-182,PROD-011,67,Traditional Trade,Banjar
S05975,2024-10-22,CUST-119,PROD-027,16,Traditional Trade,Majalengka
S05976,2024-03-11,CUST-091,PROD-002,155,Modern Trade,Subang
S05977,2024-01-31,CUST-085,PROD-022,273,Modern Trade,Sukabumi Kab.
S05978,2024-06-12,CUST-108,PROD-002,36,Traditional Trade,Bandung
S05979,2024-01-04,CUST-127,PROD-020,53,Traditional Trade,Depok
S05980,2024-02-02,CUST-121,PROD-017,40,E-commerce,Bogor
S05981,2024-11-03,CUST-129,PROD-004,91,Traditional Trade,Sukabumi
S05982,2024-10-17,CUST-195,PROD-014,103,Traditional Trade,Tasikmalaya
S05983,2024-12-06,CUST-006,PROD-007,54,Traditional Trade,Pangandaran
S05984,2024-11-17,CUST-078,PROD-015,222,Modern Trade,Sukabumi Kab.
S05985,2024-09-01,CUST-183,PROD-030,100,Traditional Trade,Bandung Barat
S05986,2024-01-21,CUST-038,PROD-016,112,Distributor,Purwakarta
S05987,2024-10-23,CUST-161,PROD-040,203,Modern Trade,Purwakarta
S05988,2024-11-15,CUST-116,PROD-002,39,E-commerce,Cianjur
S05989,2024-11-01,CUST-102,PROD-019,2,E-commerce,Tasikmalaya Kab.
S05990,2024-06-26,CUST-008,PROD-001,281,Modern Trade,Tasikmalaya Kab.
S05991,2024-03-19,CUST-078,PROD-031,99,Modern Trade,Sukabumi Kab.
S05992,2024-11-15,CUST-112,PROD-004,76,Traditional Trade,Cianjur
S05993,2024-09-24,CUST-148,PROD-027,16,E-commerce,Bogor
S05994,2024-12-26,CUST-055,PROD-025,94,Modern Trade,Subang
S05995,2024-02-28,CUST-048,PROD-022,43,Traditional Trade,Depok
S05996,2024-03-17,CUST-184,PROD-010,444,Distributor,Sukabumi Kab.
S05997,2024-03-14,CUST-088,PROD-033,85,Distributor,Indramayu
S05998,2024-10-28,CUST-010,PROD-030,18,E-commerce,Kuningan
S05999,2024-03-07,CUST-052,PROD-030,456,Distributor,Sumedang
S06000,2024-01-26,CUST-178,PROD-016,81,Traditional Trade,Karawang
S06001,2024-12-31,CUST-034,PROD-009,58,Modern Trade,Garut Kab.
S06002,2024-01-10,CUST-164,PROD-017,107,Traditional Trade,Sukabumi Kab.
S06003,2024-11-11,CUST-061,PROD-035,285,Distributor,Bandung Barat
S06004,2024-04-23,CUST-144,PROD-015,48,Traditional Trade,Banjar
S06005,2024-11-13,CUST-079,PROD-028,45,E-commerce,Bogor Kab.
S06006,2024-07-14,CUST-018,PROD-020,133,Traditional Trade,Bogor
S06007,2024-12-02,CUST-071,PROD-033,11,Traditional Trade,Bogor Kab.
S06008,2024-12-09,CUST-175,PROD-033,121,Modern Trade,Purwakarta
S06009,2024-01-04,CUST-086,PROD-036,148,Traditional Trade,Bogor Kab.
S06010,2024-01-29,CUST-032,PROD-013,353,Distributor,Tasikmalaya
S06011,2024-03-24,CUST-043,PROD-004,75,Modern Trade,Ciamis
S06012,2024-08-27,CUST-083,PROD-023,80,Distributor,Cirebon Kab.
S06013,2024-11-28,CUST-168,PROD-008,39,E-commerce,Majalengka
S06014,2024-06-06,CUST-193,PROD-013,274,Modern Trade,Tasikmalaya Kab.
S06015,2024-08-04,CUST-163,PROD-024,45,Traditional Trade,Tasikmalaya Kab.
S06016,2024-03-08,CUST-069,PROD-040,368,Distributor,Subang
S06017,2024-11-02,CUST-050,PROD-030,63,Distributor,Sukabumi
S06018,2024-12-22,CUST-012,PROD-030,62,Traditional Trade,Cirebon
S06019,2024-03-29,CUST-085,PROD-025,251,Modern Trade,Sukabumi Kab.
S06020,2024-06-20,CUST-123,PROD-033,33,E-commerce,Bandung
S06021,2024-02-02,CUST-058,PROD-009,34,E-commerce,Sukabumi
S06022,2024-07-16,CUST-083,PROD-026,497,Distributor,Cirebon Kab.
S06023,2024-06-23,CUST-191,PROD-024,461,Distributor,Ciamis
S06024,2024-02-24,CUST-177,PROD-033,136,Traditional Trade,Bogor Kab.
S06025,2024-05-29,CUST-112,PROD-039,136,Traditional Trade,Cianjur
S06026,2024-04-15,CUST-128,PROD-025,6,E-commerce,Tasikmalaya Kab.
S06027,2024-07-01,CUST-036,PROD-015,90,Traditional Trade,Sukabumi Kab.
S06028,2024-07-27,CUST-054,PROD-006,4,E-commerce,Tasikmalaya
S06029,2024-01-04,CUST-047,PROD-020,270,Modern Trade,Garut
S06030,2024-10-12,CUST-115,PROD-016,54,Modern Trade,Cimahi
S06031,2024-09-17,CUST-160,PROD-021,121,Traditional Trade,Sukabumi
S06032,2024-04-23,CUST-124,PROD-015,27,E-commerce,Garut Kab.
S06033,2024-01-21,CUST-181,PROD-039,2,E-commerce,Garut
S06034,2024-10-09,CUST-160,PROD-004,122,Traditional Trade,Sukabumi
S06035,2024-12-18,CUST-190,PROD-024,8,E-commerce,Cirebon Kab.
S06036,2024-03-21,CUST-165,PROD-003,108,Traditional Trade,Karawang
S06037,2024-04-12,CUST-096,PROD-001,481,Distributor,Indramayu
S06038,2024-03-07,CUST-107,PROD-030,53,Traditional Trade,Karawang
S06039,2024-07-23,CUST-120,PROD-013,262,Modern Trade,Cimahi
S06040,2024-02-27,CUST-101,PROD-018,87,Modern Trade,Cianjur
S06041,2024-04-20,CUST-103,PROD-040,5,Traditional Trade,Tasikmalaya
S06042,2024-09-08,CUST-166,PROD-011,129,Modern Trade,Garut
S06043,2024-07-17,CUST-158,PROD-029,39,Traditional Trade,Depok
S06044,2024-04-28,CUST-186,PROD-004,60,Traditional Trade,Tasikmalaya
S06045,2024-05-16,CUST-032,PROD-025,192,Distributor,Tasikmalaya
S06046,2024-07-17,CUST-066,PROD-036,206,Modern Trade,Cimahi
S06047,2024-01-03,CUST-179,PROD-036,309,Distributor,Depok
S06048,2024-01-31,CUST-011,PROD-040,114,Traditional Trade,Cirebon
S06049,2024-11-25,CUST-187,PROD-028,93,Modern Trade,Pangandaran
S06050,2024-01-30,CUST-148,PROD-008,39,E-commerce,Bogor
S06051,2024-09-14,CUST-037,PROD-021,71,Distributor,Indramayu
S06052,2024-12-07,CUST-102,PROD-035,24,E-commerce,Tasikmalaya Kab.
S06053,2024-03-29,CUST-049,PROD-018,84,Modern Trade,Pangandaran
S06054,2024-04-24,CUST-019,PROD-025,114,Traditional Trade,Banjar
S06055,2024-07-20,CUST-183,PROD-005,138,Traditional Trade,Bandung Barat
S06056,2024-11-26,CUST-168,PROD-008,27,E-commerce,Majalengka
S06057,2024-12-14,CUST-007,PROD-023,176,Modern Trade,Depok
S06058,2024-10-01,CUST-133,PROD-003,159,Distributor,Cirebon Kab.
S06059,2024-02-03,CUST-042,PROD-037,94,Traditional Trade,Kuningan
S06060,2024-08-27,CUST-088,PROD-031,86,Distributor,Indramayu
S06061,2024-05-10,CUST-176,PROD-029,60,Modern Trade,Cirebon
S06062,2024-06-11,CUST-135,PROD-020,69,Modern Trade,Bandung
S06063,2024-01-19,CUST-011,PROD-003,76,Traditional Trade,Cirebon
S06064,2024-03-08,CUST-177,PROD-023,132,Traditional Trade,Bogor Kab.
S06065,2024-10-27,CUST-158,PROD-040,55,Traditional Trade,Depok
S06066,2024-06-04,CUST-041,PROD-021,49,E-commerce,Cirebon Kab.
S06067,2024-04-06,CUST-003,PROD-013,28,E-commerce,Purwakarta
S06068,2024-04-28,CUST-040,PROD-008,249,Modern Trade,Garut
S06069,2024-11-17,CUST-051,PROD-005,241,Modern Trade,Depok
S06070,2024-10-05,CUST-032,PROD-025,202,Distributor,Tasikmalaya
S06071,2024-03-30,CUST-048,PROD-039,81,Traditional Trade,Depok
S06072,2024-02-14,CUST-071,PROD-037,11,Traditional Trade,Bogor Kab.
S06073,2024-03-24,CUST-199,PROD-005,69,Traditional Trade,Tasikmalaya
S06074,2024-12-07,CUST-148,PROD-008,9,E-commerce,Bogor
S06075,2024-07-25,CUST-089,PROD-004,132,Modern Trade,Purwakarta
S06076,2024-07-06,CUST-109,PROD-022,40,Traditional Trade,Tasikmalaya
S06077,2024-07-31,CUST-035,PROD-014,287,Distributor,Garut Kab.
S06078,2024-04-23,CUST-108,PROD-019,77,Traditional Trade,Bandung
S06079,2024-11-03,CUST-152,PROD-013,79,Distributor,Bogor
S06080,2024-07-02,CUST-040,PROD-035,236,Modern Trade,Garut
S06081,2024-02-14,CUST-052,PROD-004,352,Distributor,Sumedang
S06082,2024-02-18,CUST-112,PROD-033,95,Traditional Trade,Cianjur
S06083,2024-07-07,CUST-039,PROD-022,33,Traditional Trade,Purwakarta
S06084,2024-12-12,CUST-068,PROD-001,5,E-commerce,Bogor
S06085,2024-04-08,CUST-189,PROD-011,1,E-commerce,Cirebon Kab.
S06086,2024-11-22,CUST-076,PROD-016,284,Distributor,Bekasi Kab.
S06087,2024-10-13,CUST-065,PROD-004,124,Modern Trade,Cirebon Kab.
S06088,2024-03-23,CUST-062,PROD-029,5,E-commerce,Ciamis
S06089,2024-01-14,CUST-002,PROD-039,29,E-commerce,Ciamis
S06090,2024-02-08,CUST-134,PROD-038,21,Traditional Trade,Bandung Barat
S06091,2024-09-25,CUST-122,PROD-024,131,Traditional Trade,Bogor
S06092,2024-03-11,CUST-075,PROD-009,356,Distributor,Bandung Barat
S06093,2024-04-24,CUST-171,PROD-008,117,Traditional Trade,Bekasi
S06094,2024-06-23,CUST-040,PROD-014,46,Modern Trade,Garut
S06095,2024-09-23,CUST-089,PROD-015,228,Modern Trade,Purwakarta
S06096,2024-02-12,CUST-167,PROD-022,146,Modern Trade,Depok
S06097,2024-05-07,CUST-028,PROD-037,255,Modern Trade,Cirebon Kab.
S06098,2024-06-16,CUST-080,PROD-015,87,Distributor,Banjar
S06099,2024-07-09,CUST-063,PROD-006,57,Traditional Trade,Purwakarta
S06100,2024-11-06,CUST-192,PROD-001,145,Traditional Trade,Cirebon
S06101,2024-03-03,CUST-140,PROD-020,26,E-commerce,Bekasi
S06102,2024-11-03,CUST-041,PROD-036,11,E-commerce,Cirebon Kab.
S06103,2024-09-06,CUST-029,PROD-002,123,Traditional Trade,Tasikmalaya Kab.
S06104,2024-07-15,CUST-023,PROD-006,123,Traditional Trade,Cirebon Kab.
S06105,2024-09-10,CUST-080,PROD-002,98,Distributor,Banjar
S06106,2024-05-11,CUST-051,PROD-003,131,Modern Trade,Depok
S06107,2024-02-21,CUST-112,PROD-007,74,Traditional Trade,Cianjur
S06108,2024-08-26,CUST-105,PROD-020,468,Distributor,Sukabumi
S06109,2024-07-02,CUST-045,PROD-005,20,Traditional Trade,Bogor
S06110,2024-08-16,CUST-090,PROD-025,318,Distributor,Cimahi
S06111,2024-04-16,CUST-150,PROD-038,125,Traditional Trade,Purwakarta
S06112,2024-12-03,CUST-138,PROD-018,148,Modern Trade,Kuningan
S06113,2024-07-28,CUST-135,PROD-001,96,Modern Trade,Bandung
S06114,2024-02-02,CUST-089,PROD-025,139,Modern Trade,Purwakarta
S06115,2024-06-02,CUST-015,PROD-017,30,E-commerce,Bogor Kab.
S06116,2024-10-09,CUST-077,PROD-015,284,Modern Trade,Banjar
S06117,2024-10-29,CUST-106,PROD-005,409,Distributor,Purwakarta
S06118,2024-06-20,CUST-174,PROD-017,350,Distributor,Karawang
S06119,2024-11-30,CUST-090,PROD-021,479,Distributor,Cimahi
S06120,2024-03-28,CUST-087,PROD-023,96,Distributor,Subang
S06121,2024-05-10,CUST-061,PROD-010,482,Distributor,Bandung Barat
S06122,2024-12-01,CUST-108,PROD-017,83,Traditional Trade,Bandung
S06123,2024-11-30,CUST-061,PROD-001,347,Distributor,Bandung Barat
S06124,2024-09-03,CUST-051,PROD-037,228,Modern Trade,Depok
S06125,2024-11-19,CUST-166,PROD-007,120,Modern Trade,Garut
S06126,2024-02-03,CUST-012,PROD-012,23,Traditional Trade,Cirebon
S06127,2024-11-21,CUST-077,PROD-040,265,Modern Trade,Banjar
S06128,2024-04-11,CUST-112,PROD-001,43,Traditional Trade,Cianjur
S06129,2024-03-05,CUST-066,PROD-020,144,Modern Trade,Cimahi
S06130,2024-03-21,CUST-182,PROD-031,43,Traditional Trade,Banjar
S06131,2024-05-14,CUST-167,PROD-004,107,Modern Trade,Depok
S06132,2024-03-24,CUST-167,PROD-026,43,Modern Trade,Depok
S06133,2024-04-11,CUST-115,PROD-012,77,Modern Trade,Cimahi
S06134,2024-02-20,CUST-030,PROD-022,7,E-commerce,Banjar
S06135,2024-04-05,CUST-105,PROD-001,97,Distributor,Sukabumi
S06136,2024-07-22,CUST-176,PROD-001,268,Modern Trade,Cirebon
S06137,2024-05-29,CUST-031,PROD-003,222,Modern Trade,Cirebon Kab.
S06138,2024-04-18,CUST-153,PROD-012,211,Distributor,Bandung
S06139,2024-10-04,CUST-196,PROD-021,117,Traditional Trade,Depok
S06140,2024-11-29,CUST-179,PROD-013,186,Distributor,Depok
S06141,2024-10-10,CUST-013,PROD-013,366,Distributor,Cianjur
S06142,2024-04-14,CUST-191,PROD-018,453,Distributor,Ciamis
S06143,2024-10-03,CUST-128,PROD-033,40,E-commerce,Tasikmalaya Kab.
S06144,2024-02-26,CUST-170,PROD-006,21,Modern Trade,Bogor Kab.
S06145,2024-02-19,CUST-182,PROD-025,107,Traditional Trade,Banjar
S06146,2024-04-18,CUST-101,PROD-023,247,Modern Trade,Cianjur
S06147,2024-11-03,CUST-067,PROD-024,28,E-commerce,Purwakarta
S06148,2024-03-23,CUST-080,PROD-037,225,Distributor,Banjar
S06149,2024-01-25,CUST-184,PROD-026,274,Distributor,Sukabumi Kab.
S06150,2024-02-19,CUST-103,PROD-004,79,Traditional Trade,Tasikmalaya
S06151,2024-11-19,CUST-019,PROD-038,139,Traditional Trade,Banjar
S06152,2024-08-14,CUST-174,PROD-035,131,Distributor,Karawang
S06153,2024-03-25,CUST-143,PROD-011,132,Distributor,Cimahi
S06154,2024-07-15,CUST-032,PROD-036,191,Distributor,Tasikmalaya
S06155,2024-07-04,CUST-177,PROD-025,58,Traditional Trade,Bogor Kab.
S06156,2024-08-22,CUST-149,PROD-020,45,E-commerce,Bekasi
S06157,2024-03-19,CUST-065,PROD-001,256,Modern Trade,Cirebon Kab.
S06158,2024-11-20,CUST-198,PROD-030,304,Distributor,Bandung
S06159,2024-04-08,CUST-027,PROD-004,171,Modern Trade,Bandung
S06160,2024-09-07,CUST-151,PROD-023,93,Traditional Trade,Subang
S06161,2024-01-07,CUST-047,PROD-035,176,Modern Trade,Garut
S06162,2024-04-25,CUST-012,PROD-022,82,Traditional Trade,Cirebon
S06163,2024-04-19,CUST-085,PROD-031,184,Modern Trade,Sukabumi Kab.
S06164,2024-07-10,CUST-066,PROD-001,29,Modern Trade,Cimahi
S06165,2024-01-28,CUST-133,PROD-004,145,Distributor,Cirebon Kab.
S06166,2024-10-27,CUST-137,PROD-019,33,E-commerce,Kuningan
S06167,2024-03-15,CUST-148,PROD-030,31,E-commerce,Bogor
S06168,2024-08-30,CUST-110,PROD-001,80,Modern Trade,Depok
S06169,2024-11-02,CUST-082,PROD-019,199,Modern Trade,Tasikmalaya Kab.
S06170,2024-07-17,CUST-125,PROD-021,5,E-commerce,Bekasi
S06171,2024-10-01,CUST-063,PROD-022,136,Traditional Trade,Purwakarta
S06172,2024-08-24,CUST-072,PROD-002,188,Distributor,Sumedang
S06173,2024-04-20,CUST-098,PROD-006,284,Modern Trade,Sumedang
S06174,2024-11-03,CUST-073,PROD-021,38,E-commerce,Cimahi
S06175,2024-04-04,CUST-071,PROD-033,31,Traditional Trade,Bogor Kab.
S06176,2024-07-21,CUST-030,PROD-019,29,E-commerce,Banjar
S06177,2024-10-04,CUST-125,PROD-027,18,E-commerce,Bekasi
S06178,2024-04-26,CUST-016,PROD-037,37,E-commerce,Cimahi
S06179,2024-04-07,CUST-133,PROD-029,494,Distributor,Cirebon Kab.
S06180,2024-06-06,CUST-157,PROD-028,93,Traditional Trade,Subang
S06181,2024-11-06,CUST-047,PROD-034,29,Modern Trade,Garut
S06182,2024-12-10,CUST-101,PROD-001,27,Modern Trade,Cianjur
S06183,2024-07-11,CUST-107,PROD-025,42,Traditional Trade,Karawang
S06184,2024-08-24,CUST-126,PROD-021,124,Traditional Trade,Sukabumi Kab.
S06185,2024-12-02,CUST-022,PROD-034,138,Distributor,Cianjur
S06186,2024-02-07,CUST-185,PROD-026,88,Traditional Trade,Karawang
S06187,2024-03-19,CUST-083,PROD-036,199,Distributor,Cirebon Kab.
S06188,2024-09-15,CUST-163,PROD-035,108,Traditional Trade,Tasikmalaya Kab.
S06189,2024-11-08,CUST-060,PROD-023,115,Traditional Trade,Pangandaran
S06190,2024-11-18,CUST-198,PROD-017,274,Distributor,Bandung
S06191,2024-05-13,CUST-188,PROD-012,230,Modern Trade,Bekasi Kab.
S06192,2024-02-04,CUST-058,PROD-020,2,E-commerce,Sukabumi
S06193,2024-05-27,CUST-003,PROD-039,26,E-commerce,Purwakarta
S06194,2024-03-19,CUST-162,PROD-027,68,Traditional Trade,Purwakarta
S06195,2024-04-04,CUST-045,PROD-037,62,Traditional Trade,Bogor
S06196,2024-10-18,CUST-050,PROD-020,180,Distributor,Sukabumi
S06197,2024-01-29,CUST-002,PROD-011,30,E-commerce,Ciamis
S06198,2024-11-09,CUST-015,PROD-028,19,E-commerce,Bogor Kab.
S06199,2024-05-20,CUST-165,PROD-002,14,Traditional Trade,Karawang
S06200,2024-07-31,CUST-143,PROD-024,138,Distributor,Cimahi
S06201,2024-02-04,CUST-188,PROD-016,156,Modern Trade,Bekasi Kab.
S06202,2024-04-16,CUST-096,PROD-012,176,Distributor,Indramayu
S06203,2024-02-04,CUST-085,PROD-016,195,Modern Trade,Sukabumi Kab.
S06204,2024-12-20,CUST-192,PROD-036,128,Traditional Trade,Cirebon
S06205,2024-11-03,CUST-111,PROD-002,156,Distributor,Sukabumi
S06206,2024-06-06,CUST-180,PROD-025,390,Distributor,Garut Kab.
S06207,2024-03-17,CUST-023,PROD-029,10,Traditional Trade,Cirebon Kab.
S06208,2024-12-11,CUST-099,PROD-028,55,Traditional Trade,Purwakarta
S06209,2024-04-17,CUST-037,PROD-010,447,Distributor,Indramayu
S06210,2024-03-01,CUST-107,PROD-023,62,Traditional Trade,Karawang
S06211,2024-07-18,CUST-041,PROD-032,8,E-commerce,Cirebon Kab.
S06212,2024-12-14,CUST-057,PROD-031,11,Modern Trade,Tasikmalaya Kab.
S06213,2024-01-02,CUST-097,PROD-019,22,Traditional Trade,Karawang
S06214,2024-03-21,CUST-025,PROD-015,96,Traditional Trade,Bandung Barat
S06215,2024-12-13,CUST-110,PROD-033,203,Modern Trade,Depok
S06216,2024-03-03,CUST-037,PROD-017,361,Distributor,Indramayu
S06217,2024-02-12,CUST-040,PROD-036,219,Modern Trade,Garut
S06218,2024-07-21,CUST-085,PROD-020,81,Modern Trade,Sukabumi Kab.
S06219,2024-11-20,CUST-046,PROD-009,166,Distributor,Bekasi
S06220,2024-06-13,CUST-188,PROD-038,273,Modern Trade,Bekasi Kab.
S06221,2024-12-30,CUST-102,PROD-003,5,E-commerce,Tasikmalaya Kab.
S06222,2024-08-31,CUST-098,PROD-002,278,Modern Trade,Sumedang
S06223,2024-01-29,CUST-019,PROD-018,11,Traditional Trade,Banjar
S06224,2024-12-29,CUST-091,PROD-023,30,Modern Trade,Subang
S06225,2024-05-08,CUST-137,PROD-019,29,E-commerce,Kuningan
S06226,2024-04-03,CUST-069,PROD-007,86,Distributor,Subang
S06227,2024-07-16,CUST-005,PROD-035,66,Traditional Trade,Cimahi
S06228,2024-04-07,CUST-154,PROD-020,255,Distributor,Bekasi
S06229,2024-02-03,CUST-147,PROD-020,37,E-commerce,Bandung
S06230,2024-01-01,CUST-158,PROD-019,123,Traditional Trade,Depok
S06231,2024-06-02,CUST-048,PROD-016,136,Traditional Trade,Depok
S06232,2024-11-12,CUST-112,PROD-038,124,Traditional Trade,Cianjur
S06233,2024-07-22,CUST-144,PROD-021,90,Traditional Trade,Banjar
S06234,2024-12-31,CUST-199,PROD-029,79,Traditional Trade,Tasikmalaya
S06235,2024-04-02,CUST-018,PROD-038,38,Traditional Trade,Bogor
S06236,2024-04-01,CUST-184,PROD-024,94,Distributor,Sukabumi Kab.
S06237,2024-02-29,CUST-149,PROD-037,16,E-commerce,Bekasi
S06238,2024-03-01,CUST-031,PROD-029,146,Modern Trade,Cirebon Kab.
S06239,2024-04-02,CUST-129,PROD-031,20,Traditional Trade,Sukabumi
S06240,2024-10-28,CUST-131,PROD-039,99,Traditional Trade,Sukabumi
S06241,2024-12-03,CUST-025,PROD-012,145,Traditional Trade,Bandung Barat
S06242,2024-12-24,CUST-008,PROD-030,270,Modern Trade,Tasikmalaya Kab.
S06243,2024-03-19,CUST-193,PROD-004,136,Modern Trade,Tasikmalaya Kab.
S06244,2024-11-25,CUST-062,PROD-030,47,E-commerce,Ciamis
S06245,2024-04-13,CUST-135,PROD-005,176,Modern Trade,Bandung
S06246,2024-02-12,CUST-007,PROD-016,27,Modern Trade,Depok
S06247,2024-11-22,CUST-136,PROD-027,197,Distributor,Indramayu
S06248,2024-08-15,CUST-019,PROD-004,134,Traditional Trade,Banjar
S06249,2024-03-02,CUST-145,PROD-008,44,Traditional Trade,Garut Kab.
S06250,2024-05-22,CUST-139,PROD-008,14,Traditional Trade,Cianjur
S06251,2024-04-02,CUST-111,PROD-017,369,Distributor,Sukabumi
S06252,2024-09-29,CUST-177,PROD-003,46,Traditional Trade,Bogor Kab.
S06253,2024-06-04,CUST-011,PROD-027,97,Traditional Trade,Cirebon
S06254,2024-12-28,CUST-041,PROD-034,40,E-commerce,Cirebon Kab.
S06255,2024-01-21,CUST-190,PROD-021,16,E-commerce,Cirebon Kab.
S06256,2024-04-20,CUST-114,PROD-024,481,Distributor,Cirebon Kab.
S06257,2024-06-15,CUST-180,PROD-029,430,Distributor,Garut Kab.
S06258,2024-06-24,CUST-194,PROD-039,70,Modern Trade,Kuningan
S06259,2024-04-10,CUST-196,PROD-006,118,Traditional Trade,Depok
S06260,2024-09-25,CUST-092,PROD-014,48,Traditional Trade,Kuningan
S06261,2024-11-23,CUST-075,PROD-014,192,Distributor,Bandung Barat
S06262,2024-12-13,CUST-067,PROD-037,31,E-commerce,Purwakarta
S06263,2024-11-02,CUST-168,PROD-024,7,E-commerce,Majalengka
S06264,2024-11-16,CUST-005,PROD-013,128,Traditional Trade,Cimahi
S06265,2024-07-13,CUST-116,PROD-001,46,E-commerce,Cianjur
S06266,2024-11-09,CUST-150,PROD-012,34,Traditional Trade,Purwakarta
S06267,2024-04-07,CUST-118,PROD-024,36,E-commerce,Garut
S06268,2024-05-03,CUST-165,PROD-037,117,Traditional Trade,Karawang
S06269,2024-04-10,CUST-011,PROD-020,94,Traditional Trade,Cirebon
S06270,2024-06-09,CUST-044,PROD-006,148,Modern Trade,Tasikmalaya
S06271,2024-04-02,CUST-181,PROD-012,6,E-commerce,Garut
S06272,2024-12-20,CUST-077,PROD-021,216,Modern Trade,Banjar
S06273,2024-04-09,CUST-118,PROD-003,29,E-commerce,Garut
S06274,2024-02-07,CUST-116,PROD-027,6,E-commerce,Cianjur
S06275,2024-07-03,CUST-189,PROD-036,48,E-commerce,Cirebon Kab.
S06276,2024-01-22,CUST-067,PROD-017,12,E-commerce,Purwakarta
S06277,2024-02-11,CUST-013,PROD-015,356,Distributor,Cianjur
S06278,2024-03-16,CUST-092,PROD-039,84,Traditional Trade,Kuningan
S06279,2024-06-08,CUST-011,PROD-004,114,Traditional Trade,Cirebon
S06280,2024-05-24,CUST-139,PROD-017,42,Traditional Trade,Cianjur
S06281,2024-11-01,CUST-085,PROD-038,31,Modern Trade,Sukabumi Kab.
S06282,2024-10-01,CUST-085,PROD-011,234,Modern Trade,Sukabumi Kab.
S06283,2024-05-20,CUST-135,PROD-012,177,Modern Trade,Bandung
S06284,2024-04-15,CUST-017,PROD-032,139,Traditional Trade,Cianjur
S06285,2024-04-10,CUST-048,PROD-027,114,Traditional Trade,Depok
S06286,2024-10-18,CUST-142,PROD-027,273,Distributor,Cirebon Kab.
S06287,2024-01-20,CUST-191,PROD-040,217,Distributor,Ciamis
S06288,2024-01-05,CUST-192,PROD-029,111,Traditional Trade,Cirebon
S06289,2024-10-30,CUST-097,PROD-009,128,Traditional Trade,Karawang
S06290,2024-06-13,CUST-075,PROD-003,73,Distributor,Bandung Barat
S06291,2024-02-19,CUST-193,PROD-039,220,Modern Trade,Tasikmalaya Kab.
S06292,2024-03-20,CUST-162,PROD-029,73,Traditional Trade,Purwakarta
S06293,2024-12-11,CUST-137,PROD-021,30,E-commerce,Kuningan
S06294,2024-11-19,CUST-077,PROD-035,162,Modern Trade,Banjar
S06295,2024-09-15,CUST-128,PROD-010,30,E-commerce,Tasikmalaya Kab.
S06296,2024-06-15,CUST-037,PROD-023,425,Distributor,Indramayu
S06297,2024-07-01,CUST-030,PROD-039,25,E-commerce,Banjar
S06298,2024-12-24,CUST-169,PROD-025,108,Traditional Trade,Ciamis
S06299,2024-12-21,CUST-173,PROD-024,239,Modern Trade,Depok
S06300,2024-03-15,CUST-047,PROD-020,63,Modern Trade,Garut
S06301,2024-11-04,CUST-135,PROD-015,198,Modern Trade,Bandung
S06302,2024-03-10,CUST-142,PROD-021,271,Distributor,Cirebon Kab.
S06303,2024-03-14,CUST-048,PROD-012,79,Traditional Trade,Depok
S06304,2024-08-29,CUST-134,PROD-018,97,Traditional Trade,Bandung Barat
S06305,2024-05-07,CUST-034,PROD-023,181,Modern Trade,Garut Kab.
S06306,2024-12-11,CUST-101,PROD-029,51,Modern Trade,Cianjur
S06307,2024-02-03,CUST-046,PROD-036,206,Distributor,Bekasi
S06308,2024-06-27,CUST-187,PROD-005,90,Modern Trade,Pangandaran
S06309,2024-12-07,CUST-070,PROD-039,62,Traditional Trade,Majalengka
S06310,2024-12-02,CUST-136,PROD-026,135,Distributor,Indramayu
S06311,2024-02-28,CUST-024,PROD-039,241,Modern Trade,Bekasi Kab.
S06312,2024-04-23,CUST-067,PROD-011,49,E-commerce,Purwakarta
S06313,2024-08-09,CUST-004,PROD-011,116,Modern Trade,Cirebon
S06314,2024-02-29,CUST-001,PROD-018,143,Traditional Trade,Depok
S06315,2024-12-22,CUST-034,PROD-012,111,Modern Trade,Garut Kab.
S06316,2024-12-06,CUST-109,PROD-016,58,Traditional Trade,Tasikmalaya
S06317,2024-03-02,CUST-009,PROD-027,34,Traditional Trade,Garut
S06318,2024-02-15,CUST-063,PROD-036,69,Traditional Trade,Purwakarta
S06319,2024-02-02,CUST-010,PROD-017,38,E-commerce,Kuningan
S06320,2024-12-04,CUST-138,PROD-021,194,Modern Trade,Kuningan
S06321,2024-03-09,CUST-178,PROD-037,41,Traditional Trade,Karawang
S06322,2024-05-13,CUST-044,PROD-031,256,Modern Trade,Tasikmalaya
S06323,2024-06-02,CUST-118,PROD-035,9,E-commerce,Garut
S06324,2024-08-01,CUST-176,PROD-027,78,Modern Trade,Cirebon
S06325,2024-01-28,CUST-006,PROD-023,67,Traditional Trade,Pangandaran
S06326,2024-03-18,CUST-121,PROD-032,27,E-commerce,Bogor
S06327,2024-12-11,CUST-152,PROD-017,143,Distributor,Bogor
S06328,2024-12-04,CUST-095,PROD-011,15,E-commerce,Pangandaran
S06329,2024-10-22,CUST-111,PROD-001,480,Distributor,Sukabumi
S06330,2024-01-08,CUST-186,PROD-028,34,Traditional Trade,Tasikmalaya
S06331,2024-04-13,CUST-105,PROD-018,162,Distributor,Sukabumi
S06332,2024-08-12,CUST-064,PROD-020,83,Traditional Trade,Depok
S06333,2024-03-30,CUST-184,PROD-007,197,Distributor,Sukabumi Kab.
S06334,2024-12-04,CUST-140,PROD-037,49,E-commerce,Bekasi
S06335,2024-08-14,CUST-163,PROD-016,60,Traditional Trade,Tasikmalaya Kab.
S06336,2024-01-28,CUST-071,PROD-039,60,Traditional Trade,Bogor Kab.
S06337,2024-12-04,CUST-104,PROD-023,25,E-commerce,Karawang
S06338,2024-12-19,CUST-089,PROD-032,274,Modern Trade,Purwakarta
S06339,2024-01-30,CUST-006,PROD-017,26,Traditional Trade,Pangandaran
S06340,2024-07-05,CUST-193,PROD-019,86,Modern Trade,Tasikmalaya Kab.
S06341,2024-04-07,CUST-110,PROD-034,133,Modern Trade,Depok
S06342,2024-04-30,CUST-188,PROD-014,37,Modern Trade,Bekasi Kab.
S06343,2024-03-05,CUST-112,PROD-003,146,Traditional Trade,Cianjur
S06344,2024-07-24,CUST-196,PROD-039,137,Traditional Trade,Depok
S06345,2024-12-19,CUST-157,PROD-025,16,Traditional Trade,Subang
S06346,2024-06-24,CUST-166,PROD-011,178,Modern Trade,Garut
S06347,2024-02-01,CUST-150,PROD-015,67,Traditional Trade,Purwakarta
S06348,2024-08-09,CUST-127,PROD-019,129,Traditional Trade,Depok
S06349,2024-04-16,CUST-136,PROD-015,498,Distributor,Indramayu
S06350,2024-11-18,CUST-063,PROD-015,110,Traditional Trade,Purwakarta
S06351,2024-05-25,CUST-141,PROD-038,303,Distributor,Bogor
S06352,2024-03-09,CUST-155,PROD-015,476,Distributor,Tasikmalaya Kab.
S06353,2024-03-08,CUST-146,PROD-009,20,E-commerce,Bogor
S06354,2024-10-16,CUST-018,PROD-005,102,Traditional Trade,Bogor
S06355,2024-03-28,CUST-077,PROD-019,128,Modern Trade,Banjar
S06356,2024-10-15,CUST-190,PROD-024,34,E-commerce,Cirebon Kab.
S06357,2024-03-12,CUST-142,PROD-029,496,Distributor,Cirebon Kab.
S06358,2024-04-11,CUST-139,PROD-005,123,Traditional Trade,Cianjur
S06359,2024-06-08,CUST-103,PROD-022,45,Traditional Trade,Tasikmalaya
S06360,2024-12-14,CUST-117,PROD-013,16,E-commerce,Cirebon
S06361,2024-12-11,CUST-017,PROD-029,126,Traditional Trade,Cianjur
S06362,2024-03-13,CUST-179,PROD-016,385,Distributor,Depok
S06363,2024-04-21,CUST-014,PROD-036,110,Traditional Trade,Pangandaran
S06364,2024-02-25,CUST-057,PROD-017,271,Modern Trade,Tasikmalaya Kab.
S06365,2024-06-26,CUST-093,PROD-020,69,Distributor,Tasikmalaya
S06366,2024-06-06,CUST-134,PROD-014,140,Traditional Trade,Bandung Barat
S06367,2024-12-01,CUST-114,PROD-006,261,Distributor,Cirebon Kab.
S06368,2024-12-10,CUST-185,PROD-022,101,Traditional Trade,Karawang
S06369,2024-04-28,CUST-132,PROD-040,6,E-commerce,Cimahi
S06370,2024-06-19,CUST-139,PROD-009,12,Traditional Trade,Cianjur
S06371,2024-11-30,CUST-109,PROD-032,18,Traditional Trade,Tasikmalaya
S06372,2024-11-03,CUST-119,PROD-024,135,Traditional Trade,Majalengka
S06373,2024-01-02,CUST-092,PROD-033,134,Traditional Trade,Kuningan
S06374,2024-04-11,CUST-011,PROD-013,26,Traditional Trade,Cirebon
S06375,2024-05-17,CUST-099,PROD-035,89,Traditional Trade,Purwakarta
S06376,2024-03-19,CUST-008,PROD-006,208,Modern Trade,Tasikmalaya Kab.
S06377,2024-03-11,CUST-114,PROD-040,183,Distributor,Cirebon Kab.
S06378,2024-01-15,CUST-187,PROD-030,187,Modern Trade,Pangandaran
S06379,2024-08-17,CUST-149,PROD-038,44,E-commerce,Bekasi
S06380,2024-03-27,CUST-065,PROD-016,17,Modern Trade,Cirebon Kab.
S06381,2024-01-21,CUST-093,PROD-001,329,Distributor,Tasikmalaya
S06382,2024-03-19,CUST-152,PROD-018,76,Distributor,Bogor
S06383,2024-11-01,CUST-158,PROD-022,55,Traditional Trade,Depok
S06384,2024-11-16,CUST-104,PROD-026,28,E-commerce,Karawang
S06385,2024-06-16,CUST-099,PROD-014,73,Traditional Trade,Purwakarta
S06386,2024-05-13,CUST-084,PROD-037,290,Modern Trade,Bandung Barat
S06387,2024-12-25,CUST-185,PROD-014,48,Traditional Trade,Karawang
S06388,2024-03-11,CUST-073,PROD-026,47,E-commerce,Cimahi
S06389,2024-03-15,CUST-145,PROD-036,123,Traditional Trade,Garut Kab.
S06390,2024-04-04,CUST-059,PROD-023,45,E-commerce,Tasikmalaya Kab.
S06391,2024-03-04,CUST-031,PROD-002,278,Modern Trade,Cirebon Kab.
S06392,2024-04-26,CUST-064,PROD-039,57,Traditional Trade,Depok
S06393,2024-12-04,CUST-048,PROD-007,41,Traditional Trade,Depok
S06394,2024-08-07,CUST-023,PROD-039,119,Traditional Trade,Cirebon Kab.
S06395,2024-05-11,CUST-198,PROD-022,89,Distributor,Bandung
S06396,2024-12-12,CUST-158,PROD-028,82,Traditional Trade,Depok
S06397,2024-01-19,CUST-055,PROD-038,198,Modern Trade,Subang
S06398,2024-03-13,CUST-007,PROD-020,104,Modern Trade,Depok
S06399,2024-07-19,CUST-112,PROD-018,138,Traditional Trade,Cianjur
S06400,2024-08-07,CUST-106,PROD-024,74,Distributor,Purwakarta
S06401,2024-01-16,CUST-098,PROD-033,112,Modern Trade,Sumedang
S06402,2024-05-05,CUST-012,PROD-026,50,Traditional Trade,Cirebon
S06403,2024-08-20,CUST-060,PROD-019,106,Traditional Trade,Pangandaran
S06404,2024-09-09,CUST-052,PROD-013,257,Distributor,Sumedang
S06405,2024-08-16,CUST-155,PROD-010,496,Distributor,Tasikmalaya Kab.
S06406,2024-04-11,CUST-140,PROD-014,27,E-commerce,Bekasi
S06407,2024-02-05,CUST-141,PROD-009,143,Distributor,Bogor
S06408,2024-05-20,CUST-072,PROD-011,373,Distributor,Sumedang
S06409,2024-02-18,CUST-190,PROD-003,39,E-commerce,Cirebon Kab.
S06410,2024-12-16,CUST-125,PROD-040,16,E-commerce,Bekasi
S06411,2024-06-12,CUST-157,PROD-012,139,Traditional Trade,Subang
S06412,2024-04-10,CUST-163,PROD-035,89,Traditional Trade,Tasikmalaya Kab.
S06413,2024-10-14,CUST-060,PROD-039,70,Traditional Trade,Pangandaran
S06414,2024-06-22,CUST-157,PROD-039,59,Traditional Trade,Subang
S06415,2024-04-08,CUST-031,PROD-032,81,Modern Trade,Cirebon Kab.
S06416,2024-11-04,CUST-077,PROD-039,51,Modern Trade,Banjar
S06417,2024-11-21,CUST-076,PROD-014,460,Distributor,Bekasi Kab.
S06418,2024-08-28,CUST-061,PROD-001,435,Distributor,Bandung Barat
S06419,2024-01-19,CUST-002,PROD-027,6,E-commerce,Ciamis
S06420,2024-07-19,CUST-161,PROD-037,141,Modern Trade,Purwakarta
S06421,2024-10-13,CUST-200,PROD-001,21,E-commerce,Garut Kab.
S06422,2024-02-21,CUST-190,PROD-029,1,E-commerce,Cirebon Kab.
S06423,2024-03-18,CUST-121,PROD-024,38,E-commerce,Bogor
S06424,2024-11-26,CUST-059,PROD-017,12,E-commerce,Tasikmalaya Kab.
S06425,2024-01-08,CUST-040,PROD-035,100,Modern Trade,Garut
S06426,2024-10-07,CUST-177,PROD-031,146,Traditional Trade,Bogor Kab.
S06427,2024-06-12,CUST-032,PROD-032,256,Distributor,Tasikmalaya
S06428,2024-06-01,CUST-038,PROD-019,137,Distributor,Purwakarta
S06429,2024-01-03,CUST-092,PROD-031,86,Traditional Trade,Kuningan
S06430,2024-11-07,CUST-088,PROD-039,66,Distributor,Indramayu
S06431,2024-04-21,CUST-141,PROD-020,378,Distributor,Bogor
S06432,2024-07-09,CUST-085,PROD-028,219,Modern Trade,Sukabumi Kab.
S06433,2024-08-30,CUST-182,PROD-003,60,Traditional Trade,Banjar
S06434,2024-09-11,CUST-076,PROD-032,432,Distributor,Bekasi Kab.
S06435,2024-12-18,CUST-128,PROD-022,18,E-commerce,Tasikmalaya Kab.
S06436,2024-07-05,CUST-013,PROD-015,353,Distributor,Cianjur
S06437,2024-05-03,CUST-039,PROD-038,141,Traditional Trade,Purwakarta
S06438,2024-12-17,CUST-023,PROD-019,58,Traditional Trade,Cirebon Kab.
S06439,2024-08-17,CUST-110,PROD-031,257,Modern Trade,Depok
S06440,2024-04-05,CUST-107,PROD-026,5,Traditional Trade,Karawang
S06441,2024-02-17,CUST-092,PROD-005,45,Traditional Trade,Kuningan
S06442,2024-11-14,CUST-142,PROD-020,122,Distributor,Cirebon Kab.
S06443,2024-04-22,CUST-145,PROD-002,81,Traditional Trade,Garut Kab.
S06444,2024-08-24,CUST-024,PROD-021,148,Modern Trade,Bekasi Kab.
S06445,2024-06-11,CUST-186,PROD-036,52,Traditional Trade,Tasikmalaya
S06446,2024-03-11,CUST-191,PROD-028,92,Distributor,Ciamis
S06447,2024-08-02,CUST-034,PROD-020,188,Modern Trade,Garut Kab.
S06448,2024-01-24,CUST-179,PROD-037,238,Distributor,Depok
S06449,2024-05-12,CUST-112,PROD-039,46,Traditional Trade,Cianjur
S06450,2024-07-11,CUST-138,PROD-036,163,Modern Trade,Kuningan
S06451,2024-05-25,CUST-118,PROD-011,40,E-commerce,Garut
S06452,2024-10-05,CUST-200,PROD-003,11,E-commerce,Garut Kab.
S06453,2024-11-09,CUST-149,PROD-037,25,E-commerce,Bekasi
S06454,2024-10-17,CUST-165,PROD-020,44,Traditional Trade,Karawang
S06455,2024-01-15,CUST-007,PROD-032,34,Modern Trade,Depok
S06456,2024-03-09,CUST-090,PROD-025,133,Distributor,Cimahi
S06457,2024-07-07,CUST-013,PROD-021,155,Distributor,Cianjur
S06458,2024-12-12,CUST-080,PROD-016,290,Distributor,Banjar
S06459,2024-11-11,CUST-030,PROD-001,11,E-commerce,Banjar
S06460,2024-11-14,CUST-159,PROD-023,117,Modern Trade,Garut Kab.
S06461,2024-04-07,CUST-133,PROD-024,379,Distributor,Cirebon Kab.
S06462,2024-05-21,CUST-160,PROD-025,117,Traditional Trade,Sukabumi
S06463,2024-06-11,CUST-016,PROD-007,3,E-commerce,Cimahi
S06464,2024-02-28,CUST-150,PROD-038,43,Traditional Trade,Purwakarta
S06465,2024-01-12,CUST-192,PROD-039,95,Traditional Trade,Cirebon
S06466,2024-12-15,CUST-172,PROD-035,468,Distributor,Kuningan
S06467,2024-03-21,CUST-040,PROD-014,250,Modern Trade,Garut
S06468,2024-03-21,CUST-037,PROD-009,296,Distributor,Indramayu
S06469,2024-02-01,CUST-078,PROD-003,177,Modern Trade,Sukabumi Kab.
S06470,2024-12-10,CUST-016,PROD-038,31,E-commerce,Cimahi
S06471,2024-07-25,CUST-043,PROD-020,287,Modern Trade,Ciamis
S06472,2024-08-26,CUST-063,PROD-033,23,Traditional Trade,Purwakarta
S06473,2024-12-05,CUST-015,PROD-032,14,E-commerce,Bogor Kab.
S06474,2024-04-18,CUST-172,PROD-036,292,Distributor,Kuningan
S06475,2024-08-10,CUST-137,PROD-026,45,E-commerce,Kuningan
S06476,2024-01-15,CUST-065,PROD-005,199,Modern Trade,Cirebon Kab.
S06477,2024-03-07,CUST-044,PROD-030,227,Modern Trade,Tasikmalaya
S06478,2024-11-10,CUST-020,PROD-017,47,Traditional Trade,Pangandaran
S06479,2024-10-15,CUST-119,PROD-006,59,Traditional Trade,Majalengka
S06480,2024-04-19,CUST-198,PROD-015,285,Distributor,Bandung
S06481,2024-04-26,CUST-112,PROD-001,16,Traditional Trade,Cianjur
S06482,2024-07-06,CUST-123,PROD-013,1,E-commerce,Bandung
S06483,2024-01-01,CUST-161,PROD-034,251,Modern Trade,Purwakarta
S06484,2024-03-22,CUST-080,PROD-030,211,Distributor,Banjar
S06485,2024-03-13,CUST-100,PROD-019,112,Traditional Trade,Pangandaran
S06486,2024-03-24,CUST-006,PROD-002,87,Traditional Trade,Pangandaran
S06487,2024-11-03,CUST-083,PROD-012,328,Distributor,Cirebon Kab.
S06488,2024-04-01,CUST-031,PROD-040,144,Modern Trade,Cirebon Kab.
S06489,2024-03-09,CUST-066,PROD-024,202,Modern Trade,Cimahi
S06490,2024-06-24,CUST-018,PROD-011,150,Traditional Trade,Bogor
S06491,2024-11-21,CUST-028,PROD-002,98,Modern Trade,Cirebon Kab.
S06492,2024-03-22,CUST-068,PROD-001,42,E-commerce,Bogor
S06493,2024-01-31,CUST-193,PROD-028,102,Modern Trade,Tasikmalaya Kab.
S06494,2024-04-20,CUST-114,PROD-004,264,Distributor,Cirebon Kab.
S06495,2024-10-05,CUST-173,PROD-030,10,Modern Trade,Depok
S06496,2024-07-13,CUST-058,PROD-007,15,E-commerce,Sukabumi
S06497,2024-11-06,CUST-175,PROD-022,173,Modern Trade,Purwakarta
S06498,2024-12-19,CUST-194,PROD-026,115,Modern Trade,Kuningan
S06499,2024-10-28,CUST-180,PROD-029,281,Distributor,Garut Kab.
S06500,2024-08-03,CUST-164,PROD-025,50,Traditional Trade,Sukabumi Kab.
S06501,2024-06-20,CUST-129,PROD-010,25,Traditional Trade,Sukabumi
S06502,2024-01-16,CUST-039,PROD-020,42,Traditional Trade,Purwakarta
S06503,2024-12-27,CUST-106,PROD-014,314,Distributor,Purwakarta
S06504,2024-04-28,CUST-001,PROD-033,24,Traditional Trade,Depok
S06505,2024-02-26,CUST-075,PROD-005,389,Distributor,Bandung Barat
S06506,2024-08-26,CUST-088,PROD-006,57,Distributor,Indramayu
S06507,2024-04-02,CUST-142,PROD-022,319,Distributor,Cirebon Kab.
S06508,2024-07-27,CUST-199,PROD-017,66,Traditional Trade,Tasikmalaya
S06509,2024-07-27,CUST-151,PROD-015,59,Traditional Trade,Subang
S06510,2024-05-31,CUST-171,PROD-039,49,Traditional Trade,Bekasi
S06511,2024-11-12,CUST-150,PROD-040,57,Traditional Trade,Purwakarta
S06512,2024-03-28,CUST-060,PROD-028,90,Traditional Trade,Pangandaran
S06513,2024-06-02,CUST-155,PROD-002,220,Distributor,Tasikmalaya Kab.
S06514,2024-07-08,CUST-184,PROD-018,55,Distributor,Sukabumi Kab.
S06515,2024-08-25,CUST-130,PROD-027,53,Modern Trade,Depok
S06516,2024-10-24,CUST-167,PROD-021,100,Modern Trade,Depok
S06517,2024-04-30,CUST-179,PROD-023,245,Distributor,Depok
S06518,2024-08-18,CUST-110,PROD-007,13,Modern Trade,Depok
S06519,2024-02-26,CUST-019,PROD-019,125,Traditional Trade,Banjar
S06520,2024-12-11,CUST-062,PROD-009,28,E-commerce,Ciamis
S06521,2024-04-27,CUST-071,PROD-012,85,Traditional Trade,Bogor Kab.
S06522,2024-09-25,CUST-195,PROD-030,42,Traditional Trade,Tasikmalaya
S06523,2024-01-08,CUST-191,PROD-007,237,Distributor,Ciamis
S06524,2024-03-12,CUST-111,PROD-002,357,Distributor,Sukabumi
S06525,2024-06-17,CUST-133,PROD-017,462,Distributor,Cirebon Kab.
S06526,2024-11-25,CUST-072,PROD-011,217,Distributor,Sumedang
S06527,2024-07-03,CUST-078,PROD-012,273,Modern Trade,Sukabumi Kab.
S06528,2024-12-10,CUST-189,PROD-003,41,E-commerce,Cirebon Kab.
S06529,2024-06-16,CUST-100,PROD-021,119,Traditional Trade,Pangandaran
S06530,2024-06-18,CUST-071,PROD-014,127,Traditional Trade,Bogor Kab.
S06531,2024-02-15,CUST-007,PROD-015,244,Modern Trade,Depok
S06532,2024-11-02,CUST-050,PROD-010,321,Distributor,Sukabumi
S06533,2024-03-23,CUST-046,PROD-036,323,Distributor,Bekasi
S06534,2024-12-01,CUST-072,PROD-010,492,Distributor,Sumedang
S06535,2024-12-04,CUST-076,PROD-017,279,Distributor,Bekasi Kab.
S06536,2024-12-14,CUST-074,PROD-025,25,E-commerce,Bogor Kab.
S06537,2024-07-01,CUST-142,PROD-027,83,Distributor,Cirebon Kab.
S06538,2024-08-30,CUST-073,PROD-033,4,E-commerce,Cimahi
S06539,2024-10-21,CUST-102,PROD-011,5,E-commerce,Tasikmalaya Kab.
S06540,2024-02-19,CUST-094,PROD-013,432,Distributor,Cimahi
S06541,2024-08-02,CUST-069,PROD-001,498,Distributor,Subang
S06542,2024-01-14,CUST-065,PROD-031,223,Modern Trade,Cirebon Kab.
S06543,2024-06-21,CUST-193,PROD-033,55,Modern Trade,Tasikmalaya Kab.
S06544,2024-02-27,CUST-185,PROD-021,81,Traditional Trade,Karawang
S06545,2024-03-06,CUST-062,PROD-016,48,E-commerce,Ciamis
S06546,2024-04-23,CUST-020,PROD-039,127,Traditional Trade,Pangandaran
S06547,2024-05-23,CUST-154,PROD-023,215,Distributor,Bekasi
S06548,2024-08-10,CUST-044,PROD-010,82,Modern Trade,Tasikmalaya
S06549,2024-01-29,CUST-195,PROD-033,90,Traditional Trade,Tasikmalaya
S06550,2024-06-24,CUST-198,PROD-022,130,Distributor,Bandung
S06551,2024-03-06,CUST-062,PROD-006,23,E-commerce,Ciamis
S06552,2024-07-22,CUST-107,PROD-036,138,Traditional Trade,Karawang
S06553,2024-08-15,CUST-125,PROD-010,48,E-commerce,Bekasi
S06554,2024-07-15,CUST-045,PROD-016,73,Traditional Trade,Bogor
S06555,2024-09-30,CUST-011,PROD-013,141,Traditional Trade,Cirebon
S06556,2024-04-15,CUST-200,PROD-020,24,E-commerce,Garut Kab.
S06557,2024-10-14,CUST-162,PROD-004,101,Traditional Trade,Purwakarta
S06558,2024-05-23,CUST-088,PROD-020,428,Distributor,Indramayu
S06559,2024-06-16,CUST-046,PROD-022,207,Distributor,Bekasi
S06560,2024-08-19,CUST-112,PROD-029,123,Traditional Trade,Cianjur
S06561,2024-01-08,CUST-081,PROD-016,205,Modern Trade,Sumedang
S06562,2024-08-21,CUST-032,PROD-023,337,Distributor,Tasikmalaya
S06563,2024-08-08,CUST-098,PROD-030,74,Modern Trade,Sumedang
S06564,2024-04-08,CUST-005,PROD-030,89,Traditional Trade,Cimahi
S06565,2024-02-02,CUST-191,PROD-003,464,Distributor,Ciamis
S06566,2024-02-04,CUST-029,PROD-024,63,Traditional Trade,Tasikmalaya Kab.
S06567,2024-12-08,CUST-048,PROD-037,30,Traditional Trade,Depok
S06568,2024-09-04,CUST-016,PROD-013,22,E-commerce,Cimahi
S06569,2024-02-17,CUST-153,PROD-032,467,Distributor,Bandung
S06570,2024-04-21,CUST-072,PROD-037,170,Distributor,Sumedang
S06571,2024-07-30,CUST-029,PROD-012,17,Traditional Trade,Tasikmalaya Kab.
S06572,2024-11-12,CUST-180,PROD-008,304,Distributor,Garut Kab.
S06573,2024-01-17,CUST-046,PROD-024,273,Distributor,Bekasi
S06574,2024-03-20,CUST-153,PROD-016,104,Distributor,Bandung
S06575,2024-11-28,CUST-023,PROD-032,140,Traditional Trade,Cirebon Kab.
S06576,2024-01-04,CUST-162,PROD-034,60,Traditional Trade,Purwakarta
S06577,2024-03-11,CUST-195,PROD-035,88,Traditional Trade,Tasikmalaya
S06578,2024-12-19,CUST-094,PROD-032,454,Distributor,Cimahi
S06579,2024-08-07,CUST-114,PROD-017,403,Distributor,Cirebon Kab.
S06580,2024-03-27,CUST-034,PROD-002,186,Modern Trade,Garut Kab.
S06581,2024-01-26,CUST-160,PROD-026,98,Traditional Trade,Sukabumi
S06582,2024-01-11,CUST-117,PROD-017,6,E-commerce,Cirebon
S06583,2024-03-22,CUST-029,PROD-038,39,Traditional Trade,Tasikmalaya Kab.
S06584,2024-11-26,CUST-009,PROD-002,130,Traditional Trade,Garut
S06585,2024-05-13,CUST-194,PROD-008,239,Modern Trade,Kuningan
S06586,2024-09-21,CUST-185,PROD-006,18,Traditional Trade,Karawang
S06587,2024-12-07,CUST-039,PROD-009,78,Traditional Trade,Purwakarta
S06588,2024-05-08,CUST-135,PROD-001,61,Modern Trade,Bandung
S06589,2024-03-09,CUST-110,PROD-005,216,Modern Trade,Depok
S06590,2024-06-29,CUST-069,PROD-039,345,Distributor,Subang
S06591,2024-12-04,CUST-136,PROD-009,92,Distributor,Indramayu
S06592,2024-11-02,CUST-096,PROD-014,417,Distributor,Indramayu
S06593,2024-01-26,CUST-119,PROD-027,7,Traditional Trade,Majalengka
S06594,2024-09-06,CUST-118,PROD-009,15,E-commerce,Garut
S06595,2024-07-21,CUST-018,PROD-036,99,Traditional Trade,Bogor
S06596,2024-12-03,CUST-102,PROD-029,11,E-commerce,Tasikmalaya Kab.
S06597,2024-02-16,CUST-110,PROD-020,247,Modern Trade,Depok
S06598,2024-07-06,CUST-082,PROD-015,176,Modern Trade,Tasikmalaya Kab.
S06599,2024-11-25,CUST-177,PROD-036,23,Traditional Trade,Bogor Kab.
S06600,2024-05-10,CUST-105,PROD-003,256,Distributor,Sukabumi
S06601,2024-06-15,CUST-016,PROD-023,38,E-commerce,Cimahi
S06602,2024-01-28,CUST-021,PROD-009,223,Modern Trade,Bandung Barat
S06603,2024-03-31,CUST-138,PROD-030,65,Modern Trade,Kuningan
S06604,2024-04-12,CUST-106,PROD-019,383,Distributor,Purwakarta
S06605,2024-12-15,CUST-132,PROD-038,4,E-commerce,Cimahi
S06606,2024-04-01,CUST-044,PROD-003,18,Modern Trade,Tasikmalaya
S06607,2024-06-07,CUST-123,PROD-003,39,E-commerce,Bandung
S06608,2024-08-28,CUST-136,PROD-034,202,Distributor,Indramayu
S06609,2024-03-01,CUST-111,PROD-002,480,Distributor,Sukabumi
S06610,2024-06-17,CUST-117,PROD-027,35,E-commerce,Cirebon
S06611,2024-09-30,CUST-126,PROD-023,53,Traditional Trade,Sukabumi Kab.
S06612,2024-11-21,CUST-183,PROD-032,32,Traditional Trade,Bandung Barat
S06613,2024-08-11,CUST-019,PROD-035,20,Traditional Trade,Banjar
S06614,2024-08-27,CUST-064,PROD-040,91,Traditional Trade,Depok
S06615,2024-02-17,CUST-040,PROD-018,212,Modern Trade,Garut
S06616,2024-12-15,CUST-051,PROD-027,183,Modern Trade,Depok
S06617,2024-02-19,CUST-137,PROD-011,40,E-commerce,Kuningan
S06618,2024-10-19,CUST-158,PROD-039,87,Traditional Trade,Depok
S06619,2024-03-28,CUST-056,PROD-019,38,Traditional Trade,Sumedang
S06620,2024-12-11,CUST-081,PROD-025,238,Modern Trade,Sumedang
S06621,2024-09-20,CUST-172,PROD-007,50,Distributor,Kuningan
S06622,2024-10-08,CUST-187,PROD-031,124,Modern Trade,Pangandaran
S06623,2024-03-16,CUST-143,PROD-002,263,Distributor,Cimahi
S06624,2024-05-30,CUST-196,PROD-038,149,Traditional Trade,Depok
S06625,2024-08-08,CUST-070,PROD-005,51,Traditional Trade,Majalengka
S06626,2024-10-16,CUST-128,PROD-014,24,E-commerce,Tasikmalaya Kab.
S06627,2024-02-09,CUST-126,PROD-018,108,Traditional Trade,Sukabumi Kab.
S06628,2024-12-20,CUST-061,PROD-036,334,Distributor,Bandung Barat
S06629,2024-11-28,CUST-080,PROD-004,294,Distributor,Banjar
S06630,2024-03-29,CUST-121,PROD-024,14,E-commerce,Bogor
S06631,2024-11-08,CUST-101,PROD-013,81,Modern Trade,Cianjur
S06632,2024-06-30,CUST-151,PROD-021,90,Traditional Trade,Subang
S06633,2024-06-07,CUST-077,PROD-033,224,Modern Trade,Banjar
S06634,2024-04-10,CUST-175,PROD-020,150,Modern Trade,Purwakarta
S06635,2024-07-25,CUST-145,PROD-005,137,Traditional Trade,Garut Kab.
S06636,2024-09-26,CUST-185,PROD-024,78,Traditional Trade,Karawang
S06637,2024-05-10,CUST-126,PROD-035,141,Traditional Trade,Sukabumi Kab.
S06638,2024-08-12,CUST-182,PROD-030,146,Traditional Trade,Banjar
S06639,2024-09-10,CUST-180,PROD-028,407,Distributor,Garut Kab.
S06640,2024-09-16,CUST-022,PROD-007,443,Distributor,Cianjur
S06641,2024-01-20,CUST-083,PROD-035,466,Distributor,Cirebon Kab.
S06642,2024-11-19,CUST-167,PROD-030,84,Modern Trade,Depok
S06643,2024-06-05,CUST-141,PROD-034,89,Distributor,Bogor
S06644,2024-03-27,CUST-078,PROD-039,282,Modern Trade,Sukabumi Kab.
S06645,2024-03-22,CUST-095,PROD-009,36,E-commerce,Pangandaran
S06646,2024-06-15,CUST-109,PROD-012,74,Traditional Trade,Tasikmalaya
S06647,2024-11-27,CUST-194,PROD-029,120,Modern Trade,Kuningan
S06648,2024-04-26,CUST-110,PROD-010,243,Modern Trade,Depok
S06649,2024-10-06,CUST-052,PROD-027,246,Distributor,Sumedang
S06650,2024-02-06,CUST-103,PROD-019,87,Traditional Trade,Tasikmalaya
S06651,2024-06-13,CUST-101,PROD-013,208,Modern Trade,Cianjur
S06652,2024-12-29,CUST-142,PROD-037,73,Distributor,Cirebon Kab.
S06653,2024-10-17,CUST-063,PROD-032,55,Traditional Trade,Purwakarta
S06654,2024-03-14,CUST-199,PROD-015,66,Traditional Trade,Tasikmalaya
S06655,2024-06-23,CUST-028,PROD-021,76,Modern Trade,Cirebon Kab.
S06656,2024-03-20,CUST-046,PROD-003,79,Distributor,Bekasi
S06657,2024-05-09,CUST-028,PROD-008,116,Modern Trade,Cirebon Kab.
S06658,2024-10-22,CUST-002,PROD-006,38,E-commerce,Ciamis
S06659,2024-10-17,CUST-127,PROD-029,138,Traditional Trade,Depok
S06660,2024-03-18,CUST-017,PROD-019,115,Traditional Trade,Cianjur
S06661,2024-12-08,CUST-059,PROD-017,35,E-commerce,Tasikmalaya Kab.
S06662,2024-07-30,CUST-180,PROD-010,455,Distributor,Garut Kab.
S06663,2024-04-27,CUST-132,PROD-033,11,E-commerce,Cimahi
S06664,2024-06-23,CUST-077,PROD-013,81,Modern Trade,Banjar
S06665,2024-08-04,CUST-131,PROD-027,95,Traditional Trade,Sukabumi
S06666,2024-07-17,CUST-115,PROD-012,262,Modern Trade,Cimahi
S06667,2024-06-17,CUST-165,PROD-002,33,Traditional Trade,Karawang
S06668,2024-06-24,CUST-097,PROD-010,123,Traditional Trade,Karawang
S06669,2024-03-05,CUST-105,PROD-021,424,Distributor,Sukabumi
S06670,2024-11-05,CUST-024,PROD-023,17,Modern Trade,Bekasi Kab.
S06671,2024-07-09,CUST-200,PROD-001,23,E-commerce,Garut Kab.
S06672,2024-02-19,CUST-035,PROD-033,270,Distributor,Garut Kab.
S06673,2024-10-14,CUST-002,PROD-026,16,E-commerce,Ciamis
S06674,2024-12-11,CUST-033,PROD-015,468,Distributor,Majalengka
S06675,2024-12-16,CUST-076,PROD-022,121,Distributor,Bekasi Kab.
S06676,2024-04-24,CUST-086,PROD-025,37,Traditional Trade,Bogor Kab.
S06677,2024-02-20,CUST-138,PROD-001,243,Modern Trade,Kuningan
S06678,2024-06-30,CUST-081,PROD-026,270,Modern Trade,Sumedang
S06679,2024-02-12,CUST-062,PROD-021,37,E-commerce,Ciamis
S06680,2024-12-11,CUST-043,PROD-024,154,Modern Trade,Ciamis
S06681,2024-03-07,CUST-197,PROD-039,71,Distributor,Bandung
S06682,2024-03-25,CUST-121,PROD-016,14,E-commerce,Bogor
S06683,2024-05-08,CUST-059,PROD-032,38,E-commerce,Tasikmalaya Kab.
S06684,2024-04-27,CUST-009,PROD-016,18,Traditional Trade,Garut
S06685,2024-10-29,CUST-077,PROD-013,245,Modern Trade,Banjar
S06686,2024-06-05,CUST-188,PROD-032,157,Modern Trade,Bekasi Kab.
S06687,2024-03-03,CUST-063,PROD-024,34,Traditional Trade,Purwakarta
S06688,2024-03-28,CUST-052,PROD-013,487,Distributor,Sumedang
S06689,2024-06-26,CUST-023,PROD-011,9,Traditional Trade,Cirebon Kab.
S06690,2024-02-25,CUST-030,PROD-015,18,E-commerce,Banjar
S06691,2024-08-06,CUST-171,PROD-010,67,Traditional Trade,Bekasi
S06692,2024-07-19,CUST-196,PROD-003,139,Traditional Trade,Depok
S06693,2024-09-18,CUST-021,PROD-016,166,Modern Trade,Bandung Barat
S06694,2024-12-13,CUST-043,PROD-017,66,Modern Trade,Ciamis
S06695,2024-12-05,CUST-135,PROD-025,274,Modern Trade,Bandung
S06696,2024-12-15,CUST-016,PROD-030,47,E-commerce,Cimahi
S06697,2024-03-22,CUST-023,PROD-035,116,Traditional Trade,Cirebon Kab.
S06698,2024-02-19,CUST-186,PROD-037,109,Traditional Trade,Tasikmalaya
S06699,2024-04-06,CUST-087,PROD-013,428,Distributor,Subang
S06700,2024-11-30,CUST-031,PROD-024,208,Modern Trade,Cirebon Kab.
S06701,2024-12-23,CUST-121,PROD-038,49,E-commerce,Bogor
S06702,2024-11-19,CUST-069,PROD-026,220,Distributor,Subang
S06703,2024-02-11,CUST-134,PROD-009,63,Traditional Trade,Bandung Barat
S06704,2024-12-16,CUST-115,PROD-019,15,Modern Trade,Cimahi
S06705,2024-05-18,CUST-193,PROD-028,265,Modern Trade,Tasikmalaya Kab.
S06706,2024-01-04,CUST-059,PROD-007,47,E-commerce,Tasikmalaya Kab.
S06707,2024-05-29,CUST-156,PROD-022,40,E-commerce,Kuningan
S06708,2024-01-18,CUST-146,PROD-030,27,E-commerce,Bogor
S06709,2024-07-10,CUST-077,PROD-037,13,Modern Trade,Banjar
S06710,2024-04-16,CUST-138,PROD-016,10,Modern Trade,Kuningan
S06711,2024-06-12,CUST-007,PROD-036,40,Modern Trade,Depok
S06712,2024-08-06,CUST-037,PROD-005,370,Distributor,Indramayu
S06713,2024-11-22,CUST-173,PROD-029,126,Modern Trade,Depok
S06714,2024-08-24,CUST-086,PROD-023,23,Traditional Trade,Bogor Kab.
S06715,2024-05-24,CUST-016,PROD-006,5,E-commerce,Cimahi
S06716,2024-11-07,CUST-116,PROD-036,5,E-commerce,Cianjur
S06717,2024-12-03,CUST-118,PROD-033,49,E-commerce,Garut
S06718,2024-02-15,CUST-014,PROD-016,35,Traditional Trade,Pangandaran
S06719,2024-07-05,CUST-139,PROD-034,83,Traditional Trade,Cianjur
S06720,2024-04-02,CUST-087,PROD-026,292,Distributor,Subang
S06721,2024-01-19,CUST-162,PROD-037,59,Traditional Trade,Purwakarta
S06722,2024-08-27,CUST-188,PROD-013,214,Modern Trade,Bekasi Kab.
S06723,2024-11-20,CUST-104,PROD-017,12,E-commerce,Karawang
S06724,2024-03-01,CUST-141,PROD-032,432,Distributor,Bogor
S06725,2024-11-05,CUST-167,PROD-032,220,Modern Trade,Depok
S06726,2024-11-17,CUST-044,PROD-028,100,Modern Trade,Tasikmalaya
S06727,2024-12-05,CUST-028,PROD-029,175,Modern Trade,Cirebon Kab.
S06728,2024-03-28,CUST-168,PROD-025,33,E-commerce,Majalengka
S06729,2024-12-02,CUST-016,PROD-022,6,E-commerce,Cimahi
S06730,2024-04-11,CUST-050,PROD-027,190,Distributor,Sukabumi
S06731,2024-07-14,CUST-115,PROD-038,214,Modern Trade,Cimahi
S06732,2024-01-20,CUST-156,PROD-020,13,E-commerce,Kuningan
S06733,2024-01-17,CUST-068,PROD-024,20,E-commerce,Bogor
S06734,2024-09-21,CUST-092,PROD-008,104,Traditional Trade,Kuningan
S06735,2024-05-31,CUST-121,PROD-014,37,E-commerce,Bogor
S06736,2024-03-25,CUST-188,PROD-039,54,Modern Trade,Bekasi Kab.
S06737,2024-03-08,CUST-140,PROD-014,9,E-commerce,Bekasi
S06738,2024-08-27,CUST-016,PROD-005,17,E-commerce,Cimahi
S06739,2024-01-01,CUST-053,PROD-021,63,Traditional Trade,Bogor Kab.
S06740,2024-11-03,CUST-182,PROD-015,56,Traditional Trade,Banjar
S06741,2024-01-31,CUST-049,PROD-036,155,Modern Trade,Pangandaran
S06742,2024-03-09,CUST-164,PROD-033,29,Traditional Trade,Sukabumi Kab.
S06743,2024-04-28,CUST-062,PROD-017,15,E-commerce,Ciamis
S06744,2024-06-16,CUST-084,PROD-020,111,Modern Trade,Bandung Barat
S06745,2024-04-20,CUST-154,PROD-001,323,Distributor,Bekasi
S06746,2024-04-11,CUST-056,PROD-016,133,Traditional Trade,Sumedang
S06747,2024-12-21,CUST-120,PROD-018,176,Modern Trade,Cimahi
S06748,2024-08-17,CUST-090,PROD-010,251,Distributor,Cimahi
S06749,2024-01-09,CUST-150,PROD-023,106,Traditional Trade,Purwakarta
S06750,2024-05-22,CUST-120,PROD-018,80,Modern Trade,Cimahi
S06751,2024-11-24,CUST-073,PROD-009,38,E-commerce,Cimahi
S06752,2024-04-06,CUST-069,PROD-030,57,Distributor,Subang
S06753,2024-02-05,CUST-177,PROD-013,77,Traditional Trade,Bogor Kab.
S06754,2024-10-10,CUST-098,PROD-031,36,Modern Trade,Sumedang
S06755,2024-08-04,CUST-002,PROD-013,41,E-commerce,Ciamis
S06756,2024-07-21,CUST-053,PROD-032,11,Traditional Trade,Bogor Kab.
S06757,2024-01-21,CUST-119,PROD-017,36,Traditional Trade,Majalengka
S06758,2024-02-22,CUST-007,PROD-003,82,Modern Trade,Depok
S06759,2024-08-10,CUST-148,PROD-001,17,E-commerce,Bogor
S06760,2024-03-13,CUST-158,PROD-005,103,Traditional Trade,Depok
S06761,2024-06-24,CUST-075,PROD-032,417,Distributor,Bandung Barat
S06762,2024-07-11,CUST-095,PROD-025,16,E-commerce,Pangandaran
S06763,2024-04-02,CUST-195,PROD-005,134,Traditional Trade,Tasikmalaya
S06764,2024-12-16,CUST-187,PROD-037,40,Modern Trade,Pangandaran
S06765,2024-11-14,CUST-194,PROD-023,42,Modern Trade,Kuningan
S06766,2024-09-22,CUST-003,PROD-012,21,E-commerce,Purwakarta
S06767,2024-01-30,CUST-184,PROD-034,194,Distributor,Sukabumi Kab.
S06768,2024-02-10,CUST-079,PROD-023,35,E-commerce,Bogor Kab.
S06769,2024-06-19,CUST-017,PROD-016,58,Traditional Trade,Cianjur
S06770,2024-03-01,CUST-112,PROD-005,58,Traditional Trade,Cianjur
S06771,2024-12-25,CUST-052,PROD-028,484,Distributor,Sumedang
S06772,2024-02-29,CUST-007,PROD-006,189,Modern Trade,Depok
S06773,2024-06-17,CUST-112,PROD-013,139,Traditional Trade,Cianjur
S06774,2024-04-22,CUST-133,PROD-030,487,Distributor,Cirebon Kab.
S06775,2024-08-16,CUST-054,PROD-026,29,E-commerce,Tasikmalaya
S06776,2024-02-18,CUST-061,PROD-017,444,Distributor,Bandung Barat
S06777,2024-05-22,CUST-109,PROD-009,34,Traditional Trade,Tasikmalaya
S06778,2024-03-30,CUST-016,PROD-016,18,E-commerce,Cimahi
S06779,2024-11-27,CUST-195,PROD-018,61,Traditional Trade,Tasikmalaya
S06780,2024-01-16,CUST-187,PROD-013,183,Modern Trade,Pangandaran
S06781,2024-12-05,CUST-047,PROD-029,217,Modern Trade,Garut
S06782,2024-11-11,CUST-048,PROD-024,74,Traditional Trade,Depok
S06783,2024-04-05,CUST-121,PROD-013,2,E-commerce,Bogor
S06784,2024-10-26,CUST-064,PROD-025,111,Traditional Trade,Depok
S06785,2024-01-12,CUST-050,PROD-001,235,Distributor,Sukabumi
S06786,2024-12-21,CUST-041,PROD-009,10,E-commerce,Cirebon Kab.
S06787,2024-07-03,CUST-200,PROD-004,4,E-commerce,Garut Kab.
S06788,2024-04-07,CUST-022,PROD-028,379,Distributor,Cianjur
S06789,2024-04-22,CUST-115,PROD-012,180,Modern Trade,Cimahi
S06790,2024-01-26,CUST-182,PROD-024,46,Traditional Trade,Banjar
S06791,2024-12-28,CUST-005,PROD-009,28,Traditional Trade,Cimahi
S06792,2024-01-16,CUST-145,PROD-035,9,Traditional Trade,Garut Kab.
S06793,2024-08-22,CUST-101,PROD-038,205,Modern Trade,Cianjur
S06794,2024-05-30,CUST-078,PROD-035,108,Modern Trade,Sukabumi Kab.
S06795,2024-12-16,CUST-041,PROD-033,42,E-commerce,Cirebon Kab.
S06796,2024-03-23,CUST-092,PROD-035,124,Traditional Trade,Kuningan
S06797,2024-07-05,CUST-163,PROD-020,81,Traditional Trade,Tasikmalaya Kab.
S06798,2024-06-15,CUST-168,PROD-002,37,E-commerce,Majalengka
S06799,2024-09-11,CUST-022,PROD-026,401,Distributor,Cianjur
S06800,2024-01-27,CUST-176,PROD-013,129,Modern Trade,Cirebon
S06801,2024-03-09,CUST-053,PROD-030,69,Traditional Trade,Bogor Kab.
S06802,2024-03-15,CUST-093,PROD-032,496,Distributor,Tasikmalaya
S06803,2024-09-30,CUST-010,PROD-036,11,E-commerce,Kuningan
S06804,2024-03-08,CUST-146,PROD-019,26,E-commerce,Bogor
S06805,2024-07-22,CUST-049,PROD-022,204,Modern Trade,Pangandaran
S06806,2024-03-15,CUST-071,PROD-001,119,Traditional Trade,Bogor Kab.
S06807,2024-11-19,CUST-158,PROD-011,81,Traditional Trade,Depok
S06808,2024-12-14,CUST-019,PROD-026,36,Traditional Trade,Banjar
S06809,2024-06-30,CUST-055,PROD-019,224,Modern Trade,Subang
S06810,2024-04-19,CUST-188,PROD-019,288,Modern Trade,Bekasi Kab.
S06811,2024-03-20,CUST-200,PROD-012,30,E-commerce,Garut Kab.
S06812,2024-01-20,CUST-021,PROD-003,79,Modern Trade,Bandung Barat
S06813,2024-03-29,CUST-026,PROD-018,7,E-commerce,Pangandaran
S06814,2024-08-21,CUST-028,PROD-005,120,Modern Trade,Cirebon Kab.
S06815,2024-07-06,CUST-167,PROD-024,167,Modern Trade,Depok
S06816,2024-12-15,CUST-161,PROD-014,46,Modern Trade,Purwakarta
S06817,2024-05-01,CUST-040,PROD-038,44,Modern Trade,Garut
S06818,2024-09-07,CUST-029,PROD-003,72,Traditional Trade,Tasikmalaya Kab.
S06819,2024-06-18,CUST-020,PROD-006,63,Traditional Trade,Pangandaran
S06820,2024-06-27,CUST-020,PROD-012,122,Traditional Trade,Pangandaran
S06821,2024-03-28,CUST-074,PROD-011,35,E-commerce,Bogor Kab.
S06822,2024-06-04,CUST-140,PROD-039,48,E-commerce,Bekasi
S06823,2024-06-11,CUST-120,PROD-026,216,Modern Trade,Cimahi
S06824,2024-09-13,CUST-097,PROD-001,109,Traditional Trade,Karawang
S06825,2024-12-13,CUST-120,PROD-016,75,Modern Trade,Cimahi
S06826,2024-04-13,CUST-025,PROD-009,10,Traditional Trade,Bandung Barat
S06827,2024-01-17,CUST-153,PROD-005,319,Distributor,Bandung
S06828,2024-06-21,CUST-004,PROD-008,242,Modern Trade,Cirebon
S06829,2024-07-10,CUST-004,PROD-021,166,Modern Trade,Cirebon
S06830,2024-03-03,CUST-137,PROD-033,42,E-commerce,Kuningan
S06831,2024-10-11,CUST-143,PROD-039,203,Distributor,Cimahi
S06832,2024-12-27,CUST-026,PROD-020,18,E-commerce,Pangandaran
S06833,2024-12-15,CUST-079,PROD-022,47,E-commerce,Bogor Kab.
S06834,2024-03-10,CUST-090,PROD-013,309,Distributor,Cimahi
S06835,2024-11-24,CUST-071,PROD-039,61,Traditional Trade,Bogor Kab.
S06836,2024-09-12,CUST-160,PROD-011,123,Traditional Trade,Sukabumi
S06837,2024-06-04,CUST-076,PROD-018,358,Distributor,Bekasi Kab.
S06838,2024-07-09,CUST-099,PROD-030,106,Traditional Trade,Purwakarta
S06839,2024-11-16,CUST-180,PROD-033,74,Distributor,Garut Kab.
S06840,2024-06-14,CUST-127,PROD-003,148,Traditional Trade,Depok
S06841,2024-04-25,CUST-032,PROD-001,399,Distributor,Tasikmalaya
S06842,2024-06-20,CUST-009,PROD-036,131,Traditional Trade,Garut
S06843,2024-07-24,CUST-078,PROD-006,133,Modern Trade,Sukabumi Kab.
S06844,2024-03-08,CUST-013,PROD-037,341,Distributor,Cianjur
S06845,2024-12-01,CUST-184,PROD-029,205,Distributor,Sukabumi Kab.
S06846,2024-08-29,CUST-124,PROD-011,1,E-commerce,Garut Kab.
S06847,2024-08-14,CUST-172,PROD-013,377,Distributor,Kuningan
S06848,2024-02-07,CUST-096,PROD-011,102,Distributor,Indramayu
S06849,2024-08-03,CUST-083,PROD-038,219,Distributor,Cirebon Kab.
S06850,2024-02-15,CUST-158,PROD-025,83,Traditional Trade,Depok
S06851,2024-01-31,CUST-144,PROD-015,102,Traditional Trade,Banjar
S06852,2024-07-03,CUST-140,PROD-013,19,E-commerce,Bekasi
S06853,2024-05-05,CUST-194,PROD-033,39,Modern Trade,Kuningan
S06854,2024-07-28,CUST-018,PROD-013,78,Traditional Trade,Bogor
S06855,2024-02-04,CUST-141,PROD-038,221,Distributor,Bogor
S06856,2024-05-22,CUST-093,PROD-024,422,Distributor,Tasikmalaya
S06857,2024-03-04,CUST-024,PROD-020,93,Modern Trade,Bekasi Kab.
S06858,2024-12-28,CUST-102,PROD-017,25,E-commerce,Tasikmalaya Kab.
S06859,2024-07-17,CUST-140,PROD-024,9,E-commerce,Bekasi
S06860,2024-09-03,CUST-060,PROD-026,38,Traditional Trade,Pangandaran
S06861,2024-04-12,CUST-060,PROD-040,131,Traditional Trade,Pangandaran
S06862,2024-02-06,CUST-100,PROD-032,89,Traditional Trade,Pangandaran
S06863,2024-12-24,CUST-001,PROD-029,60,Traditional Trade,Depok
S06864,2024-04-02,CUST-043,PROD-014,16,Modern Trade,Ciamis
S06865,2024-05-18,CUST-055,PROD-037,145,Modern Trade,Subang
S06866,2024-08-20,CUST-168,PROD-022,13,E-commerce,Majalengka
S06867,2024-01-10,CUST-192,PROD-034,62,Traditional Trade,Cirebon
S06868,2024-11-04,CUST-034,PROD-027,236,Modern Trade,Garut Kab.
S06869,2024-07-07,CUST-034,PROD-028,253,Modern Trade,Garut Kab.
S06870,2024-03-31,CUST-176,PROD-022,273,Modern Trade,Cirebon
S06871,2024-01-24,CUST-161,PROD-003,260,Modern Trade,Purwakarta
S06872,2024-03-01,CUST-196,PROD-022,58,Traditional Trade,Depok
S06873,2024-11-30,CUST-158,PROD-021,148,Traditional Trade,Depok
S06874,2024-09-03,CUST-110,PROD-016,141,Modern Trade,Depok
S06875,2024-03-24,CUST-084,PROD-009,103,Modern Trade,Bandung Barat
S06876,2024-01-26,CUST-090,PROD-013,95,Distributor,Cimahi
S06877,2024-09-05,CUST-079,PROD-010,30,E-commerce,Bogor Kab.
S06878,2024-07-22,CUST-071,PROD-021,103,Traditional Trade,Bogor Kab.
S06879,2024-05-06,CUST-071,PROD-040,17,Traditional Trade,Bogor Kab.
S06880,2024-04-22,CUST-114,PROD-007,86,Distributor,Cirebon Kab.
S06881,2024-03-15,CUST-029,PROD-022,79,Traditional Trade,Tasikmalaya Kab.
S06882,2024-08-27,CUST-151,PROD-018,62,Traditional Trade,Subang
S06883,2024-12-23,CUST-162,PROD-021,23,Traditional Trade,Purwakarta
S06884,2024-03-04,CUST-143,PROD-014,451,Distributor,Cimahi
S06885,2024-08-01,CUST-097,PROD-010,149,Traditional Trade,Karawang
S06886,2024-05-18,CUST-053,PROD-033,143,Traditional Trade,Bogor Kab.
S06887,2024-06-01,CUST-145,PROD-009,147,Traditional Trade,Garut Kab.
S06888,2024-03-25,CUST-064,PROD-018,112,Traditional Trade,Depok
S06889,2024-11-08,CUST-061,PROD-013,270,Distributor,Bandung Barat
S06890,2024-06-16,CUST-185,PROD-017,149,Traditional Trade,Karawang
S06891,2024-07-10,CUST-108,PROD-023,94,Traditional Trade,Bandung
S06892,2024-04-07,CUST-037,PROD-025,425,Distributor,Indramayu
S06893,2024-03-06,CUST-135,PROD-016,14,Modern Trade,Bandung
S06894,2024-02-02,CUST-008,PROD-024,65,Modern Trade,Tasikmalaya Kab.
S06895,2024-09-17,CUST-078,PROD-031,264,Modern Trade,Sukabumi Kab.
S06896,2024-03-10,CUST-068,PROD-011,24,E-commerce,Bogor
S06897,2024-09-05,CUST-021,PROD-023,231,Modern Trade,Bandung Barat
S06898,2024-04-29,CUST-189,PROD-039,40,E-commerce,Cirebon Kab.
S06899,2024-05-13,CUST-094,PROD-022,97,Distributor,Cimahi
S06900,2024-06-10,CUST-075,PROD-033,353,Distributor,Bandung Barat
S06901,2024-04-23,CUST-157,PROD-018,113,Traditional Trade,Subang
S06902,2024-02-08,CUST-153,PROD-014,466,Distributor,Bandung
S06903,2024-04-08,CUST-186,PROD-028,104,Traditional Trade,Tasikmalaya
S06904,2024-08-25,CUST-142,PROD-011,70,Distributor,Cirebon Kab.
S06905,2024-08-26,CUST-078,PROD-024,111,Modern Trade,Sukabumi Kab.
S06906,2024-04-02,CUST-066,PROD-036,14,Modern Trade,Cimahi
S06907,2024-06-06,CUST-182,PROD-019,93,Traditional Trade,Banjar
S06908,2024-03-09,CUST-195,PROD-013,78,Traditional Trade,Tasikmalaya
S06909,2024-03-13,CUST-158,PROD-033,126,Traditional Trade,Depok
S06910,2024-01-09,CUST-146,PROD-019,19,E-commerce,Bogor
S06911,2024-11-30,CUST-054,PROD-032,32,E-commerce,Tasikmalaya
S06912,2024-03-14,CUST-100,PROD-015,150,Traditional Trade,Pangandaran
S06913,2024-03-18,CUST-021,PROD-011,67,Modern Trade,Bandung Barat
S06914,2024-03-31,CUST-053,PROD-023,102,Traditional Trade,Bogor Kab.
S06915,2024-02-17,CUST-083,PROD-005,289,Distributor,Cirebon Kab.
S06916,2024-08-16,CUST-144,PROD-022,83,Traditional Trade,Banjar
S06917,2024-01-29,CUST-156,PROD-018,24,E-commerce,Kuningan
S06918,2024-02-20,CUST-004,PROD-007,14,Modern Trade,Cirebon
S06919,2024-08-18,CUST-055,PROD-033,190,Modern Trade,Subang
S06920,2024-04-16,CUST-015,PROD-003,32,E-commerce,Bogor Kab.
S06921,2024-09-14,CUST-064,PROD-028,137,Traditional Trade,Depok
S06922,2024-07-16,CUST-193,PROD-001,131,Modern Trade,Tasikmalaya Kab.
S06923,2024-03-25,CUST-112,PROD-037,102,Traditional Trade,Cianjur
S06924,2024-08-20,CUST-144,PROD-022,139,Traditional Trade,Banjar
S06925,2024-02-13,CUST-118,PROD-019,26,E-commerce,Garut
S06926,2024-07-07,CUST-020,PROD-014,133,Traditional Trade,Pangandaran
S06927,2024-05-26,CUST-064,PROD-003,56,Traditional Trade,Depok
S06928,2024-03-28,CUST-033,PROD-019,147,Distributor,Majalengka
S06929,2024-08-03,CUST-081,PROD-033,291,Modern Trade,Sumedang
S06930,2024-11-22,CUST-197,PROD-021,426,Distributor,Bandung
S06931,2024-12-31,CUST-126,PROD-001,16,Traditional Trade,Sukabumi Kab.
S06932,2024-08-05,CUST-069,PROD-026,375,Distributor,Subang
S06933,2024-05-06,CUST-186,PROD-010,88,Traditional Trade,Tasikmalaya
S06934,2024-03-17,CUST-167,PROD-035,28,Modern Trade,Depok
S06935,2024-03-26,CUST-164,PROD-013,136,Traditional Trade,Sukabumi Kab.
S06936,2024-06-14,CUST-094,PROD-006,145,Distributor,Cimahi
S06937,2024-04-23,CUST-068,PROD-006,18,E-commerce,Bogor
S06938,2024-12-05,CUST-087,PROD-035,54,Distributor,Subang
S06939,2024-04-24,CUST-021,PROD-016,137,Modern Trade,Bandung Barat
S06940,2024-04-25,CUST-063,PROD-008,58,Traditional Trade,Purwakarta
S06941,2024-04-28,CUST-085,PROD-003,207,Modern Trade,Sukabumi Kab.
S06942,2024-11-12,CUST-134,PROD-005,22,Traditional Trade,Bandung Barat
S06943,2024-08-20,CUST-024,PROD-021,147,Modern Trade,Bekasi Kab.
S06944,2024-08-07,CUST-111,PROD-031,72,Distributor,Sukabumi
S06945,2024-04-15,CUST-181,PROD-014,18,E-commerce,Garut
S06946,2024-11-06,CUST-095,PROD-037,4,E-commerce,Pangandaran
S06947,2024-01-15,CUST-083,PROD-019,229,Distributor,Cirebon Kab.
S06948,2024-11-22,CUST-102,PROD-037,32,E-commerce,Tasikmalaya Kab.
S06949,2024-06-28,CUST-078,PROD-020,184,Modern Trade,Sukabumi Kab.
S06950,2024-05-03,CUST-178,PROD-002,30,Traditional Trade,Karawang
S06951,2024-06-21,CUST-124,PROD-007,6,E-commerce,Garut Kab.
S06952,2024-08-26,CUST-140,PROD-033,35,E-commerce,Bekasi
S06953,2024-01-05,CUST-184,PROD-006,282,Distributor,Sukabumi Kab.
S06954,2024-11-23,CUST-120,PROD-007,200,Modern Trade,Cimahi
S06955,2024-06-01,CUST-015,PROD-018,14,E-commerce,Bogor Kab.
S06956,2024-04-17,CUST-083,PROD-029,115,Distributor,Cirebon Kab.
S06957,2024-02-21,CUST-168,PROD-019,40,E-commerce,Majalengka
S06958,2024-05-28,CUST-169,PROD-025,145,Traditional Trade,Ciamis
S06959,2024-06-21,CUST-197,PROD-004,228,Distributor,Bandung
S06960,2024-05-06,CUST-197,PROD-013,310,Distributor,Bandung
S06961,2024-08-30,CUST-006,PROD-032,23,Traditional Trade,Pangandaran
S06962,2024-05-16,CUST-067,PROD-027,20,E-commerce,Purwakarta
S06963,2024-12-20,CUST-161,PROD-034,296,Modern Trade,Purwakarta
S06964,2024-08-01,CUST-171,PROD-028,109,Traditional Trade,Bekasi
S06965,2024-11-03,CUST-122,PROD-009,48,Traditional Trade,Bogor
S06966,2024-02-11,CUST-149,PROD-008,4,E-commerce,Bekasi
S06967,2024-05-02,CUST-084,PROD-021,204,Modern Trade,Bandung Barat
S06968,2024-04-15,CUST-193,PROD-030,58,Modern Trade,Tasikmalaya Kab.
S06969,2024-07-20,CUST-111,PROD-029,108,Distributor,Sukabumi
S06970,2024-11-19,CUST-145,PROD-009,136,Traditional Trade,Garut Kab.
S06971,2024-01-31,CUST-136,PROD-013,422,Distributor,Indramayu
S06972,2024-01-28,CUST-064,PROD-018,139,Traditional Trade,Depok
S06973,2024-11-16,CUST-126,PROD-038,93,Traditional Trade,Sukabumi Kab.
S06974,2024-03-14,CUST-028,PROD-022,280,Modern Trade,Cirebon Kab.
S06975,2024-08-27,CUST-098,PROD-031,272,Modern Trade,Sumedang
S06976,2024-07-10,CUST-141,PROD-035,480,Distributor,Bogor
S06977,2024-11-11,CUST-013,PROD-010,165,Distributor,Cianjur
S06978,2024-02-17,CUST-166,PROD-009,205,Modern Trade,Garut
S06979,2024-02-18,CUST-153,PROD-031,403,Distributor,Bandung
S06980,2024-07-15,CUST-190,PROD-040,45,E-commerce,Cirebon Kab.
S06981,2024-12-15,CUST-151,PROD-024,112,Traditional Trade,Subang
S06982,2024-05-13,CUST-086,PROD-008,110,Traditional Trade,Bogor Kab.
S06983,2024-04-13,CUST-021,PROD-020,56,Modern Trade,Bandung Barat
S06984,2024-08-04,CUST-182,PROD-017,57,Traditional Trade,Banjar
S06985,2024-12-10,CUST-063,PROD-028,137,Traditional Trade,Purwakarta
S06986,2024-11-12,CUST-158,PROD-006,64,Traditional Trade,Depok
S06987,2024-12-30,CUST-196,PROD-033,81,Traditional Trade,Depok
S06988,2024-01-09,CUST-111,PROD-028,111,Distributor,Sukabumi
S06989,2024-02-12,CUST-076,PROD-001,108,Distributor,Bekasi Kab.
S06990,2024-08-05,CUST-073,PROD-035,46,E-commerce,Cimahi
S06991,2024-11-07,CUST-160,PROD-024,60,Traditional Trade,Sukabumi
S06992,2024-04-02,CUST-152,PROD-006,127,Distributor,Bogor
S06993,2024-03-21,CUST-007,PROD-007,231,Modern Trade,Depok
S06994,2024-10-25,CUST-072,PROD-009,96,Distributor,Sumedang
S06995,2024-01-22,CUST-129,PROD-037,142,Traditional Trade,Sukabumi
S06996,2024-04-24,CUST-131,PROD-016,28,Traditional Trade,Sukabumi
S06997,2024-06-25,CUST-104,PROD-034,29,E-commerce,Karawang
S06998,2024-07-17,CUST-028,PROD-035,144,Modern Trade,Cirebon Kab.
S06999,2024-09-25,CUST-043,PROD-035,290,Modern Trade,Ciamis
S07000,2024-04-20,CUST-097,PROD-020,40,Traditional Trade,Karawang
S07001,2024-08-06,CUST-046,PROD-023,238,Distributor,Bekasi
S07002,2024-07-27,CUST-001,PROD-035,75,Traditional Trade,Depok
S07003,2024-07-12,CUST-166,PROD-023,215,Modern Trade,Garut
S07004,2024-08-16,CUST-102,PROD-004,50,E-commerce,Tasikmalaya Kab.
S07005,2024-03-26,CUST-035,PROD-010,355,Distributor,Garut Kab.
S07006,2024-02-02,CUST-054,PROD-011,30,E-commerce,Tasikmalaya
S07007,2024-02-14,CUST-024,PROD-040,137,Modern Trade,Bekasi Kab.
S07008,2024-03-17,CUST-156,PROD-009,1,E-commerce,Kuningan
S07009,2024-06-22,CUST-022,PROD-040,279,Distributor,Cianjur
S07010,2024-11-13,CUST-016,PROD-012,41,E-commerce,Cimahi
S07011,2024-09-11,CUST-013,PROD-017,330,Distributor,Cianjur
S07012,2024-10-26,CUST-100,PROD-032,140,Traditional Trade,Pangandaran
S07013,2024-04-19,CUST-100,PROD-023,60,Traditional Trade,Pangandaran
S07014,2024-05-06,CUST-062,PROD-015,20,E-commerce,Ciamis
S07015,2024-04-30,CUST-171,PROD-028,72,Traditional Trade,Bekasi
S07016,2024-03-09,CUST-087,PROD-038,70,Distributor,Subang
S07017,2024-01-24,CUST-078,PROD-005,19,Modern Trade,Sukabumi Kab.
S07018,2024-07-29,CUST-160,PROD-040,91,Traditional Trade,Sukabumi
S07019,2024-12-28,CUST-067,PROD-018,33,E-commerce,Purwakarta
S07020,2024-03-02,CUST-091,PROD-021,212,Modern Trade,Subang
S07021,2024-01-18,CUST-185,PROD-015,8,Traditional Trade,Karawang
S07022,2024-10-21,CUST-193,PROD-003,32,Modern Trade,Tasikmalaya Kab.
S07023,2024-03-24,CUST-197,PROD-026,246,Distributor,Bandung
S07024,2024-11-10,CUST-177,PROD-015,57,Traditional Trade,Bogor Kab.
S07025,2024-09-12,CUST-033,PROD-020,418,Distributor,Majalengka
S07026,2024-12-15,CUST-115,PROD-021,283,Modern Trade,Cimahi
S07027,2024-05-09,CUST-019,PROD-026,21,Traditional Trade,Banjar
S07028,2024-08-24,CUST-164,PROD-023,111,Traditional Trade,Sukabumi Kab.
S07029,2024-06-08,CUST-198,PROD-025,418,Distributor,Bandung
S07030,2024-08-13,CUST-124,PROD-004,8,E-commerce,Garut Kab.
S07031,2024-06-02,CUST-143,PROD-010,489,Distributor,Cimahi
S07032,2024-03-08,CUST-120,PROD-022,224,Modern Trade,Cimahi
S07033,2024-06-26,CUST-097,PROD-003,6,Traditional Trade,Karawang
S07034,2024-07-04,CUST-024,PROD-019,130,Modern Trade,Bekasi Kab.
S07035,2024-11-04,CUST-027,PROD-031,112,Modern Trade,Bandung
S07036,2024-09-28,CUST-177,PROD-009,57,Traditional Trade,Bogor Kab.
S07037,2024-08-25,CUST-075,PROD-029,215,Distributor,Bandung Barat
S07038,2024-02-12,CUST-023,PROD-037,54,Traditional Trade,Cirebon Kab.
S07039,2024-09-21,CUST-161,PROD-007,176,Modern Trade,Purwakarta
S07040,2024-06-22,CUST-041,PROD-038,50,E-commerce,Cirebon Kab.
S07041,2024-11-29,CUST-056,PROD-024,112,Traditional Trade,Sumedang
S07042,2024-12-07,CUST-157,PROD-008,43,Traditional Trade,Subang
S07043,2024-01-22,CUST-159,PROD-034,80,Modern Trade,Garut Kab.
S07044,2024-11-07,CUST-193,PROD-026,137,Modern Trade,Tasikmalaya Kab.
S07045,2024-01-15,CUST-098,PROD-028,42,Modern Trade,Sumedang
S07046,2024-04-23,CUST-146,PROD-028,29,E-commerce,Bogor
S07047,2024-07-09,CUST-006,PROD-007,78,Traditional Trade,Pangandaran
S07048,2024-02-25,CUST-180,PROD-003,315,Distributor,Garut Kab.
S07049,2024-10-04,CUST-040,PROD-022,213,Modern Trade,Garut
S07050,2024-01-04,CUST-193,PROD-038,204,Modern Trade,Tasikmalaya Kab.
S07051,2024-03-03,CUST-042,PROD-018,135,Traditional Trade,Kuningan
S07052,2024-07-25,CUST-196,PROD-012,113,Traditional Trade,Depok
S07053,2024-09-17,CUST-032,PROD-031,208,Distributor,Tasikmalaya
S07054,2024-12-06,CUST-010,PROD-039,27,E-commerce,Kuningan
S07055,2024-09-13,CUST-069,PROD-005,76,Distributor,Subang
S07056,2024-08-28,CUST-009,PROD-029,115,Traditional Trade,Garut
S07057,2024-04-30,CUST-069,PROD-036,314,Distributor,Subang
S07058,2024-01-01,CUST-189,PROD-014,6,E-commerce,Cirebon Kab.
S07059,2024-02-15,CUST-139,PROD-018,138,Traditional Trade,Cianjur
S07060,2024-07-06,CUST-099,PROD-007,30,Traditional Trade,Purwakarta
S07061,2024-08-29,CUST-196,PROD-023,47,Traditional Trade,Depok
S07062,2024-05-14,CUST-074,PROD-033,19,E-commerce,Bogor Kab.
S07063,2024-09-26,CUST-103,PROD-016,20,Traditional Trade,Tasikmalaya
S07064,2024-07-01,CUST-123,PROD-037,41,E-commerce,Bandung
S07065,2024-01-29,CUST-102,PROD-025,23,E-commerce,Tasikmalaya Kab.
S07066,2024-03-09,CUST-008,PROD-009,212,Modern Trade,Tasikmalaya Kab.
S07067,2024-11-13,CUST-177,PROD-028,63,Traditional Trade,Bogor Kab.
S07068,2024-09-23,CUST-152,PROD-009,97,Distributor,Bogor
S07069,2024-11-30,CUST-161,PROD-012,157,Modern Trade,Purwakarta
S07070,2024-02-14,CUST-019,PROD-018,25,Traditional Trade,Banjar
S07071,2024-12-29,CUST-002,PROD-027,28,E-commerce,Ciamis
S07072,2024-03-13,CUST-055,PROD-026,187,Modern Trade,Subang
S07073,2024-01-05,CUST-139,PROD-026,37,Traditional Trade,Cianjur
S07074,2024-12-31,CUST-017,PROD-010,118,Traditional Trade,Cianjur
S07075,2024-04-01,CUST-170,PROD-017,227,Modern Trade,Bogor Kab.
S07076,2024-08-26,CUST-061,PROD-032,487,Distributor,Bandung Barat
S07077,2024-03-05,CUST-131,PROD-024,14,Traditional Trade,Sukabumi
S07078,2024-07-25,CUST-086,PROD-008,77,Traditional Trade,Bogor Kab.
S07079,2024-12-02,CUST-035,PROD-030,85,Distributor,Garut Kab.
S07080,2024-04-11,CUST-103,PROD-026,79,Traditional Trade,Tasikmalaya
S07081,2024-08-27,CUST-066,PROD-024,144,Modern Trade,Cimahi
S07082,2024-03-08,CUST-001,PROD-027,119,Traditional Trade,Depok
S07083,2024-08-11,CUST-135,PROD-015,281,Modern Trade,Bandung
S07084,2024-04-15,CUST-148,PROD-028,26,E-commerce,Bogor
S07085,2024-03-14,CUST-171,PROD-011,49,Traditional Trade,Bekasi
S07086,2024-04-09,CUST-119,PROD-039,31,Traditional Trade,Majalengka
S07087,2024-03-05,CUST-134,PROD-002,26,Traditional Trade,Bandung Barat
S07088,2024-12-02,CUST-055,PROD-009,152,Modern Trade,Subang
S07089,2024-05-02,CUST-100,PROD-023,12,Traditional Trade,Pangandaran
S07090,2024-03-23,CUST-021,PROD-033,125,Modern Trade,Bandung Barat
S07091,2024-06-01,CUST-051,PROD-019,281,Modern Trade,Depok
S07092,2024-04-11,CUST-174,PROD-013,225,Distributor,Karawang
S07093,2024-10-03,CUST-163,PROD-014,117,Traditional Trade,Tasikmalaya Kab.
S07094,2024-12-23,CUST-100,PROD-032,61,Traditional Trade,Pangandaran
S07095,2024-05-27,CUST-008,PROD-022,238,Modern Trade,Tasikmalaya Kab.
S07096,2024-11-19,CUST-068,PROD-020,44,E-commerce,Bogor
S07097,2024-07-19,CUST-107,PROD-033,75,Traditional Trade,Karawang
S07098,2024-02-28,CUST-144,PROD-005,41,Traditional Trade,Banjar
S07099,2024-09-05,CUST-067,PROD-020,26,E-commerce,Purwakarta
S07100,2024-06-28,CUST-199,PROD-014,128,Traditional Trade,Tasikmalaya
S07101,2024-08-20,CUST-192,PROD-027,32,Traditional Trade,Cirebon
S07102,2024-11-28,CUST-002,PROD-026,4,E-commerce,Ciamis
S07103,2024-05-28,CUST-001,PROD-032,117,Traditional Trade,Depok
S07104,2024-12-02,CUST-186,PROD-030,50,Traditional Trade,Tasikmalaya
S07105,2024-10-06,CUST-001,PROD-027,104,Traditional Trade,Depok
S07106,2024-06-18,CUST-102,PROD-026,26,E-commerce,Tasikmalaya Kab.
S07107,2024-08-03,CUST-115,PROD-018,84,Modern Trade,Cimahi
S07108,2024-04-12,CUST-135,PROD-023,221,Modern Trade,Bandung
S07109,2024-12-27,CUST-088,PROD-024,486,Distributor,Indramayu
S07110,2024-08-26,CUST-197,PROD-004,240,Distributor,Bandung
S07111,2024-01-17,CUST-092,PROD-003,116,Traditional Trade,Kuningan
S07112,2024-04-13,CUST-018,PROD-030,67,Traditional Trade,Bogor
S07113,2024-08-10,CUST-088,PROD-016,161,Distributor,Indramayu
S07114,2024-01-22,CUST-160,PROD-007,147,Traditional Trade,Sukabumi
S07115,2024-01-10,CUST-173,PROD-039,108,Modern Trade,Depok
S07116,2024-06-02,CUST-033,PROD-022,314,Distributor,Majalengka
S07117,2024-04-14,CUST-073,PROD-031,33,E-commerce,Cimahi
S07118,2024-05-27,CUST-177,PROD-013,79,Traditional Trade,Bogor Kab.
S07119,2024-03-27,CUST-161,PROD-029,287,Modern Trade,Purwakarta
S07120,2024-03-02,CUST-199,PROD-028,41,Traditional Trade,Tasikmalaya
S07121,2024-09-04,CUST-196,PROD-019,61,Traditional Trade,Depok
S07122,2024-06-28,CUST-028,PROD-023,258,Modern Trade,Cirebon Kab.
S07123,2024-03-11,CUST-087,PROD-008,493,Distributor,Subang
S07124,2024-04-11,CUST-053,PROD-025,118,Traditional Trade,Bogor Kab.
S07125,2024-07-30,CUST-044,PROD-038,149,Modern Trade,Tasikmalaya
S07126,2024-01-28,CUST-080,PROD-038,440,Distributor,Banjar
S07127,2024-02-25,CUST-183,PROD-035,107,Traditional Trade,Bandung Barat
S07128,2024-01-29,CUST-138,PROD-026,50,Modern Trade,Kuningan
S07129,2024-11-05,CUST-014,PROD-003,109,Traditional Trade,Pangandaran
S07130,2024-10-07,CUST-103,PROD-002,110,Traditional Trade,Tasikmalaya
S07131,2024-10-08,CUST-036,PROD-005,48,Traditional Trade,Sukabumi Kab.
S07132,2024-09-18,CUST-034,PROD-020,139,Modern Trade,Garut Kab.
S07133,2024-08-27,CUST-088,PROD-012,475,Distributor,Indramayu
S07134,2024-06-13,CUST-146,PROD-038,35,E-commerce,Bogor
S07135,2024-08-17,CUST-016,PROD-016,33,E-commerce,Cimahi
S07136,2024-01-15,CUST-165,PROD-037,149,Traditional Trade,Karawang
S07137,2024-08-10,CUST-041,PROD-038,22,E-commerce,Cirebon Kab.
S07138,2024-10-20,CUST-025,PROD-036,5,Traditional Trade,Bandung Barat
S07139,2024-06-23,CUST-126,PROD-029,98,Traditional Trade,Sukabumi Kab.
S07140,2024-04-21,CUST-008,PROD-035,191,Modern Trade,Tasikmalaya Kab.
S07141,2024-03-31,CUST-112,PROD-037,18,Traditional Trade,Cianjur
S07142,2024-08-17,CUST-094,PROD-021,149,Distributor,Cimahi
S07143,2024-09-06,CUST-084,PROD-021,234,Modern Trade,Bandung Barat
S07144,2024-11-22,CUST-146,PROD-028,38,E-commerce,Bogor
S07145,2024-04-17,CUST-068,PROD-006,39,E-commerce,Bogor
S07146,2024-10-16,CUST-176,PROD-020,62,Modern Trade,Cirebon
S07147,2024-07-17,CUST-198,PROD-036,55,Distributor,Bandung
S07148,2024-11-26,CUST-067,PROD-013,26,E-commerce,Purwakarta
S07149,2024-07-04,CUST-146,PROD-040,24,E-commerce,Bogor
S07150,2024-06-29,CUST-111,PROD-011,82,Distributor,Sukabumi
S07151,2024-07-24,CUST-018,PROD-024,76,Traditional Trade,Bogor
S07152,2024-10-06,CUST-056,PROD-019,48,Traditional Trade,Sumedang
S07153,2024-12-21,CUST-151,PROD-023,111,Traditional Trade,Subang
S07154,2024-01-29,CUST-035,PROD-031,339,Distributor,Garut Kab.
S07155,2024-01-21,CUST-134,PROD-037,6,Traditional Trade,Bandung Barat
S07156,2024-12-13,CUST-118,PROD-037,8,E-commerce,Garut
S07157,2024-07-04,CUST-026,PROD-003,25,E-commerce,Pangandaran
S07158,2024-08-07,CUST-061,PROD-034,170,Distributor,Bandung Barat
S07159,2024-06-15,CUST-088,PROD-029,337,Distributor,Indramayu
S07160,2024-02-05,CUST-015,PROD-003,30,E-commerce,Bogor Kab.
S07161,2024-10-15,CUST-091,PROD-015,16,Modern Trade,Subang
S07162,2024-10-05,CUST-032,PROD-007,481,Distributor,Tasikmalaya
S07163,2024-04-09,CUST-140,PROD-003,24,E-commerce,Bekasi
S07164,2024-04-07,CUST-133,PROD-016,231,Distributor,Cirebon Kab.
S07165,2024-11-12,CUST-064,PROD-034,134,Traditional Trade,Depok
S07166,2024-01-28,CUST-199,PROD-020,39,Traditional Trade,Tasikmalaya
S07167,2024-11-25,CUST-086,PROD-039,102,Traditional Trade,Bogor Kab.
S07168,2024-03-26,CUST-155,PROD-033,327,Distributor,Tasikmalaya Kab.
S07169,2024-07-30,CUST-045,PROD-014,63,Traditional Trade,Bogor
S07170,2024-12-12,CUST-035,PROD-035,482,Distributor,Garut Kab.
S07171,2024-08-30,CUST-026,PROD-011,21,E-commerce,Pangandaran
S07172,2024-05-12,CUST-023,PROD-020,144,Traditional Trade,Cirebon Kab.
S07173,2024-09-05,CUST-141,PROD-030,316,Distributor,Bogor
S07174,2024-04-17,CUST-131,PROD-028,126,Traditional Trade,Sukabumi
S07175,2024-03-31,CUST-029,PROD-015,18,Traditional Trade,Tasikmalaya Kab.
S07176,2024-12-30,CUST-194,PROD-038,42,Modern Trade,Kuningan
S07177,2024-10-06,CUST-064,PROD-013,106,Traditional Trade,Depok
S07178,2024-08-18,CUST-156,PROD-035,13,E-commerce,Kuningan
S07179,2024-04-20,CUST-164,PROD-024,30,Traditional Trade,Sukabumi Kab.
S07180,2024-01-19,CUST-113,PROD-001,246,Modern Trade,Bandung
S07181,2024-01-12,CUST-134,PROD-024,69,Traditional Trade,Bandung Barat
S07182,2024-07-14,CUST-139,PROD-027,50,Traditional Trade,Cianjur
S07183,2024-10-12,CUST-166,PROD-018,136,Modern Trade,Garut
S07184,2024-07-07,CUST-118,PROD-026,45,E-commerce,Garut
S07185,2024-11-13,CUST-162,PROD-029,98,Traditional Trade,Purwakarta
S07186,2024-01-13,CUST-067,PROD-008,10,E-commerce,Purwakarta
S07187,2024-04-23,CUST-108,PROD-026,132,Traditional Trade,Bandung
S07188,2024-03-20,CUST-174,PROD-005,123,Distributor,Karawang
S07189,2024-06-01,CUST-086,PROD-033,144,Traditional Trade,Bogor Kab.
S07190,2024-01-28,CUST-029,PROD-040,106,Traditional Trade,Tasikmalaya Kab.
S07191,2024-12-18,CUST-060,PROD-005,51,Traditional Trade,Pangandaran
S07192,2024-03-17,CUST-054,PROD-036,37,E-commerce,Tasikmalaya
S07193,2024-12-08,CUST-093,PROD-013,305,Distributor,Tasikmalaya
S07194,2024-05-19,CUST-069,PROD-017,474,Distributor,Subang
S07195,2024-12-27,CUST-117,PROD-013,27,E-commerce,Cirebon
S07196,2024-07-14,CUST-009,PROD-025,90,Traditional Trade,Garut
S07197,2024-12-11,CUST-126,PROD-002,72,Traditional Trade,Sukabumi Kab.
S07198,2024-01-03,CUST-077,PROD-024,173,Modern Trade,Banjar
S07199,2024-10-05,CUST-010,PROD-036,45,E-commerce,Kuningan
S07200,2024-12-02,CUST-102,PROD-025,14,E-commerce,Tasikmalaya Kab.
S07201,2024-02-22,CUST-196,PROD-034,144,Traditional Trade,Depok
S07202,2024-02-06,CUST-058,PROD-012,45,E-commerce,Sukabumi
S07203,2024-05-19,CUST-113,PROD-019,157,Modern Trade,Bandung
S07204,2024-12-11,CUST-180,PROD-030,350,Distributor,Garut Kab.
S07205,2024-07-10,CUST-162,PROD-037,27,Traditional Trade,Purwakarta
S07206,2024-07-03,CUST-106,PROD-001,495,Distributor,Purwakarta
S07207,2024-02-22,CUST-035,PROD-003,339,Distributor,Garut Kab.
S07208,2024-01-01,CUST-103,PROD-026,25,Traditional Trade,Tasikmalaya
S07209,2024-11-04,CUST-103,PROD-015,141,Traditional Trade,Tasikmalaya
S07210,2024-02-03,CUST-161,PROD-028,19,Modern Trade,Purwakarta
S07211,2024-08-14,CUST-200,PROD-004,45,E-commerce,Garut Kab.
S07212,2024-12-06,CUST-160,PROD-019,34,Traditional Trade,Sukabumi
S07213,2024-03-13,CUST-183,PROD-024,134,Traditional Trade,Bandung Barat
S07214,2024-08-25,CUST-097,PROD-040,100,Traditional Trade,Karawang
S07215,2024-01-31,CUST-136,PROD-006,478,Distributor,Indramayu
S07216,2024-08-03,CUST-174,PROD-016,66,Distributor,Karawang
S07217,2024-03-01,CUST-142,PROD-032,77,Distributor,Cirebon Kab.
S07218,2024-09-29,CUST-136,PROD-030,175,Distributor,Indramayu
S07219,2024-04-06,CUST-106,PROD-035,350,Distributor,Purwakarta
S07220,2024-06-08,CUST-071,PROD-008,21,Traditional Trade,Bogor Kab.
S07221,2024-08-01,CUST-077,PROD-005,196,Modern Trade,Banjar
S07222,2024-03-03,CUST-054,PROD-037,14,E-commerce,Tasikmalaya
S07223,2024-10-02,CUST-021,PROD-012,147,Modern Trade,Bandung Barat
S07224,2024-04-06,CUST-111,PROD-025,386,Distributor,Sukabumi
S07225,2024-08-24,CUST-075,PROD-033,278,Distributor,Bandung Barat
S07226,2024-02-29,CUST-014,PROD-039,22,Traditional Trade,Pangandaran
S07227,2024-09-04,CUST-002,PROD-024,35,E-commerce,Ciamis
S07228,2024-02-18,CUST-189,PROD-011,48,E-commerce,Cirebon Kab.
S07229,2024-05-19,CUST-108,PROD-035,62,Traditional Trade,Bandung
S07230,2024-03-23,CUST-145,PROD-040,119,Traditional Trade,Garut Kab.
S07231,2024-10-05,CUST-078,PROD-001,27,Modern Trade,Sukabumi Kab.
S07232,2024-03-27,CUST-048,PROD-008,41,Traditional Trade,Depok
S07233,2024-11-26,CUST-091,PROD-023,271,Modern Trade,Subang
S07234,2024-11-29,CUST-136,PROD-020,128,Distributor,Indramayu
S07235,2024-03-10,CUST-184,PROD-032,468,Distributor,Sukabumi Kab.
S07236,2024-08-07,CUST-017,PROD-011,109,Traditional Trade,Cianjur
S07237,2024-02-03,CUST-197,PROD-007,396,Distributor,Bandung
S07238,2024-04-30,CUST-012,PROD-030,79,Traditional Trade,Cirebon
S07239,2024-09-17,CUST-166,PROD-039,64,Modern Trade,Garut
S07240,2024-08-23,CUST-146,PROD-013,14,E-commerce,Bogor
S07241,2024-08-11,CUST-026,PROD-003,23,E-commerce,Pangandaran
S07242,2024-04-01,CUST-037,PROD-007,58,Distributor,Indramayu
S07243,2024-04-26,CUST-070,PROD-013,110,Traditional Trade,Majalengka
S07244,2024-02-09,CUST-169,PROD-037,66,Traditional Trade,Ciamis
S07245,2024-09-20,CUST-079,PROD-025,47,E-commerce,Bogor Kab.
S07246,2024-06-24,CUST-170,PROD-023,254,Modern Trade,Bogor Kab.
S07247,2024-09-15,CUST-090,PROD-033,356,Distributor,Cimahi
S07248,2024-03-24,CUST-041,PROD-005,39,E-commerce,Cirebon Kab.
S07249,2024-04-12,CUST-175,PROD-032,284,Modern Trade,Purwakarta
S07250,2024-04-15,CUST-142,PROD-030,374,Distributor,Cirebon Kab.
S07251,2024-01-10,CUST-129,PROD-031,121,Traditional Trade,Sukabumi
S07252,2024-04-16,CUST-017,PROD-013,86,Traditional Trade,Cianjur
S07253,2024-11-02,CUST-183,PROD-005,127,Traditional Trade,Bandung Barat
S07254,2024-11-30,CUST-053,PROD-023,37,Traditional Trade,Bogor Kab.
S07255,2024-06-30,CUST-118,PROD-001,44,E-commerce,Garut
S07256,2024-06-04,CUST-109,PROD-010,17,Traditional Trade,Tasikmalaya
S07257,2024-01-12,CUST-159,PROD-027,82,Modern Trade,Garut Kab.
S07258,2024-11-25,CUST-190,PROD-008,26,E-commerce,Cirebon Kab.
S07259,2024-01-05,CUST-136,PROD-003,230,Distributor,Indramayu
S07260,2024-12-15,CUST-158,PROD-019,133,Traditional Trade,Depok
S07261,2024-06-18,CUST-077,PROD-002,277,Modern Trade,Banjar
S07262,2024-04-17,CUST-080,PROD-031,201,Distributor,Banjar
S07263,2024-12-08,CUST-194,PROD-010,77,Modern Trade,Kuningan
S07264,2024-01-10,CUST-045,PROD-016,139,Traditional Trade,Bogor
S07265,2024-07-25,CUST-018,PROD-037,120,Traditional Trade,Bogor
S07266,2024-07-12,CUST-099,PROD-020,96,Traditional Trade,Purwakarta
S07267,2024-03-16,CUST-173,PROD-003,206,Modern Trade,Depok
S07268,2024-05-21,CUST-147,PROD-035,39,E-commerce,Bandung
S07269,2024-08-21,CUST-068,PROD-034,32,E-commerce,Bogor
S07270,2024-09-24,CUST-083,PROD-021,482,Distributor,Cirebon Kab.
S07271,2024-01-01,CUST-050,PROD-036,464,Distributor,Sukabumi
S07272,2024-12-12,CUST-025,PROD-032,112,Traditional Trade,Bandung Barat
S07273,2024-03-02,CUST-166,PROD-018,88,Modern Trade,Garut
S07274,2024-03-20,CUST-121,PROD-034,3,E-commerce,Bogor
S07275,2024-03-27,CUST-164,PROD-038,114,Traditional Trade,Sukabumi Kab.
S07276,2024-01-15,CUST-068,PROD-003,47,E-commerce,Bogor
S07277,2024-02-16,CUST-056,PROD-003,115,Traditional Trade,Sumedang
S07278,2024-12-27,CUST-039,PROD-027,19,Traditional Trade,Purwakarta
S07279,2024-04-10,CUST-063,PROD-002,55,Traditional Trade,Purwakarta
S07280,2024-02-13,CUST-128,PROD-003,43,E-commerce,Tasikmalaya Kab.
S07281,2024-02-10,CUST-135,PROD-017,219,Modern Trade,Bandung
S07282,2024-09-20,CUST-122,PROD-039,25,Traditional Trade,Bogor
S07283,2024-11-17,CUST-186,PROD-038,45,Traditional Trade,Tasikmalaya
S07284,2024-03-26,CUST-059,PROD-040,3,E-commerce,Tasikmalaya Kab.
S07285,2024-01-09,CUST-048,PROD-019,133,Traditional Trade,Depok
S07286,2024-03-17,CUST-133,PROD-019,454,Distributor,Cirebon Kab.
S07287,2024-01-22,CUST-036,PROD-005,84,Traditional Trade,Sukabumi Kab.
S07288,2024-02-09,CUST-088,PROD-005,148,Distributor,Indramayu
S07289,2024-05-23,CUST-025,PROD-014,109,Traditional Trade,Bandung Barat
S07290,2024-03-19,CUST-173,PROD-027,212,Modern Trade,Depok
S07291,2024-06-29,CUST-019,PROD-036,99,Traditional Trade,Banjar
S07292,2024-03-25,CUST-135,PROD-040,186,Modern Trade,Bandung
S07293,2024-12-13,CUST-186,PROD-035,69,Traditional Trade,Tasikmalaya
S07294,2024-12-03,CUST-066,PROD-021,50,Modern Trade,Cimahi
S07295,2024-07-19,CUST-080,PROD-005,273,Distributor,Banjar
S07296,2024-04-20,CUST-167,PROD-024,76,Modern Trade,Depok
S07297,2024-04-27,CUST-125,PROD-039,32,E-commerce,Bekasi
S07298,2024-05-11,CUST-146,PROD-024,42,E-commerce,Bogor
S07299,2024-09-24,CUST-103,PROD-040,73,Traditional Trade,Tasikmalaya
S07300,2024-06-03,CUST-129,PROD-013,105,Traditional Trade,Sukabumi
S07301,2024-11-18,CUST-191,PROD-038,189,Distributor,Ciamis
S07302,2024-12-15,CUST-131,PROD-001,68,Traditional Trade,Sukabumi
S07303,2024-04-15,CUST-127,PROD-039,112,Traditional Trade,Depok
S07304,2024-07-17,CUST-021,PROD-010,82,Modern Trade,Bandung Barat
S07305,2024-02-06,CUST-126,PROD-002,64,Traditional Trade,Sukabumi Kab.
S07306,2024-03-11,CUST-124,PROD-016,7,E-commerce,Garut Kab.
S07307,2024-05-12,CUST-158,PROD-037,84,Traditional Trade,Depok
S07308,2024-03-12,CUST-011,PROD-016,128,Traditional Trade,Cirebon
S07309,2024-11-24,CUST-022,PROD-023,63,Distributor,Cianjur
S07310,2024-02-29,CUST-111,PROD-026,465,Distributor,Sukabumi
S07311,2024-06-04,CUST-125,PROD-016,8,E-commerce,Bekasi
S07312,2024-08-04,CUST-057,PROD-027,36,Modern Trade,Tasikmalaya Kab.
S07313,2024-09-06,CUST-089,PROD-030,254,Modern Trade,Purwakarta
S07314,2024-04-27,CUST-131,PROD-033,54,Traditional Trade,Sukabumi
S07315,2024-11-22,CUST-158,PROD-032,61,Traditional Trade,Depok
S07316,2024-07-20,CUST-128,PROD-009,3,E-commerce,Tasikmalaya Kab.
S07317,2024-05-28,CUST-045,PROD-011,38,Traditional Trade,Bogor
S07318,2024-01-26,CUST-036,PROD-037,30,Traditional Trade,Sukabumi Kab.
S07319,2024-06-08,CUST-087,PROD-006,299,Distributor,Subang
S07320,2024-11-07,CUST-118,PROD-030,37,E-commerce,Garut
S07321,2024-08-07,CUST-072,PROD-040,473,Distributor,Sumedang
S07322,2024-11-11,CUST-192,PROD-015,119,Traditional Trade,Cirebon
S07323,2024-06-20,CUST-182,PROD-030,90,Traditional Trade,Banjar
S07324,2024-02-14,CUST-068,PROD-018,32,E-commerce,Bogor
S07325,2024-01-06,CUST-178,PROD-012,134,Traditional Trade,Karawang
S07326,2024-04-07,CUST-103,PROD-004,115,Traditional Trade,Tasikmalaya
S07327,2024-09-09,CUST-159,PROD-016,209,Modern Trade,Garut Kab.
S07328,2024-10-27,CUST-029,PROD-023,110,Traditional Trade,Tasikmalaya Kab.
S07329,2024-04-05,CUST-187,PROD-011,284,Modern Trade,Pangandaran
S07330,2024-06-21,CUST-164,PROD-024,37,Traditional Trade,Sukabumi Kab.
S07331,2024-05-16,CUST-105,PROD-022,307,Distributor,Sukabumi
S07332,2024-05-10,CUST-073,PROD-039,3,E-commerce,Cimahi
S07333,2024-03-19,CUST-119,PROD-015,19,Traditional Trade,Majalengka
S07334,2024-02-21,CUST-085,PROD-015,30,Modern Trade,Sukabumi Kab.
S07335,2024-03-10,CUST-195,PROD-010,82,Traditional Trade,Tasikmalaya
S07336,2024-01-22,CUST-089,PROD-028,68,Modern Trade,Purwakarta
S07337,2024-03-10,CUST-089,PROD-036,91,Modern Trade,Purwakarta
S07338,2024-01-04,CUST-076,PROD-017,167,Distributor,Bekasi Kab.
S07339,2024-08-12,CUST-139,PROD-036,117,Traditional Trade,Cianjur
S07340,2024-04-10,CUST-116,PROD-022,39,E-commerce,Cianjur
S07341,2024-12-23,CUST-139,PROD-023,24,Traditional Trade,Cianjur
S07342,2024-03-09,CUST-154,PROD-029,306,Distributor,Bekasi
S07343,2024-04-18,CUST-053,PROD-022,77,Traditional Trade,Bogor Kab.
S07344,2024-04-21,CUST-142,PROD-011,314,Distributor,Cirebon Kab.
S07345,2024-01-04,CUST-064,PROD-036,55,Traditional Trade,Depok
S07346,2024-11-13,CUST-138,PROD-029,175,Modern Trade,Kuningan
S07347,2024-01-13,CUST-031,PROD-032,240,Modern Trade,Cirebon Kab.
S07348,2024-12-13,CUST-036,PROD-014,19,Traditional Trade,Sukabumi Kab.
S07349,2024-11-29,CUST-010,PROD-018,20,E-commerce,Kuningan
S07350,2024-07-07,CUST-026,PROD-038,38,E-commerce,Pangandaran
S07351,2024-07-10,CUST-020,PROD-037,45,Traditional Trade,Pangandaran
S07352,2024-08-21,CUST-125,PROD-034,30,E-commerce,Bekasi
S07353,2024-04-28,CUST-044,PROD-023,163,Modern Trade,Tasikmalaya
S07354,2024-08-19,CUST-062,PROD-032,6,E-commerce,Ciamis
S07355,2024-01-18,CUST-079,PROD-003,39,E-commerce,Bogor Kab.
S07356,2024-01-21,CUST-009,PROD-022,21,Traditional Trade,Garut
S07357,2024-06-05,CUST-071,PROD-023,132,Traditional Trade,Bogor Kab.
S07358,2024-07-12,CUST-090,PROD-004,141,Distributor,Cimahi
S07359,2024-11-27,CUST-024,PROD-013,18,Modern Trade,Bekasi Kab.
S07360,2024-02-09,CUST-140,PROD-032,27,E-commerce,Bekasi
S07361,2024-11-08,CUST-060,PROD-029,50,Traditional Trade,Pangandaran
S07362,2024-03-13,CUST-084,PROD-040,143,Modern Trade,Bandung Barat
S07363,2024-04-30,CUST-120,PROD-040,25,Modern Trade,Cimahi
S07364,2024-04-10,CUST-078,PROD-010,224,Modern Trade,Sukabumi Kab.
S07365,2024-05-04,CUST-016,PROD-013,48,E-commerce,Cimahi
S07366,2024-02-26,CUST-029,PROD-017,91,Traditional Trade,Tasikmalaya Kab.
S07367,2024-06-24,CUST-160,PROD-038,66,Traditional Trade,Sukabumi
S07368,2024-11-01,CUST-119,PROD-002,108,Traditional Trade,Majalengka
S07369,2024-05-29,CUST-035,PROD-017,425,Distributor,Garut Kab.
S07370,2024-06-19,CUST-043,PROD-026,207,Modern Trade,Ciamis
S07371,2024-11-16,CUST-096,PROD-038,107,Distributor,Indramayu
S07372,2024-09-13,CUST-119,PROD-037,146,Traditional Trade,Majalengka
S07373,2024-06-18,CUST-053,PROD-005,82,Traditional Trade,Bogor Kab.
S07374,2024-03-26,CUST-020,PROD-025,115,Traditional Trade,Pangandaran
S07375,2024-11-27,CUST-115,PROD-009,108,Modern Trade,Cimahi
S07376,2024-07-24,CUST-008,PROD-028,15,Modern Trade,Tasikmalaya Kab.
S07377,2024-03-16,CUST-122,PROD-022,27,Traditional Trade,Bogor
S07378,2024-03-29,CUST-042,PROD-029,66,Traditional Trade,Kuningan
S07379,2024-11-02,CUST-077,PROD-035,221,Modern Trade,Banjar
S07380,2024-01-17,CUST-070,PROD-020,21,Traditional Trade,Majalengka
S07381,2024-12-29,CUST-111,PROD-005,133,Distributor,Sukabumi
S07382,2024-02-19,CUST-016,PROD-039,48,E-commerce,Cimahi
S07383,2024-10-30,CUST-069,PROD-032,247,Distributor,Subang
S07384,2024-04-30,CUST-053,PROD-039,108,Traditional Trade,Bogor Kab.
S07385,2024-06-19,CUST-173,PROD-010,37,Modern Trade,Depok
S07386,2024-11-25,CUST-179,PROD-040,190,Distributor,Depok
S07387,2024-05-11,CUST-006,PROD-017,24,Traditional Trade,Pangandaran
S07388,2024-07-08,CUST-123,PROD-037,17,E-commerce,Bandung
S07389,2024-01-19,CUST-033,PROD-015,166,Distributor,Majalengka
S07390,2024-01-01,CUST-015,PROD-009,35,E-commerce,Bogor Kab.
S07391,2024-03-22,CUST-014,PROD-032,113,Traditional Trade,Pangandaran
S07392,2024-08-31,CUST-167,PROD-023,240,Modern Trade,Depok
S07393,2024-02-15,CUST-063,PROD-011,68,Traditional Trade,Purwakarta
S07394,2024-02-12,CUST-005,PROD-013,56,Traditional Trade,Cimahi
S07395,2024-05-10,CUST-121,PROD-018,37,E-commerce,Bogor
S07396,2024-08-19,CUST-090,PROD-009,348,Distributor,Cimahi
S07397,2024-09-16,CUST-107,PROD-005,91,Traditional Trade,Karawang
S07398,2024-03-05,CUST-180,PROD-022,323,Distributor,Garut Kab.
S07399,2024-01-31,CUST-016,PROD-032,36,E-commerce,Cimahi
S07400,2024-12-13,CUST-099,PROD-002,88,Traditional Trade,Purwakarta
S07401,2024-03-27,CUST-166,PROD-021,80,Modern Trade,Garut
S07402,2024-11-17,CUST-053,PROD-028,133,Traditional Trade,Bogor Kab.
S07403,2024-11-20,CUST-077,PROD-024,122,Modern Trade,Banjar
S07404,2024-10-18,CUST-093,PROD-024,342,Distributor,Tasikmalaya
S07405,2024-03-03,CUST-181,PROD-014,49,E-commerce,Garut
S07406,2024-11-07,CUST-174,PROD-037,340,Distributor,Karawang
S07407,2024-10-16,CUST-098,PROD-027,114,Modern Trade,Sumedang
S07408,2024-08-01,CUST-098,PROD-024,300,Modern Trade,Sumedang
S07409,2024-04-15,CUST-143,PROD-006,58,Distributor,Cimahi
S07410,2024-03-27,CUST-059,PROD-026,37,E-commerce,Tasikmalaya Kab.
S07411,2024-02-15,CUST-178,PROD-015,64,Traditional Trade,Karawang
S07412,2024-06-26,CUST-137,PROD-029,42,E-commerce,Kuningan
S07413,2024-07-27,CUST-026,PROD-036,47,E-commerce,Pangandaran
S07414,2024-04-21,CUST-003,PROD-010,25,E-commerce,Purwakarta
S07415,2024-06-12,CUST-100,PROD-028,16,Traditional Trade,Pangandaran
S07416,2024-04-22,CUST-047,PROD-009,239,Modern Trade,Garut
S07417,2024-08-17,CUST-005,PROD-021,75,Traditional Trade,Cimahi
S07418,2024-12-02,CUST-062,PROD-010,7,E-commerce,Ciamis
S07419,2024-03-01,CUST-084,PROD-004,128,Modern Trade,Bandung Barat
S07420,2024-04-27,CUST-133,PROD-004,437,Distributor,Cirebon Kab.
S07421,2024-02-22,CUST-138,PROD-006,112,Modern Trade,Kuningan
S07422,2024-08-11,CUST-080,PROD-026,251,Distributor,Banjar
S07423,2024-09-25,CUST-063,PROD-040,27,Traditional Trade,Purwakarta
S07424,2024-12-11,CUST-025,PROD-016,94,Traditional Trade,Bandung Barat
S07425,2024-03-31,CUST-044,PROD-008,102,Modern Trade,Tasikmalaya
S07426,2024-12-16,CUST-153,PROD-028,313,Distributor,Bandung
S07427,2024-01-25,CUST-158,PROD-016,33,Traditional Trade,Depok
S07428,2024-08-03,CUST-014,PROD-038,57,Traditional Trade,Pangandaran
S07429,2024-01-22,CUST-086,PROD-001,138,Traditional Trade,Bogor Kab.
S07430,2024-11-29,CUST-171,PROD-019,28,Traditional Trade,Bekasi
S07431,2024-07-04,CUST-156,PROD-017,10,E-commerce,Kuningan
S07432,2024-08-27,CUST-019,PROD-028,128,Traditional Trade,Banjar
S07433,2024-11-10,CUST-102,PROD-012,14,E-commerce,Tasikmalaya Kab.
S07434,2024-02-26,CUST-170,PROD-006,61,Modern Trade,Bogor Kab.
S07435,2024-01-15,CUST-020,PROD-007,74,Traditional Trade,Pangandaran
S07436,2024-11-25,CUST-079,PROD-008,4,E-commerce,Bogor Kab.
S07437,2024-04-10,CUST-139,PROD-003,120,Traditional Trade,Cianjur
S07438,2024-02-18,CUST-182,PROD-021,41,Traditional Trade,Banjar
S07439,2024-06-10,CUST-098,PROD-008,48,Modern Trade,Sumedang
S07440,2024-08-01,CUST-121,PROD-028,28,E-commerce,Bogor
S07441,2024-01-12,CUST-152,PROD-030,115,Distributor,Bogor
S07442,2024-03-30,CUST-198,PROD-032,62,Distributor,Bandung
S07443,2024-01-13,CUST-017,PROD-011,64,Traditional Trade,Cianjur
S07444,2024-05-16,CUST-156,PROD-020,41,E-commerce,Kuningan
S07445,2024-11-30,CUST-050,PROD-016,337,Distributor,Sukabumi
S07446,2024-12-26,CUST-183,PROD-025,137,Traditional Trade,Bandung Barat
S07447,2024-08-15,CUST-010,PROD-009,3,E-commerce,Kuningan
S07448,2024-03-01,CUST-149,PROD-039,2,E-commerce,Bekasi
S07449,2024-12-03,CUST-058,PROD-040,14,E-commerce,Sukabumi
S07450,2024-06-29,CUST-162,PROD-040,130,Traditional Trade,Purwakarta
S07451,2024-02-27,CUST-095,PROD-003,44,E-commerce,Pangandaran
S07452,2024-12-08,CUST-107,PROD-016,33,Traditional Trade,Karawang
S07453,2024-10-10,CUST-171,PROD-012,74,Traditional Trade,Bekasi
S07454,2024-09-26,CUST-139,PROD-015,140,Traditional Trade,Cianjur
S07455,2024-09-15,CUST-033,PROD-004,236,Distributor,Majalengka
S07456,2024-03-11,CUST-186,PROD-023,59,Traditional Trade,Tasikmalaya
S07457,2024-03-14,CUST-046,PROD-027,415,Distributor,Bekasi
S07458,2024-09-04,CUST-189,PROD-039,2,E-commerce,Cirebon Kab.
S07459,2024-03-16,CUST-190,PROD-037,26,E-commerce,Cirebon Kab.
S07460,2024-05-27,CUST-129,PROD-013,67,Traditional Trade,Sukabumi
S07461,2024-10-23,CUST-149,PROD-037,17,E-commerce,Bekasi
S07462,2024-10-24,CUST-062,PROD-040,24,E-commerce,Ciamis
S07463,2024-06-03,CUST-192,PROD-021,20,Traditional Trade,Cirebon
S07464,2024-10-28,CUST-087,PROD-029,107,Distributor,Subang
S07465,2024-11-13,CUST-073,PROD-029,50,E-commerce,Cimahi
S07466,2024-08-22,CUST-184,PROD-011,262,Distributor,Sukabumi Kab.
S07467,2024-03-18,CUST-001,PROD-028,21,Traditional Trade,Depok
S07468,2024-03-30,CUST-021,PROD-010,55,Modern Trade,Bandung Barat
S07469,2024-04-10,CUST-022,PROD-005,411,Distributor,Cianjur
S07470,2024-02-14,CUST-182,PROD-025,131,Traditional Trade,Banjar
S07471,2024-03-30,CUST-004,PROD-033,127,Modern Trade,Cirebon
S07472,2024-03-13,CUST-065,PROD-017,185,Modern Trade,Cirebon Kab.
S07473,2024-06-04,CUST-179,PROD-033,117,Distributor,Depok
S07474,2024-12-04,CUST-063,PROD-025,150,Traditional Trade,Purwakarta
S07475,2024-02-09,CUST-143,PROD-033,100,Distributor,Cimahi
S07476,2024-09-21,CUST-036,PROD-009,150,Traditional Trade,Sukabumi Kab.
S07477,2024-09-03,CUST-029,PROD-027,116,Traditional Trade,Tasikmalaya Kab.
S07478,2024-02-06,CUST-180,PROD-025,235,Distributor,Garut Kab.
S07479,2024-12-08,CUST-174,PROD-004,369,Distributor,Karawang
S07480,2024-07-20,CUST-069,PROD-009,248,Distributor,Subang
S07481,2024-04-22,CUST-157,PROD-015,149,Traditional Trade,Subang
S07482,2024-10-09,CUST-111,PROD-016,108,Distributor,Sukabumi
S07483,2024-03-26,CUST-175,PROD-016,204,Modern Trade,Purwakarta
S07484,2024-09-07,CUST-153,PROD-013,192,Distributor,Bandung
S07485,2024-01-16,CUST-144,PROD-014,104,Traditional Trade,Banjar
S07486,2024-11-13,CUST-100,PROD-022,30,Traditional Trade,Pangandaran
S07487,2024-06-01,CUST-041,PROD-021,48,E-commerce,Cirebon Kab.
S07488,2024-08-15,CUST-193,PROD-009,23,Modern Trade,Tasikmalaya Kab.
S07489,2024-03-16,CUST-197,PROD-004,171,Distributor,Bandung
S07490,2024-08-30,CUST-148,PROD-010,17,E-commerce,Bogor
S07491,2024-10-18,CUST-197,PROD-035,314,Distributor,Bandung
S07492,2024-06-12,CUST-164,PROD-009,11,Traditional Trade,Sukabumi Kab.
S07493,2024-08-08,CUST-186,PROD-016,144,Traditional Trade,Tasikmalaya
S07494,2024-06-05,CUST-048,PROD-018,149,Traditional Trade,Depok
S07495,2024-11-29,CUST-130,PROD-010,117,Modern Trade,Depok
S07496,2024-06-21,CUST-157,PROD-021,140,Traditional Trade,Subang
S07497,2024-11-13,CUST-144,PROD-015,95,Traditional Trade,Banjar
S07498,2024-11-01,CUST-163,PROD-015,128,Traditional Trade,Tasikmalaya Kab.
S07499,2024-05-10,CUST-111,PROD-011,219,Distributor,Sukabumi
S07500,2024-03-19,CUST-062,PROD-040,12,E-commerce,Ciamis
S07501,2024-05-07,CUST-107,PROD-037,5,Traditional Trade,Karawang
S07502,2024-11-09,CUST-106,PROD-020,58,Distributor,Purwakarta
S07503,2024-03-18,CUST-132,PROD-034,47,E-commerce,Cimahi
S07504,2024-07-02,CUST-113,PROD-022,289,Modern Trade,Bandung
S07505,2024-11-03,CUST-068,PROD-018,34,E-commerce,Bogor
S07506,2024-04-20,CUST-179,PROD-016,85,Distributor,Depok
S07507,2024-08-17,CUST-089,PROD-005,13,Modern Trade,Purwakarta
S07508,2024-03-23,CUST-161,PROD-001,96,Modern Trade,Purwakarta
S07509,2024-02-11,CUST-078,PROD-019,273,Modern Trade,Sukabumi Kab.
S07510,2024-10-29,CUST-152,PROD-010,140,Distributor,Bogor
S07511,2024-02-07,CUST-075,PROD-021,344,Distributor,Bandung Barat
S07512,2024-03-29,CUST-025,PROD-013,62,Traditional Trade,Bandung Barat
S07513,2024-11-18,CUST-156,PROD-024,12,E-commerce,Kuningan
S07514,2024-04-18,CUST-007,PROD-023,181,Modern Trade,Depok
S07515,2024-12-23,CUST-113,PROD-023,269,Modern Trade,Bandung
S07516,2024-12-25,CUST-036,PROD-011,29,Traditional Trade,Sukabumi Kab.
S07517,2024-03-29,CUST-010,PROD-002,6,E-commerce,Kuningan
S07518,2024-01-16,CUST-113,PROD-006,76,Modern Trade,Bandung
S07519,2024-09-13,CUST-036,PROD-011,122,Traditional Trade,Sukabumi Kab.
S07520,2024-06-03,CUST-018,PROD-015,28,Traditional Trade,Bogor
S07521,2024-02-08,CUST-134,PROD-009,10,Traditional Trade,Bandung Barat
S07522,2024-09-14,CUST-135,PROD-012,106,Modern Trade,Bandung
S07523,2024-01-12,CUST-102,PROD-036,8,E-commerce,Tasikmalaya Kab.
S07524,2024-11-22,CUST-140,PROD-028,33,E-commerce,Bekasi
S07525,2024-02-22,CUST-169,PROD-023,128,Traditional Trade,Ciamis
S07526,2024-02-17,CUST-191,PROD-027,307,Distributor,Ciamis
S07527,2024-03-04,CUST-025,PROD-024,42,Traditional Trade,Bandung Barat
S07528,2024-12-19,CUST-181,PROD-014,40,E-commerce,Garut
S07529,2024-09-06,CUST-033,PROD-035,105,Distributor,Majalengka
S07530,2024-11-01,CUST-087,PROD-027,152,Distributor,Subang
S07531,2024-05-02,CUST-073,PROD-021,39,E-commerce,Cimahi
S07532,2024-04-15,CUST-006,PROD-013,25,Traditional Trade,Pangandaran
S07533,2024-03-20,CUST-190,PROD-008,18,E-commerce,Cirebon Kab.
S07534,2024-06-15,CUST-194,PROD-034,300,Modern Trade,Kuningan
S07535,2024-07-13,CUST-137,PROD-023,11,E-commerce,Kuningan
S07536,2024-08-13,CUST-067,PROD-009,11,E-commerce,Purwakarta
S07537,2024-03-26,CUST-144,PROD-001,71,Traditional Trade,Banjar
S07538,2024-12-16,CUST-093,PROD-036,237,Distributor,Tasikmalaya
S07539,2024-03-03,CUST-108,PROD-016,127,Traditional Trade,Bandung
S07540,2024-12-21,CUST-183,PROD-025,46,Traditional Trade,Bandung Barat
S07541,2024-01-06,CUST-168,PROD-018,30,E-commerce,Majalengka
S07542,2024-06-15,CUST-026,PROD-034,2,E-commerce,Pangandaran
S07543,2024-04-14,CUST-038,PROD-038,299,Distributor,Purwakarta
S07544,2024-06-02,CUST-163,PROD-003,85,Traditional Trade,Tasikmalaya Kab.
S07545,2024-07-21,CUST-196,PROD-020,45,Traditional Trade,Depok
S07546,2024-05-25,CUST-187,PROD-019,29,Modern Trade,Pangandaran
S07547,2024-05-13,CUST-142,PROD-013,58,Distributor,Cirebon Kab.
S07548,2024-09-27,CUST-175,PROD-017,133,Modern Trade,Purwakarta
S07549,2024-09-03,CUST-103,PROD-014,149,Traditional Trade,Tasikmalaya
S07550,2024-11-11,CUST-199,PROD-030,82,Traditional Trade,Tasikmalaya
S07551,2024-03-24,CUST-200,PROD-022,18,E-commerce,Garut Kab.
S07552,2024-08-05,CUST-042,PROD-029,22,Traditional Trade,Kuningan
S07553,2024-07-27,CUST-179,PROD-002,285,Distributor,Depok
S07554,2024-04-24,CUST-147,PROD-008,50,E-commerce,Bandung
S07555,2024-06-17,CUST-066,PROD-014,209,Modern Trade,Cimahi
S07556,2024-04-09,CUST-175,PROD-034,291,Modern Trade,Purwakarta
S07557,2024-02-23,CUST-193,PROD-013,261,Modern Trade,Tasikmalaya Kab.
S07558,2024-03-14,CUST-042,PROD-010,88,Traditional Trade,Kuningan
S07559,2024-02-09,CUST-038,PROD-008,288,Distributor,Purwakarta
S07560,2024-09-01,CUST-141,PROD-007,318,Distributor,Bogor
S07561,2024-08-24,CUST-106,PROD-013,168,Distributor,Purwakarta
S07562,2024-12-17,CUST-172,PROD-026,450,Distributor,Kuningan
S07563,2024-09-25,CUST-152,PROD-032,420,Distributor,Bogor
S07564,2024-01-20,CUST-096,PROD-019,331,Distributor,Indramayu
S07565,2024-11-26,CUST-158,PROD-015,138,Traditional Trade,Depok
S07566,2024-11-20,CUST-070,PROD-002,85,Traditional Trade,Majalengka
S07567,2024-05-30,CUST-038,PROD-037,437,Distributor,Purwakarta
S07568,2024-07-27,CUST-097,PROD-019,93,Traditional Trade,Karawang
S07569,2024-12-24,CUST-108,PROD-033,11,Traditional Trade,Bandung
S07570,2024-07-05,CUST-119,PROD-039,21,Traditional Trade,Majalengka
S07571,2024-12-03,CUST-151,PROD-033,90,Traditional Trade,Subang
S07572,2024-02-01,CUST-074,PROD-001,28,E-commerce,Bogor Kab.
S07573,2024-03-08,CUST-057,PROD-039,15,Modern Trade,Tasikmalaya Kab.
S07574,2024-05-28,CUST-110,PROD-028,83,Modern Trade,Depok
S07575,2024-07-27,CUST-079,PROD-017,50,E-commerce,Bogor Kab.
S07576,2024-11-06,CUST-151,PROD-006,60,Traditional Trade,Subang
S07577,2024-12-28,CUST-036,PROD-020,43,Traditional Trade,Sukabumi Kab.
S07578,2024-04-29,CUST-057,PROD-013,247,Modern Trade,Tasikmalaya Kab.
S07579,2024-01-19,CUST-129,PROD-012,26,Traditional Trade,Sukabumi
S07580,2024-11-01,CUST-200,PROD-030,41,E-commerce,Garut Kab.
S07581,2024-08-03,CUST-003,PROD-021,26,E-commerce,Purwakarta
S07582,2024-03-10,CUST-014,PROD-002,14,Traditional Trade,Pangandaran
S07583,2024-06-20,CUST-034,PROD-018,267,Modern Trade,Garut Kab.
S07584,2024-10-02,CUST-070,PROD-028,52,Traditional Trade,Majalengka
S07585,2024-10-17,CUST-069,PROD-004,347,Distributor,Subang
S07586,2024-06-22,CUST-179,PROD-006,188,Distributor,Depok
S07587,2024-04-07,CUST-104,PROD-038,10,E-commerce,Karawang
S07588,2024-12-24,CUST-029,PROD-009,144,Traditional Trade,Tasikmalaya Kab.
S07589,2024-08-25,CUST-048,PROD-020,146,Traditional Trade,Depok
S07590,2024-05-09,CUST-094,PROD-030,335,Distributor,Cimahi
S07591,2024-04-01,CUST-079,PROD-037,41,E-commerce,Bogor Kab.
S07592,2024-09-26,CUST-117,PROD-038,13,E-commerce,Cirebon
S07593,2024-03-22,CUST-144,PROD-004,42,Traditional Trade,Banjar
S07594,2024-03-03,CUST-185,PROD-038,79,Traditional Trade,Karawang
S07595,2024-07-04,CUST-138,PROD-013,184,Modern Trade,Kuningan
S07596,2024-04-03,CUST-147,PROD-035,39,E-commerce,Bandung
S07597,2024-08-12,CUST-067,PROD-030,43,E-commerce,Purwakarta
S07598,2024-02-14,CUST-164,PROD-004,77,Traditional Trade,Sukabumi Kab.
S07599,2024-08-22,CUST-132,PROD-025,48,E-commerce,Cimahi
S07600,2024-04-01,CUST-075,PROD-031,412,Distributor,Bandung Barat
S07601,2024-01-01,CUST-161,PROD-012,98,Modern Trade,Purwakarta
S07602,2024-02-17,CUST-028,PROD-015,282,Modern Trade,Cirebon Kab.
S07603,2024-12-11,CUST-121,PROD-026,6,E-commerce,Bogor
S07604,2024-11-21,CUST-009,PROD-010,147,Traditional Trade,Garut
S07605,2024-03-20,CUST-134,PROD-012,99,Traditional Trade,Bandung Barat
S07606,2024-10-21,CUST-123,PROD-022,28,E-commerce,Bandung
S07607,2024-08-05,CUST-049,PROD-040,210,Modern Trade,Pangandaran
S07608,2024-12-23,CUST-091,PROD-021,169,Modern Trade,Subang
S07609,2024-04-25,CUST-125,PROD-035,19,E-commerce,Bekasi
S07610,2024-08-31,CUST-076,PROD-007,221,Distributor,Bekasi Kab.
S07611,2024-01-25,CUST-150,PROD-018,74,Traditional Trade,Purwakarta
S07612,2024-05-01,CUST-104,PROD-027,12,E-commerce,Karawang
S07613,2024-12-21,CUST-176,PROD-035,154,Modern Trade,Cirebon
S07614,2024-07-08,CUST-149,PROD-002,39,E-commerce,Bekasi
S07615,2024-04-03,CUST-033,PROD-032,492,Distributor,Majalengka
S07616,2024-02-15,CUST-184,PROD-015,440,Distributor,Sukabumi Kab.
S07617,2024-09-12,CUST-157,PROD-024,67,Traditional Trade,Subang
S07618,2024-08-18,CUST-053,PROD-020,121,Traditional Trade,Bogor Kab.
S07619,2024-04-25,CUST-040,PROD-010,194,Modern Trade,Garut
S07620,2024-12-17,CUST-018,PROD-024,57,Traditional Trade,Bogor
S07621,2024-01-09,CUST-175,PROD-024,197,Modern Trade,Purwakarta
S07622,2024-04-07,CUST-013,PROD-024,92,Distributor,Cianjur
S07623,2024-12-08,CUST-155,PROD-040,250,Distributor,Tasikmalaya Kab.
S07624,2024-04-11,CUST-190,PROD-034,39,E-commerce,Cirebon Kab.
S07625,2024-03-24,CUST-074,PROD-040,4,E-commerce,Bogor Kab.
S07626,2024-07-06,CUST-096,PROD-011,289,Distributor,Indramayu
S07627,2024-11-08,CUST-105,PROD-026,255,Distributor,Sukabumi
S07628,2024-02-09,CUST-173,PROD-001,103,Modern Trade,Depok
S07629,2024-12-14,CUST-131,PROD-030,111,Traditional Trade,Sukabumi
S07630,2024-10-29,CUST-150,PROD-018,95,Traditional Trade,Purwakarta
S07631,2024-03-06,CUST-155,PROD-026,398,Distributor,Tasikmalaya Kab.
S07632,2024-09-16,CUST-183,PROD-009,117,Traditional Trade,Bandung Barat
S07633,2024-04-28,CUST-067,PROD-009,30,E-commerce,Purwakarta
S07634,2024-05-05,CUST-033,PROD-001,395,Distributor,Majalengka
S07635,2024-10-23,CUST-002,PROD-007,30,E-commerce,Ciamis
S07636,2024-12-20,CUST-075,PROD-016,484,Distributor,Bandung Barat
S07637,2024-02-17,CUST-174,PROD-038,443,Distributor,Karawang
S07638,2024-05-16,CUST-074,PROD-011,12,E-commerce,Bogor Kab.
S07639,2024-06-15,CUST-161,PROD-025,176,Modern Trade,Purwakarta
S07640,2024-04-26,CUST-186,PROD-029,142,Traditional Trade,Tasikmalaya
S07641,2024-04-22,CUST-135,PROD-019,219,Modern Trade,Bandung
S07642,2024-01-21,CUST-143,PROD-018,305,Distributor,Cimahi
S07643,2024-09-02,CUST-026,PROD-029,9,E-commerce,Pangandaran
S07644,2024-05-26,CUST-139,PROD-016,14,Traditional Trade,Cianjur
S07645,2024-03-09,CUST-128,PROD-040,40,E-commerce,Tasikmalaya Kab.
S07646,2024-11-06,CUST-166,PROD-008,160,Modern Trade,Garut
S07647,2024-11-02,CUST-027,PROD-034,244,Modern Trade,Bandung
S07648,2024-06-17,CUST-135,PROD-006,225,Modern Trade,Bandung
S07649,2024-04-05,CUST-129,PROD-030,145,Traditional Trade,Sukabumi
S07650,2024-08-16,CUST-021,PROD-034,118,Modern Trade,Bandung Barat
S07651,2024-04-03,CUST-079,PROD-021,25,E-commerce,Bogor Kab.
S07652,2024-03-20,CUST-158,PROD-012,48,Traditional Trade,Depok
S07653,2024-09-26,CUST-094,PROD-006,398,Distributor,Cimahi
S07654,2024-01-16,CUST-008,PROD-039,129,Modern Trade,Tasikmalaya Kab.
S07655,2024-02-06,CUST-083,PROD-006,377,Distributor,Cirebon Kab.
S07656,2024-01-03,CUST-003,PROD-004,34,E-commerce,Purwakarta
S07657,2024-02-27,CUST-055,PROD-009,219,Modern Trade,Subang
S07658,2024-01-27,CUST-143,PROD-005,476,Distributor,Cimahi
S07659,2024-12-30,CUST-036,PROD-010,36,Traditional Trade,Sukabumi Kab.
S07660,2024-04-03,CUST-006,PROD-008,78,Traditional Trade,Pangandaran
S07661,2024-02-25,CUST-121,PROD-023,34,E-commerce,Bogor
S07662,2024-03-21,CUST-042,PROD-004,127,Traditional Trade,Kuningan
S07663,2024-12-12,CUST-050,PROD-037,196,Distributor,Sukabumi
S07664,2024-07-01,CUST-112,PROD-007,88,Traditional Trade,Cianjur
S07665,2024-04-23,CUST-146,PROD-006,34,E-commerce,Bogor
S07666,2024-11-23,CUST-050,PROD-015,236,Distributor,Sukabumi
S07667,2024-05-01,CUST-030,PROD-035,38,E-commerce,Banjar
S07668,2024-04-15,CUST-039,PROD-032,85,Traditional Trade,Purwakarta
S07669,2024-03-13,CUST-116,PROD-014,44,E-commerce,Cianjur
S07670,2024-04-26,CUST-140,PROD-035,5,E-commerce,Bekasi
S07671,2024-04-10,CUST-059,PROD-011,2,E-commerce,Tasikmalaya Kab.
S07672,2024-08-30,CUST-076,PROD-010,346,Distributor,Bekasi Kab.
S07673,2024-04-03,CUST-172,PROD-017,83,Distributor,Kuningan
S07674,2024-07-24,CUST-132,PROD-013,20,E-commerce,Cimahi
S07675,2024-01-26,CUST-164,PROD-034,70,Traditional Trade,Sukabumi Kab.
S07676,2024-03-09,CUST-048,PROD-005,96,Traditional Trade,Depok
S07677,2024-05-08,CUST-142,PROD-010,195,Distributor,Cirebon Kab.
S07678,2024-12-12,CUST-081,PROD-032,53,Modern Trade,Sumedang
S07679,2024-04-26,CUST-049,PROD-012,300,Modern Trade,Pangandaran
S07680,2024-08-25,CUST-067,PROD-013,15,E-commerce,Purwakarta
S07681,2024-03-25,CUST-077,PROD-021,268,Modern Trade,Banjar
S07682,2024-02-17,CUST-137,PROD-033,19,E-commerce,Kuningan
S07683,2024-01-23,CUST-021,PROD-032,224,Modern Trade,Bandung Barat
S07684,2024-04-07,CUST-105,PROD-012,260,Distributor,Sukabumi
S07685,2024-02-28,CUST-072,PROD-035,430,Distributor,Sumedang
S07686,2024-03-04,CUST-016,PROD-036,18,E-commerce,Cimahi
S07687,2024-10-12,CUST-144,PROD-038,87,Traditional Trade,Banjar
S07688,2024-01-07,CUST-028,PROD-028,14,Modern Trade,Cirebon Kab.
S07689,2024-07-16,CUST-179,PROD-013,360,Distributor,Depok
S07690,2024-04-26,CUST-184,PROD-012,318,Distributor,Sukabumi Kab.
S07691,2024-06-25,CUST-080,PROD-022,211,Distributor,Banjar
S07692,2024-07-18,CUST-057,PROD-002,225,Modern Trade,Tasikmalaya Kab.
S07693,2024-04-09,CUST-110,PROD-029,283,Modern Trade,Depok
S07694,2024-04-05,CUST-052,PROD-013,373,Distributor,Sumedang
S07695,2024-09-27,CUST-174,PROD-035,149,Distributor,Karawang
S07696,2024-11-22,CUST-166,PROD-013,180,Modern Trade,Garut
S07697,2024-03-09,CUST-084,PROD-034,261,Modern Trade,Bandung Barat
S07698,2024-02-07,CUST-048,PROD-019,42,Traditional Trade,Depok
S07699,2024-11-30,CUST-127,PROD-009,145,Traditional Trade,Depok
S07700,2024-04-19,CUST-169,PROD-031,129,Traditional Trade,Ciamis
S07701,2024-07-13,CUST-098,PROD-033,287,Modern Trade,Sumedang
S07702,2024-04-21,CUST-118,PROD-027,29,E-commerce,Garut
S07703,2024-02-17,CUST-187,PROD-002,146,Modern Trade,Pangandaran
S07704,2024-07-29,CUST-093,PROD-015,415,Distributor,Tasikmalaya
S07705,2024-07-03,CUST-067,PROD-019,44,E-commerce,Purwakarta
S07706,2024-03-12,CUST-074,PROD-031,4,E-commerce,Bogor Kab.
S07707,2024-06-03,CUST-084,PROD-016,113,Modern Trade,Bandung Barat
S07708,2024-10-30,CUST-194,PROD-015,255,Modern Trade,Kuningan
S07709,2024-07-29,CUST-155,PROD-006,214,Distributor,Tasikmalaya Kab.
S07710,2024-02-06,CUST-160,PROD-014,136,Traditional Trade,Sukabumi
S07711,2024-07-12,CUST-184,PROD-027,345,Distributor,Sukabumi Kab.
S07712,2024-09-11,CUST-010,PROD-038,16,E-commerce,Kuningan
S07713,2024-10-28,CUST-168,PROD-019,11,E-commerce,Majalengka
S07714,2024-08-12,CUST-145,PROD-037,30,Traditional Trade,Garut Kab.
S07715,2024-02-27,CUST-186,PROD-004,99,Traditional Trade,Tasikmalaya
S07716,2024-09-15,CUST-118,PROD-026,34,E-commerce,Garut
S07717,2024-08-30,CUST-097,PROD-009,107,Traditional Trade,Karawang
S07718,2024-01-10,CUST-006,PROD-040,129,Traditional Trade,Pangandaran
S07719,2024-05-11,CUST-167,PROD-015,11,Modern Trade,Depok
S07720,2024-04-14,CUST-018,PROD-037,95,Traditional Trade,Bogor
S07721,2024-08-27,CUST-072,PROD-004,94,Distributor,Sumedang
S07722,2024-03-15,CUST-089,PROD-026,12,Modern Trade,Purwakarta
S07723,2024-07-29,CUST-042,PROD-018,84,Traditional Trade,Kuningan
S07724,2024-12-05,CUST-004,PROD-035,73,Modern Trade,Cirebon
S07725,2024-10-31,CUST-020,PROD-029,139,Traditional Trade,Pangandaran
S07726,2024-12-08,CUST-028,PROD-024,300,Modern Trade,Cirebon Kab.
S07727,2024-12-25,CUST-168,PROD-004,22,E-commerce,Majalengka
S07728,2024-01-05,CUST-193,PROD-021,185,Modern Trade,Tasikmalaya Kab.
S07729,2024-08-10,CUST-104,PROD-039,32,E-commerce,Karawang
S07730,2024-05-11,CUST-044,PROD-007,291,Modern Trade,Tasikmalaya
S07731,2024-11-19,CUST-023,PROD-023,124,Traditional Trade,Cirebon Kab.
S07732,2024-03-24,CUST-185,PROD-040,10,Traditional Trade,Karawang
S07733,2024-12-26,CUST-047,PROD-021,183,Modern Trade,Garut
S07734,2024-08-07,CUST-013,PROD-001,488,Distributor,Cianjur
S07735,2024-10-29,CUST-144,PROD-025,122,Traditional Trade,Banjar
S07736,2024-02-02,CUST-183,PROD-031,89,Traditional Trade,Bandung Barat
S07737,2024-03-06,CUST-095,PROD-038,22,E-commerce,Pangandaran
S07738,2024-10-10,CUST-193,PROD-005,130,Modern Trade,Tasikmalaya Kab.
S07739,2024-01-09,CUST-016,PROD-031,1,E-commerce,Cimahi
S07740,2024-11-06,CUST-119,PROD-001,24,Traditional Trade,Majalengka
S07741,2024-01-06,CUST-165,PROD-030,33,Traditional Trade,Karawang
S07742,2024-08-23,CUST-180,PROD-018,348,Distributor,Garut Kab.
S07743,2024-04-23,CUST-117,PROD-008,33,E-commerce,Cirebon
S07744,2024-08-06,CUST-010,PROD-026,45,E-commerce,Kuningan
S07745,2024-09-08,CUST-122,PROD-040,69,Traditional Trade,Bogor
S07746,2024-04-17,CUST-038,PROD-015,180,Distributor,Purwakarta
S07747,2024-02-10,CUST-044,PROD-019,29,Modern Trade,Tasikmalaya
S07748,2024-01-27,CUST-095,PROD-010,17,E-commerce,Pangandaran
S07749,2024-07-28,CUST-074,PROD-024,37,E-commerce,Bogor Kab.
S07750,2024-07-01,CUST-182,PROD-016,42,Traditional Trade,Banjar
S07751,2024-10-02,CUST-113,PROD-031,244,Modern Trade,Bandung
S07752,2024-06-26,CUST-051,PROD-016,230,Modern Trade,Depok
S07753,2024-05-17,CUST-052,PROD-016,219,Distributor,Sumedang
S07754,2024-05-02,CUST-198,PROD-028,95,Distributor,Bandung
S07755,2024-01-11,CUST-092,PROD-020,64,Traditional Trade,Kuningan
S07756,2024-04-15,CUST-059,PROD-035,32,E-commerce,Tasikmalaya Kab.
S07757,2024-12-24,CUST-013,PROD-009,318,Distributor,Cianjur
S07758,2024-11-23,CUST-169,PROD-040,35,Traditional Trade,Ciamis
S07759,2024-04-13,CUST-012,PROD-010,128,Traditional Trade,Cirebon
S07760,2024-07-28,CUST-050,PROD-018,373,Distributor,Sukabumi
S07761,2024-11-15,CUST-057,PROD-015,125,Modern Trade,Tasikmalaya Kab.
S07762,2024-05-29,CUST-178,PROD-030,66,Traditional Trade,Karawang
S07763,2024-01-07,CUST-119,PROD-032,150,Traditional Trade,Majalengka
S07764,2024-01-29,CUST-057,PROD-040,62,Modern Trade,Tasikmalaya Kab.
S07765,2024-06-27,CUST-182,PROD-027,150,Traditional Trade,Banjar
S07766,2024-12-22,CUST-194,PROD-027,60,Modern Trade,Kuningan
S07767,2024-09-06,CUST-008,PROD-019,178,Modern Trade,Tasikmalaya Kab.
S07768,2024-01-28,CUST-106,PROD-010,406,Distributor,Purwakarta
S07769,2024-03-08,CUST-191,PROD-006,406,Distributor,Ciamis
S07770,2024-10-17,CUST-137,PROD-024,3,E-commerce,Kuningan
S07771,2024-11-13,CUST-188,PROD-009,92,Modern Trade,Bekasi Kab.
S07772,2024-08-08,CUST-120,PROD-027,143,Modern Trade,Cimahi
S07773,2024-08-18,CUST-063,PROD-007,16,Traditional Trade,Purwakarta
S07774,2024-01-11,CUST-072,PROD-006,130,Distributor,Sumedang
S07775,2024-11-09,CUST-131,PROD-033,6,Traditional Trade,Sukabumi
S07776,2024-10-26,CUST-013,PROD-021,358,Distributor,Cianjur
S07777,2024-03-26,CUST-137,PROD-038,25,E-commerce,Kuningan
S07778,2024-09-14,CUST-052,PROD-017,300,Distributor,Sumedang
S07779,2024-03-15,CUST-062,PROD-031,46,E-commerce,Ciamis
S07780,2024-01-16,CUST-119,PROD-037,41,Traditional Trade,Majalengka
S07781,2024-03-11,CUST-109,PROD-011,149,Traditional Trade,Tasikmalaya
S07782,2024-03-05,CUST-008,PROD-028,65,Modern Trade,Tasikmalaya Kab.
S07783,2024-04-16,CUST-095,PROD-005,19,E-commerce,Pangandaran
S07784,2024-05-15,CUST-125,PROD-012,4,E-commerce,Bekasi
S07785,2024-06-26,CUST-173,PROD-003,112,Modern Trade,Depok
S07786,2024-06-13,CUST-053,PROD-038,53,Traditional Trade,Bogor Kab.
S07787,2024-03-29,CUST-063,PROD-002,42,Traditional Trade,Purwakarta
S07788,2024-01-12,CUST-095,PROD-026,45,E-commerce,Pangandaran
S07789,2024-08-04,CUST-081,PROD-002,117,Modern Trade,Sumedang
S07790,2024-05-01,CUST-057,PROD-012,233,Modern Trade,Tasikmalaya Kab.
S07791,2024-04-05,CUST-182,PROD-040,41,Traditional Trade,Banjar
S07792,2024-11-21,CUST-147,PROD-002,27,E-commerce,Bandung
S07793,2024-10-04,CUST-067,PROD-016,32,E-commerce,Purwakarta
S07794,2024-11-18,CUST-046,PROD-030,283,Distributor,Bekasi
S07795,2024-06-20,CUST-094,PROD-036,444,Distributor,Cimahi
S07796,2024-02-19,CUST-138,PROD-004,259,Modern Trade,Kuningan
S07797,2024-09-08,CUST-113,PROD-011,67,Modern Trade,Bandung
S07798,2024-03-12,CUST-093,PROD-024,382,Distributor,Tasikmalaya
S07799,2024-05-29,CUST-146,PROD-018,35,E-commerce,Bogor
S07800,2024-01-25,CUST-140,PROD-027,17,E-commerce,Bekasi
S07801,2024-11-08,CUST-049,PROD-037,263,Modern Trade,Pangandaran
S07802,2024-02-17,CUST-023,PROD-002,150,Traditional Trade,Cirebon Kab.
S07803,2024-12-02,CUST-062,PROD-015,37,E-commerce,Ciamis
S07804,2024-11-20,CUST-011,PROD-011,34,Traditional Trade,Cirebon
S07805,2024-06-08,CUST-073,PROD-027,26,E-commerce,Cimahi
S07806,2024-10-03,CUST-118,PROD-023,16,E-commerce,Garut
S07807,2024-08-09,CUST-184,PROD-035,124,Distributor,Sukabumi Kab.
S07808,2024-11-02,CUST-088,PROD-030,487,Distributor,Indramayu
S07809,2024-05-23,CUST-089,PROD-024,269,Modern Trade,Purwakarta
S07810,2024-10-25,CUST-055,PROD-019,13,Modern Trade,Subang
S07811,2024-06-07,CUST-153,PROD-029,468,Distributor,Bandung
S07812,2024-12-14,CUST-009,PROD-013,89,Traditional Trade,Garut
S07813,2024-06-17,CUST-012,PROD-023,67,Traditional Trade,Cirebon
S07814,2024-06-07,CUST-139,PROD-012,104,Traditional Trade,Cianjur
S07815,2024-10-24,CUST-113,PROD-029,252,Modern Trade,Bandung
S07816,2024-11-07,CUST-166,PROD-006,171,Modern Trade,Garut
S07817,2024-07-14,CUST-156,PROD-023,33,E-commerce,Kuningan
S07818,2024-03-06,CUST-008,PROD-031,187,Modern Trade,Tasikmalaya Kab.
S07819,2024-06-09,CUST-175,PROD-021,261,Modern Trade,Purwakarta
S07820,2024-12-22,CUST-036,PROD-024,46,Traditional Trade,Sukabumi Kab.
S07821,2024-10-08,CUST-125,PROD-008,50,E-commerce,Bekasi
S07822,2024-11-04,CUST-050,PROD-009,391,Distributor,Sukabumi
S07823,2024-01-13,CUST-107,PROD-022,95,Traditional Trade,Karawang
S07824,2024-06-09,CUST-009,PROD-004,32,Traditional Trade,Garut
S07825,2024-08-19,CUST-188,PROD-013,164,Modern Trade,Bekasi Kab.
S07826,2024-11-10,CUST-200,PROD-034,1,E-commerce,Garut Kab.
S07827,2024-01-19,CUST-067,PROD-003,39,E-commerce,Purwakarta
S07828,2024-11-17,CUST-053,PROD-037,95,Traditional Trade,Bogor Kab.
S07829,2024-07-12,CUST-082,PROD-028,273,Modern Trade,Tasikmalaya Kab.
S07830,2024-03-10,CUST-110,PROD-026,130,Modern Trade,Depok
S07831,2024-04-10,CUST-145,PROD-034,50,Traditional Trade,Garut Kab.
S07832,2024-04-01,CUST-053,PROD-015,28,Traditional Trade,Bogor Kab.
S07833,2024-07-05,CUST-156,PROD-008,40,E-commerce,Kuningan
S07834,2024-01-20,CUST-114,PROD-035,484,Distributor,Cirebon Kab.
S07835,2024-02-29,CUST-063,PROD-024,123,Traditional Trade,Purwakarta
S07836,2024-11-05,CUST-143,PROD-037,329,Distributor,Cimahi
S07837,2024-02-19,CUST-019,PROD-004,26,Traditional Trade,Banjar
S07838,2024-03-19,CUST-124,PROD-012,10,E-commerce,Garut Kab.
S07839,2024-06-03,CUST-086,PROD-019,72,Traditional Trade,Bogor Kab.
S07840,2024-06-29,CUST-070,PROD-015,140,Traditional Trade,Majalengka
S07841,2024-10-13,CUST-047,PROD-030,240,Modern Trade,Garut
S07842,2024-06-01,CUST-199,PROD-037,62,Traditional Trade,Tasikmalaya
S07843,2024-10-27,CUST-108,PROD-012,19,Traditional Trade,Bandung
S07844,2024-08-08,CUST-176,PROD-019,273,Modern Trade,Cirebon
S07845,2024-02-12,CUST-020,PROD-034,39,Traditional Trade,Pangandaran
S07846,2024-02-28,CUST-037,PROD-007,218,Distributor,Indramayu
S07847,2024-05-26,CUST-130,PROD-028,57,Modern Trade,Depok
S07848,2024-05-02,CUST-192,PROD-028,100,Traditional Trade,Cirebon
S07849,2024-10-03,CUST-036,PROD-029,75,Traditional Trade,Sukabumi Kab.
S07850,2024-07-25,CUST-133,PROD-037,93,Distributor,Cirebon Kab.
S07851,2024-04-29,CUST-064,PROD-020,101,Traditional Trade,Depok
S07852,2024-03-03,CUST-007,PROD-011,249,Modern Trade,Depok
S07853,2024-03-18,CUST-198,PROD-039,340,Distributor,Bandung
S07854,2024-07-23,CUST-120,PROD-023,292,Modern Trade,Cimahi
S07855,2024-05-18,CUST-022,PROD-020,498,Distributor,Cianjur
S07856,2024-06-28,CUST-046,PROD-020,119,Distributor,Bekasi
S07857,2024-03-03,CUST-168,PROD-011,2,E-commerce,Majalengka
S07858,2024-08-25,CUST-189,PROD-002,7,E-commerce,Cirebon Kab.
S07859,2024-11-17,CUST-110,PROD-013,294,Modern Trade,Depok
S07860,2024-03-26,CUST-046,PROD-013,80,Distributor,Bekasi
S07861,2024-06-19,CUST-028,PROD-015,223,Modern Trade,Cirebon Kab.
S07862,2024-12-24,CUST-087,PROD-031,230,Distributor,Subang
S07863,2024-04-14,CUST-035,PROD-023,251,Distributor,Garut Kab.
S07864,2024-07-31,CUST-129,PROD-022,72,Traditional Trade,Sukabumi
S07865,2024-02-04,CUST-157,PROD-016,29,Traditional Trade,Subang
S07866,2024-08-04,CUST-009,PROD-029,121,Traditional Trade,Garut
S07867,2024-02-04,CUST-009,PROD-020,145,Traditional Trade,Garut
S07868,2024-12-19,CUST-022,PROD-028,386,Distributor,Cianjur
S07869,2024-09-18,CUST-191,PROD-027,473,Distributor,Ciamis
S07870,2024-10-26,CUST-194,PROD-029,169,Modern Trade,Kuningan
S07871,2024-09-12,CUST-186,PROD-005,28,Traditional Trade,Tasikmalaya
S07872,2024-07-29,CUST-070,PROD-038,5,Traditional Trade,Majalengka
S07873,2024-06-02,CUST-183,PROD-038,115,Traditional Trade,Bandung Barat
S07874,2024-11-19,CUST-141,PROD-002,96,Distributor,Bogor
S07875,2024-12-18,CUST-147,PROD-020,36,E-commerce,Bandung
S07876,2024-06-22,CUST-161,PROD-013,207,Modern Trade,Purwakarta
S07877,2024-12-11,CUST-065,PROD-026,51,Modern Trade,Cirebon Kab.
S07878,2024-07-26,CUST-188,PROD-035,99,Modern Trade,Bekasi Kab.
S07879,2024-07-08,CUST-140,PROD-008,25,E-commerce,Bekasi
S07880,2024-06-04,CUST-043,PROD-028,77,Modern Trade,Ciamis
S07881,2024-03-13,CUST-017,PROD-015,74,Traditional Trade,Cianjur
S07882,2024-01-02,CUST-068,PROD-008,46,E-commerce,Bogor
S07883,2024-03-22,CUST-029,PROD-011,130,Traditional Trade,Tasikmalaya Kab.
S07884,2024-06-26,CUST-183,PROD-029,145,Traditional Trade,Bandung Barat
S07885,2024-04-27,CUST-135,PROD-005,31,Modern Trade,Bandung
S07886,2024-06-02,CUST-044,PROD-007,286,Modern Trade,Tasikmalaya
S07887,2024-12-26,CUST-133,PROD-018,448,Distributor,Cirebon Kab.
S07888,2024-04-19,CUST-188,PROD-028,204,Modern Trade,Bekasi Kab.
S07889,2024-06-03,CUST-134,PROD-012,49,Traditional Trade,Bandung Barat
S07890,2024-02-20,CUST-007,PROD-012,120,Modern Trade,Depok
S07891,2024-01-19,CUST-174,PROD-036,258,Distributor,Karawang
S07892,2024-10-19,CUST-185,PROD-029,76,Traditional Trade,Karawang
S07893,2024-07-21,CUST-054,PROD-011,11,E-commerce,Tasikmalaya
S07894,2024-10-12,CUST-046,PROD-006,301,Distributor,Bekasi
S07895,2024-02-26,CUST-138,PROD-021,244,Modern Trade,Kuningan
S07896,2024-07-21,CUST-004,PROD-010,145,Modern Trade,Cirebon
S07897,2024-03-25,CUST-195,PROD-032,58,Traditional Trade,Tasikmalaya
S07898,2024-03-18,CUST-153,PROD-033,178,Distributor,Bandung
S07899,2024-01-05,CUST-091,PROD-017,235,Modern Trade,Subang
S07900,2024-02-19,CUST-061,PROD-003,69,Distributor,Bandung Barat
S07901,2024-04-08,CUST-166,PROD-018,109,Modern Trade,Garut
S07902,2024-02-14,CUST-160,PROD-010,38,Traditional Trade,Sukabumi
S07903,2024-12-27,CUST-151,PROD-039,61,Traditional Trade,Subang
S07904,2024-04-08,CUST-111,PROD-008,275,Distributor,Sukabumi
S07905,2024-02-19,CUST-037,PROD-034,190,Distributor,Indramayu
S07906,2024-03-11,CUST-003,PROD-037,6,E-commerce,Purwakarta
S07907,2024-07-28,CUST-013,PROD-033,341,Distributor,Cianjur
S07908,2024-01-25,CUST-162,PROD-010,95,Traditional Trade,Purwakarta
S07909,2024-11-20,CUST-088,PROD-040,235,Distributor,Indramayu
S07910,2024-12-20,CUST-193,PROD-018,248,Modern Trade,Tasikmalaya Kab.
S07911,2024-03-23,CUST-076,PROD-025,232,Distributor,Bekasi Kab.
S07912,2024-06-02,CUST-008,PROD-036,12,Modern Trade,Tasikmalaya Kab.
S07913,2024-01-09,CUST-083,PROD-002,333,Distributor,Cirebon Kab.
S07914,2024-08-17,CUST-009,PROD-019,126,Traditional Trade,Garut
S07915,2024-05-12,CUST-156,PROD-010,4,E-commerce,Kuningan
S07916,2024-03-29,CUST-078,PROD-003,175,Modern Trade,Sukabumi Kab.
S07917,2024-03-13,CUST-124,PROD-019,34,E-commerce,Garut Kab.
S07918,2024-08-21,CUST-146,PROD-026,20,E-commerce,Bogor
S07919,2024-05-13,CUST-042,PROD-025,145,Traditional Trade,Kuningan
S07920,2024-03-05,CUST-041,PROD-017,47,E-commerce,Cirebon Kab.
S07921,2024-09-04,CUST-198,PROD-010,310,Distributor,Bandung
S07922,2024-07-19,CUST-161,PROD-011,197,Modern Trade,Purwakarta
S07923,2024-11-19,CUST-089,PROD-011,282,Modern Trade,Purwakarta
S07924,2024-02-14,CUST-077,PROD-012,194,Modern Trade,Banjar
S07925,2024-10-25,CUST-054,PROD-040,31,E-commerce,Tasikmalaya
S07926,2024-08-28,CUST-164,PROD-008,96,Traditional Trade,Sukabumi Kab.
S07927,2024-02-13,CUST-097,PROD-024,108,Traditional Trade,Karawang
S07928,2024-09-07,CUST-098,PROD-014,56,Modern Trade,Sumedang
S07929,2024-05-29,CUST-056,PROD-023,148,Traditional Trade,Sumedang
S07930,2024-12-15,CUST-100,PROD-036,98,Traditional Trade,Pangandaran
S07931,2024-02-23,CUST-145,PROD-017,71,Traditional Trade,Garut Kab.
S07932,2024-08-17,CUST-010,PROD-005,33,E-commerce,Kuningan
S07933,2024-04-27,CUST-044,PROD-003,129,Modern Trade,Tasikmalaya
S07934,2024-12-18,CUST-130,PROD-009,143,Modern Trade,Depok
S07935,2024-04-14,CUST-142,PROD-020,246,Distributor,Cirebon Kab.
S07936,2024-12-20,CUST-169,PROD-020,41,Traditional Trade,Ciamis
S07937,2024-12-02,CUST-130,PROD-019,196,Modern Trade,Depok
S07938,2024-03-29,CUST-019,PROD-021,114,Traditional Trade,Banjar
S07939,2024-11-02,CUST-080,PROD-016,236,Distributor,Banjar
S07940,2024-12-30,CUST-089,PROD-033,87,Modern Trade,Purwakarta
S07941,2024-03-24,CUST-001,PROD-005,122,Traditional Trade,Depok
S07942,2024-05-26,CUST-130,PROD-024,134,Modern Trade,Depok
S07943,2024-07-01,CUST-027,PROD-015,11,Modern Trade,Bandung
S07944,2024-04-04,CUST-002,PROD-026,14,E-commerce,Ciamis
S07945,2024-01-06,CUST-179,PROD-025,120,Distributor,Depok
S07946,2024-03-16,CUST-138,PROD-028,221,Modern Trade,Kuningan
S07947,2024-04-01,CUST-019,PROD-033,12,Traditional Trade,Banjar
S07948,2024-05-30,CUST-141,PROD-018,233,Distributor,Bogor
S07949,2024-03-03,CUST-176,PROD-018,173,Modern Trade,Cirebon
S07950,2024-11-23,CUST-114,PROD-038,318,Distributor,Cirebon Kab.
S07951,2024-09-13,CUST-056,PROD-033,43,Traditional Trade,Sumedang
S07952,2024-02-02,CUST-200,PROD-027,38,E-commerce,Garut Kab.
S07953,2024-08-20,CUST-184,PROD-015,130,Distributor,Sukabumi Kab.
S07954,2024-08-21,CUST-178,PROD-013,10,Traditional Trade,Karawang
S07955,2024-12-18,CUST-095,PROD-034,19,E-commerce,Pangandaran
S07956,2024-01-02,CUST-173,PROD-004,114,Modern Trade,Depok
S07957,2024-03-23,CUST-187,PROD-035,37,Modern Trade,Pangandaran
S07958,2024-12-10,CUST-167,PROD-019,56,Modern Trade,Depok
S07959,2024-12-11,CUST-149,PROD-031,8,E-commerce,Bekasi
S07960,2024-09-21,CUST-183,PROD-025,61,Traditional Trade,Bandung Barat
S07961,2024-10-14,CUST-057,PROD-040,64,Modern Trade,Tasikmalaya Kab.
S07962,2024-02-04,CUST-102,PROD-012,15,E-commerce,Tasikmalaya Kab.
S07963,2024-06-28,CUST-169,PROD-012,5,Traditional Trade,Ciamis
S07964,2024-03-19,CUST-070,PROD-025,27,Traditional Trade,Majalengka
S07965,2024-03-06,CUST-082,PROD-033,237,Modern Trade,Tasikmalaya Kab.
S07966,2024-11-04,CUST-049,PROD-037,269,Modern Trade,Pangandaran
S07967,2024-02-20,CUST-172,PROD-028,313,Distributor,Kuningan
S07968,2024-06-10,CUST-163,PROD-009,14,Traditional Trade,Tasikmalaya Kab.
S07969,2024-12-13,CUST-091,PROD-014,125,Modern Trade,Subang
S07970,2024-03-07,CUST-005,PROD-003,104,Traditional Trade,Cimahi
S07971,2024-12-25,CUST-199,PROD-005,20,Traditional Trade,Tasikmalaya
S07972,2024-12-30,CUST-179,PROD-026,207,Distributor,Depok
S07973,2024-07-15,CUST-057,PROD-018,211,Modern Trade,Tasikmalaya Kab.
S07974,2024-03-03,CUST-186,PROD-038,125,Traditional Trade,Tasikmalaya
S07975,2024-04-10,CUST-092,PROD-021,143,Traditional Trade,Kuningan
S07976,2024-05-18,CUST-036,PROD-039,59,Traditional Trade,Sukabumi Kab.
S07977,2024-04-08,CUST-138,PROD-016,269,Modern Trade,Kuningan
S07978,2024-04-01,CUST-178,PROD-040,48,Traditional Trade,Karawang
S07979,2024-12-23,CUST-165,PROD-023,52,Traditional Trade,Karawang
S07980,2024-02-27,CUST-112,PROD-029,103,Traditional Trade,Cianjur
S07981,2024-09-27,CUST-148,PROD-010,34,E-commerce,Bogor
S07982,2024-01-01,CUST-013,PROD-005,75,Distributor,Cianjur
S07983,2024-07-31,CUST-122,PROD-011,107,Traditional Trade,Bogor
S07984,2024-12-06,CUST-109,PROD-029,101,Traditional Trade,Tasikmalaya
S07985,2024-04-03,CUST-147,PROD-027,47,E-commerce,Bandung
S07986,2024-03-07,CUST-092,PROD-034,16,Traditional Trade,Kuningan
S07987,2024-08-21,CUST-102,PROD-014,45,E-commerce,Tasikmalaya Kab.
S07988,2024-09-17,CUST-056,PROD-010,140,Traditional Trade,Sumedang
S07989,2024-09-04,CUST-045,PROD-011,13,Traditional Trade,Bogor
S07990,2024-04-11,CUST-060,PROD-011,5,Traditional Trade,Pangandaran
S07991,2024-03-24,CUST-196,PROD-035,137,Traditional Trade,Depok
S07992,2024-12-18,CUST-185,PROD-019,75,Traditional Trade,Karawang
S07993,2024-12-08,CUST-054,PROD-024,18,E-commerce,Tasikmalaya
S07994,2024-06-05,CUST-037,PROD-001,103,Distributor,Indramayu
S07995,2024-11-15,CUST-037,PROD-012,153,Distributor,Indramayu
S07996,2024-06-03,CUST-014,PROD-014,14,Traditional Trade,Pangandaran
S07997,2024-05-18,CUST-095,PROD-003,40,E-commerce,Pangandaran
S07998,2024-02-28,CUST-172,PROD-032,93,Distributor,Kuningan
S07999,2024-05-20,CUST-102,PROD-016,48,E-commerce,Tasikmalaya Kab.
S08000,2024-07-08,CUST-042,PROD-038,16,Traditional Trade,Kuningan
S08001,2024-01-09,CUST-001,PROD-010,26,Traditional Trade,Depok
S08002,2024-05-30,CUST-023,PROD-017,86,Traditional Trade,Cirebon Kab.
S08003,2024-10-22,CUST-192,PROD-040,146,Traditional Trade,Cirebon
S08004,2024-08-31,CUST-028,PROD-004,61,Modern Trade,Cirebon Kab.
S08005,2024-08-15,CUST-132,PROD-015,31,E-commerce,Cimahi
S08006,2024-12-04,CUST-169,PROD-033,116,Traditional Trade,Ciamis
S08007,2024-01-07,CUST-188,PROD-039,68,Modern Trade,Bekasi Kab.
S08008,2024-07-15,CUST-018,PROD-010,42,Traditional Trade,Bogor
S08009,2024-10-25,CUST-191,PROD-007,325,Distributor,Ciamis
S08010,2024-07-09,CUST-189,PROD-033,14,E-commerce,Cirebon Kab.
S08011,2024-04-12,CUST-049,PROD-017,285,Modern Trade,Pangandaran
S08012,2024-02-21,CUST-047,PROD-012,119,Modern Trade,Garut
S08013,2024-11-27,CUST-115,PROD-017,39,Modern Trade,Cimahi
S08014,2024-06-11,CUST-039,PROD-016,111,Traditional Trade,Purwakarta
S08015,2024-11-25,CUST-006,PROD-014,45,Traditional Trade,Pangandaran
S08016,2024-07-27,CUST-053,PROD-003,88,Traditional Trade,Bogor Kab.
S08017,2024-08-29,CUST-025,PROD-030,75,Traditional Trade,Bandung Barat
S08018,2024-11-02,CUST-099,PROD-035,67,Traditional Trade,Purwakarta
S08019,2024-08-23,CUST-065,PROD-026,104,Modern Trade,Cirebon Kab.
S08020,2024-05-02,CUST-133,PROD-012,334,Distributor,Cirebon Kab.
S08021,2024-06-28,CUST-193,PROD-031,216,Modern Trade,Tasikmalaya Kab.
S08022,2024-11-02,CUST-008,PROD-017,181,Modern Trade,Tasikmalaya Kab.
S08023,2024-04-25,CUST-039,PROD-037,83,Traditional Trade,Purwakarta
S08024,2024-04-29,CUST-111,PROD-008,299,Distributor,Sukabumi
S08025,2024-02-06,CUST-043,PROD-019,227,Modern Trade,Ciamis
S08026,2024-12-06,CUST-082,PROD-026,66,Modern Trade,Tasikmalaya Kab.
S08027,2024-02-04,CUST-123,PROD-004,24,E-commerce,Bandung
S08028,2024-08-19,CUST-133,PROD-015,196,Distributor,Cirebon Kab.
S08029,2024-05-12,CUST-004,PROD-014,243,Modern Trade,Cirebon
S08030,2024-05-07,CUST-108,PROD-030,21,Traditional Trade,Bandung
S08031,2024-08-31,CUST-093,PROD-024,417,Distributor,Tasikmalaya
S08032,2024-01-26,CUST-129,PROD-034,136,Traditional Trade,Sukabumi
S08033,2024-07-30,CUST-094,PROD-019,297,Distributor,Cimahi
S08034,2024-10-17,CUST-056,PROD-003,10,Traditional Trade,Sumedang
S08035,2024-11-09,CUST-173,PROD-004,167,Modern Trade,Depok
S08036,2024-03-03,CUST-193,PROD-011,84,Modern Trade,Tasikmalaya Kab.
S08037,2024-11-30,CUST-003,PROD-013,11,E-commerce,Purwakarta
S08038,2024-08-22,CUST-022,PROD-018,300,Distributor,Cianjur
S08039,2024-11-26,CUST-200,PROD-019,48,E-commerce,Garut Kab.
S08040,2024-06-16,CUST-056,PROD-033,50,Traditional Trade,Sumedang
S08041,2024-07-09,CUST-018,PROD-038,90,Traditional Trade,Bogor
S08042,2024-12-07,CUST-153,PROD-003,397,Distributor,Bandung
S08043,2024-12-01,CUST-176,PROD-035,238,Modern Trade,Cirebon
S08044,2024-06-01,CUST-116,PROD-001,19,E-commerce,Cianjur
S08045,2024-03-30,CUST-084,PROD-035,154,Modern Trade,Bandung Barat
S08046,2024-04-30,CUST-159,PROD-036,59,Modern Trade,Garut Kab.
S08047,2024-04-29,CUST-030,PROD-038,40,E-commerce,Banjar
S08048,2024-04-02,CUST-080,PROD-039,149,Distributor,Banjar
S08049,2024-03-29,CUST-066,PROD-025,229,Modern Trade,Cimahi
S08050,2024-11-19,CUST-010,PROD-040,11,E-commerce,Kuningan
S08051,2024-01-27,CUST-199,PROD-013,126,Traditional Trade,Tasikmalaya
S08052,2024-08-30,CUST-059,PROD-004,14,E-commerce,Tasikmalaya Kab.
S08053,2024-03-04,CUST-051,PROD-006,22,Modern Trade,Depok
S08054,2024-04-17,CUST-123,PROD-011,24,E-commerce,Bandung
S08055,2024-01-24,CUST-137,PROD-001,16,E-commerce,Kuningan
S08056,2024-03-29,CUST-054,PROD-008,28,E-commerce,Tasikmalaya
S08057,2024-10-16,CUST-190,PROD-034,30,E-commerce,Cirebon Kab.
S08058,2024-11-27,CUST-081,PROD-040,181,Modern Trade,Sumedang
S08059,2024-03-16,CUST-137,PROD-009,41,E-commerce,Kuningan
S08060,2024-06-08,CUST-009,PROD-036,67,Traditional Trade,Garut
S08061,2024-06-10,CUST-101,PROD-039,115,Modern Trade,Cianjur
S08062,2024-11-23,CUST-152,PROD-037,238,Distributor,Bogor
S08063,2024-10-13,CUST-039,PROD-021,21,Traditional Trade,Purwakarta
S08064,2024-06-28,CUST-136,PROD-020,99,Distributor,Indramayu
S08065,2024-08-27,CUST-153,PROD-038,298,Distributor,Bandung
S08066,2024-11-15,CUST-110,PROD-001,236,Modern Trade,Depok
S08067,2024-01-04,CUST-066,PROD-035,88,Modern Trade,Cimahi
S08068,2024-05-05,CUST-010,PROD-028,16,E-commerce,Kuningan
S08069,2024-12-03,CUST-117,PROD-007,21,E-commerce,Cirebon
S08070,2024-10-01,CUST-152,PROD-009,66,Distributor,Bogor
S08071,2024-07-10,CUST-083,PROD-001,395,Distributor,Cirebon Kab.
S08072,2024-07-04,CUST-187,PROD-036,260,Modern Trade,Pangandaran
S08073,2024-04-18,CUST-159,PROD-034,93,Modern Trade,Garut Kab.
S08074,2024-07-01,CUST-139,PROD-034,13,Traditional Trade,Cianjur
S08075,2024-08-22,CUST-134,PROD-017,22,Traditional Trade,Bandung Barat
S08076,2024-05-15,CUST-070,PROD-032,79,Traditional Trade,Majalengka
S08077,2024-09-17,CUST-160,PROD-002,76,Traditional Trade,Sukabumi
S08078,2024-11-19,CUST-039,PROD-036,95,Traditional Trade,Purwakarta
S08079,2024-02-27,CUST-176,PROD-025,32,Modern Trade,Cirebon
S08080,2024-06-03,CUST-013,PROD-026,262,Distributor,Cianjur
S08081,2024-05-08,CUST-059,PROD-026,10,E-commerce,Tasikmalaya Kab.
S08082,2024-09-03,CUST-067,PROD-021,38,E-commerce,Purwakarta
S08083,2024-03-24,CUST-184,PROD-018,177,Distributor,Sukabumi Kab.
S08084,2024-08-16,CUST-041,PROD-029,4,E-commerce,Cirebon Kab.
S08085,2024-11-24,CUST-184,PROD-024,134,Distributor,Sukabumi Kab.
S08086,2024-05-15,CUST-035,PROD-028,278,Distributor,Garut Kab.
S08087,2024-12-04,CUST-166,PROD-012,277,Modern Trade,Garut
S08088,2024-12-29,CUST-081,PROD-011,121,Modern Trade,Sumedang
S08089,2024-02-10,CUST-195,PROD-027,120,Traditional Trade,Tasikmalaya
S08090,2024-03-19,CUST-034,PROD-023,247,Modern Trade,Garut Kab.
S08091,2024-12-16,CUST-076,PROD-033,447,Distributor,Bekasi Kab.
S08092,2024-12-19,CUST-070,PROD-016,56,Traditional Trade,Majalengka
S08093,2024-02-07,CUST-011,PROD-028,88,Traditional Trade,Cirebon
S08094,2024-01-06,CUST-112,PROD-028,115,Traditional Trade,Cianjur
S08095,2024-03-01,CUST-027,PROD-038,209,Modern Trade,Bandung
S08096,2024-12-30,CUST-048,PROD-006,65,Traditional Trade,Depok
S08097,2024-03-06,CUST-024,PROD-029,30,Modern Trade,Bekasi Kab.
S08098,2024-06-23,CUST-018,PROD-034,60,Traditional Trade,Bogor
S08099,2024-11-15,CUST-027,PROD-003,300,Modern Trade,Bandung
S08100,2024-01-08,CUST-054,PROD-006,44,E-commerce,Tasikmalaya
S08101,2024-08-03,CUST-055,PROD-038,152,Modern Trade,Subang
S08102,2024-03-31,CUST-120,PROD-013,235,Modern Trade,Cimahi
S08103,2024-11-20,CUST-021,PROD-036,17,Modern Trade,Bandung Barat
S08104,2024-04-02,CUST-187,PROD-015,133,Modern Trade,Pangandaran
S08105,2024-09-03,CUST-115,PROD-006,255,Modern Trade,Cimahi
S08106,2024-08-29,CUST-162,PROD-033,105,Traditional Trade,Purwakarta
S08107,2024-03-16,CUST-120,PROD-012,102,Modern Trade,Cimahi
S08108,2024-01-14,CUST-058,PROD-013,1,E-commerce,Sukabumi
S08109,2024-05-09,CUST-176,PROD-033,263,Modern Trade,Cirebon
S08110,2024-04-03,CUST-054,PROD-028,16,E-commerce,Tasikmalaya
S08111,2024-11-04,CUST-146,PROD-036,42,E-commerce,Bogor
S08112,2024-11-01,CUST-003,PROD-005,31,E-commerce,Purwakarta
S08113,2024-06-05,CUST-152,PROD-025,427,Distributor,Bogor
S08114,2024-08-04,CUST-129,PROD-017,78,Traditional Trade,Sukabumi
S08115,2024-08-03,CUST-006,PROD-037,47,Traditional Trade,Pangandaran
S08116,2024-11-09,CUST-019,PROD-019,30,Traditional Trade,Banjar
S08117,2024-05-19,CUST-086,PROD-035,16,Traditional Trade,Bogor Kab.
S08118,2024-03-30,CUST-115,PROD-034,136,Modern Trade,Cimahi
S08119,2024-03-28,CUST-171,PROD-006,108,Traditional Trade,Bekasi
S08120,2024-07-07,CUST-123,PROD-019,5,E-commerce,Bandung
S08121,2024-06-02,CUST-136,PROD-001,378,Distributor,Indramayu
S08122,2024-05-28,CUST-197,PROD-007,60,Distributor,Bandung
S08123,2024-02-04,CUST-180,PROD-034,352,Distributor,Garut Kab.
S08124,2024-09-20,CUST-073,PROD-019,23,E-commerce,Cimahi
S08125,2024-03-14,CUST-047,PROD-033,218,Modern Trade,Garut
S08126,2024-03-10,CUST-085,PROD-026,224,Modern Trade,Sukabumi Kab.
S08127,2024-05-11,CUST-028,PROD-027,132,Modern Trade,Cirebon Kab.
S08128,2024-03-18,CUST-046,PROD-038,472,Distributor,Bekasi
S08129,2024-07-26,CUST-132,PROD-026,9,E-commerce,Cimahi
S08130,2024-04-24,CUST-120,PROD-035,219,Modern Trade,Cimahi
S08131,2024-06-02,CUST-136,PROD-020,360,Distributor,Indramayu
S08132,2024-07-07,CUST-116,PROD-024,18,E-commerce,Cianjur
S08133,2024-03-12,CUST-061,PROD-021,143,Distributor,Bandung Barat
S08134,2024-02-28,CUST-017,PROD-026,22,Traditional Trade,Cianjur
S08135,2024-11-25,CUST-034,PROD-020,222,Modern Trade,Garut Kab.
S08136,2024-05-24,CUST-020,PROD-006,132,Traditional Trade,Pangandaran
S08137,2024-05-11,CUST-162,PROD-003,45,Traditional Trade,Purwakarta
S08138,2024-01-14,CUST-043,PROD-010,298,Modern Trade,Ciamis
S08139,2024-06-22,CUST-010,PROD-012,43,E-commerce,Kuningan
S08140,2024-07-14,CUST-094,PROD-033,319,Distributor,Cimahi
S08141,2024-07-16,CUST-158,PROD-022,62,Traditional Trade,Depok
S08142,2024-09-14,CUST-115,PROD-016,37,Modern Trade,Cimahi
S08143,2024-03-05,CUST-153,PROD-017,319,Distributor,Bandung
S08144,2024-03-24,CUST-127,PROD-010,78,Traditional Trade,Depok
S08145,2024-11-04,CUST-185,PROD-012,149,Traditional Trade,Karawang
S08146,2024-12-15,CUST-110,PROD-019,171,Modern Trade,Depok
S08147,2024-02-21,CUST-191,PROD-040,295,Distributor,Ciamis
S08148,2024-06-21,CUST-107,PROD-023,18,Traditional Trade,Karawang
S08149,2024-03-14,CUST-105,PROD-040,459,Distributor,Sukabumi
S08150,2024-01-24,CUST-071,PROD-010,28,Traditional Trade,Bogor Kab.
S08151,2024-04-12,CUST-175,PROD-010,232,Modern Trade,Purwakarta
S08152,2024-02-23,CUST-084,PROD-010,79,Modern Trade,Bandung Barat
S08153,2024-09-15,CUST-003,PROD-039,20,E-commerce,Purwakarta
S08154,2024-07-06,CUST-046,PROD-030,472,Distributor,Bekasi
S08155,2024-02-23,CUST-164,PROD-004,125,Traditional Trade,Sukabumi Kab.
S08156,2024-01-04,CUST-026,PROD-001,45,E-commerce,Pangandaran
S08157,2024-11-03,CUST-138,PROD-019,43,Modern Trade,Kuningan
S08158,2024-03-05,CUST-162,PROD-005,75,Traditional Trade,Purwakarta
S08159,2024-08-04,CUST-008,PROD-030,42,Modern Trade,Tasikmalaya Kab.
S08160,2024-04-15,CUST-055,PROD-026,271,Modern Trade,Subang
S08161,2024-07-27,CUST-091,PROD-040,281,Modern Trade,Subang
S08162,2024-04-10,CUST-138,PROD-034,118,Modern Trade,Kuningan
S08163,2024-02-03,CUST-185,PROD-002,27,Traditional Trade,Karawang
S08164,2024-03-17,CUST-114,PROD-024,195,Distributor,Cirebon Kab.
S08165,2024-03-08,CUST-079,PROD-014,14,E-commerce,Bogor Kab.
S08166,2024-05-21,CUST-101,PROD-013,45,Modern Trade,Cianjur
S08167,2024-08-23,CUST-086,PROD-029,19,Traditional Trade,Bogor Kab.
S08168,2024-03-27,CUST-045,PROD-001,9,Traditional Trade,Bogor
S08169,2024-01-05,CUST-050,PROD-034,102,Distributor,Sukabumi
S08170,2024-06-30,CUST-064,PROD-004,52,Traditional Trade,Depok
S08171,2024-08-04,CUST-095,PROD-028,15,E-commerce,Pangandaran
S08172,2024-12-20,CUST-002,PROD-019,11,E-commerce,Ciamis
S08173,2024-07-29,CUST-173,PROD-001,267,Modern Trade,Depok
S08174,2024-06-11,CUST-095,PROD-036,23,E-commerce,Pangandaran
S08175,2024-07-22,CUST-062,PROD-013,24,E-commerce,Ciamis
S08176,2024-12-10,CUST-142,PROD-005,259,Distributor,Cirebon Kab.
S08177,2024-11-09,CUST-074,PROD-033,4,E-commerce,Bogor Kab.
S08178,2024-04-12,CUST-100,PROD-014,83,Traditional Trade,Pangandaran
S08179,2024-03-20,CUST-111,PROD-016,61,Distributor,Sukabumi
S08180,2024-03-27,CUST-104,PROD-032,3,E-commerce,Karawang
S08181,2024-06-24,CUST-015,PROD-027,32,E-commerce,Bogor Kab.
S08182,2024-10-03,CUST-014,PROD-035,40,Traditional Trade,Pangandaran
S08183,2024-06-24,CUST-159,PROD-003,158,Modern Trade,Garut Kab.
S08184,2024-01-26,CUST-157,PROD-004,116,Traditional Trade,Subang
S08185,2024-09-22,CUST-027,PROD-007,207,Modern Trade,Bandung
S08186,2024-11-03,CUST-085,PROD-013,255,Modern Trade,Sukabumi Kab.
S08187,2024-04-03,CUST-009,PROD-003,141,Traditional Trade,Garut
S08188,2024-08-25,CUST-020,PROD-017,48,Traditional Trade,Pangandaran
S08189,2024-05-20,CUST-186,PROD-010,63,Traditional Trade,Tasikmalaya
S08190,2024-11-28,CUST-079,PROD-001,24,E-commerce,Bogor Kab.
S08191,2024-11-15,CUST-177,PROD-028,131,Traditional Trade,Bogor Kab.
S08192,2024-07-03,CUST-057,PROD-010,215,Modern Trade,Tasikmalaya Kab.
S08193,2024-09-06,CUST-144,PROD-007,45,Traditional Trade,Banjar
S08194,2024-11-26,CUST-100,PROD-039,80,Traditional Trade,Pangandaran
S08195,2024-06-21,CUST-075,PROD-003,251,Distributor,Bandung Barat
S08196,2024-04-09,CUST-136,PROD-007,412,Distributor,Indramayu
S08197,2024-10-08,CUST-067,PROD-009,2,E-commerce,Purwakarta
S08198,2024-03-16,CUST-019,PROD-040,99,Traditional Trade,Banjar
S08199,2024-04-29,CUST-105,PROD-035,77,Distributor,Sukabumi
S08200,2024-11-21,CUST-195,PROD-026,148,Traditional Trade,Tasikmalaya
S08201,2024-09-23,CUST-164,PROD-005,63,Traditional Trade,Sukabumi Kab.
S08202,2024-05-06,CUST-188,PROD-013,138,Modern Trade,Bekasi Kab.
S08203,2024-03-15,CUST-164,PROD-030,90,Traditional Trade,Sukabumi Kab.
S08204,2024-04-20,CUST-011,PROD-040,5,Traditional Trade,Cirebon
S08205,2024-04-02,CUST-051,PROD-039,296,Modern Trade,Depok
S08206,2024-03-05,CUST-126,PROD-010,26,Traditional Trade,Sukabumi Kab.
S08207,2024-10-03,CUST-080,PROD-023,275,Distributor,Banjar
S08208,2024-03-24,CUST-183,PROD-011,123,Traditional Trade,Bandung Barat
S08209,2024-06-04,CUST-054,PROD-012,23,E-commerce,Tasikmalaya
S08210,2024-04-28,CUST-017,PROD-013,32,Traditional Trade,Cianjur
S08211,2024-12-26,CUST-190,PROD-040,50,E-commerce,Cirebon Kab.
S08212,2024-04-30,CUST-170,PROD-016,36,Modern Trade,Bogor Kab.
S08213,2024-01-31,CUST-024,PROD-009,138,Modern Trade,Bekasi Kab.
S08214,2024-02-04,CUST-145,PROD-010,128,Traditional Trade,Garut Kab.
S08215,2024-07-29,CUST-048,PROD-029,111,Traditional Trade,Depok
S08216,2024-08-01,CUST-084,PROD-009,104,Modern Trade,Bandung Barat
S08217,2024-05-15,CUST-198,PROD-033,115,Distributor,Bandung
S08218,2024-05-23,CUST-007,PROD-024,186,Modern Trade,Depok
S08219,2024-01-21,CUST-142,PROD-035,324,Distributor,Cirebon Kab.
S08220,2024-06-29,CUST-011,PROD-011,23,Traditional Trade,Cirebon
S08221,2024-06-24,CUST-012,PROD-039,131,Traditional Trade,Cirebon
S08222,2024-02-26,CUST-110,PROD-013,67,Modern Trade,Depok
S08223,2024-02-09,CUST-133,PROD-023,322,Distributor,Cirebon Kab.
S08224,2024-02-16,CUST-133,PROD-025,247,Distributor,Cirebon Kab.
S08225,2024-02-08,CUST-128,PROD-016,15,E-commerce,Tasikmalaya Kab.
S08226,2024-08-05,CUST-148,PROD-021,22,E-commerce,Bogor
S08227,2024-03-10,CUST-054,PROD-010,41,E-commerce,Tasikmalaya
S08228,2024-03-24,CUST-055,PROD-040,235,Modern Trade,Subang
S08229,2024-03-04,CUST-186,PROD-019,9,Traditional Trade,Tasikmalaya
S08230,2024-12-19,CUST-079,PROD-035,23,E-commerce,Bogor Kab.
S08231,2024-11-17,CUST-090,PROD-028,246,Distributor,Cimahi
S08232,2024-03-19,CUST-097,PROD-002,130,Traditional Trade,Karawang
S08233,2024-04-13,CUST-127,PROD-030,14,Traditional Trade,Depok
S08234,2024-03-13,CUST-030,PROD-040,4,E-commerce,Banjar
S08235,2024-06-19,CUST-024,PROD-040,149,Modern Trade,Bekasi Kab.
S08236,2024-01-08,CUST-131,PROD-005,115,Traditional Trade,Sukabumi
S08237,2024-08-28,CUST-122,PROD-038,142,Traditional Trade,Bogor
S08238,2024-07-02,CUST-100,PROD-015,64,Traditional Trade,Pangandaran
S08239,2024-12-01,CUST-176,PROD-036,136,Modern Trade,Cirebon
S08240,2024-03-02,CUST-071,PROD-003,34,Traditional Trade,Bogor Kab.
S08241,2024-11-02,CUST-150,PROD-024,118,Traditional Trade,Purwakarta
S08242,2024-10-28,CUST-014,PROD-012,73,Traditional Trade,Pangandaran
S08243,2024-02-17,CUST-048,PROD-008,17,Traditional Trade,Depok
S08244,2024-05-03,CUST-029,PROD-014,13,Traditional Trade,Tasikmalaya Kab.
S08245,2024-03-03,CUST-050,PROD-018,195,Distributor,Sukabumi
S08246,2024-03-25,CUST-138,PROD-020,172,Modern Trade,Kuningan
S08247,2024-03-27,CUST-199,PROD-023,136,Traditional Trade,Tasikmalaya
S08248,2024-07-15,CUST-027,PROD-005,178,Modern Trade,Bandung
S08249,2024-05-11,CUST-079,PROD-001,26,E-commerce,Bogor Kab.
S08250,2024-12-16,CUST-096,PROD-002,174,Distributor,Indramayu
S08251,2024-02-17,CUST-156,PROD-016,44,E-commerce,Kuningan
S08252,2024-12-24,CUST-137,PROD-005,42,E-commerce,Kuningan
S08253,2024-03-19,CUST-071,PROD-022,14,Traditional Trade,Bogor Kab.
S08254,2024-10-18,CUST-080,PROD-001,154,Distributor,Banjar
S08255,2024-04-16,CUST-154,PROD-012,155,Distributor,Bekasi
S08256,2024-02-23,CUST-081,PROD-019,10,Modern Trade,Sumedang
S08257,2024-11-18,CUST-087,PROD-022,231,Distributor,Subang
S08258,2024-04-08,CUST-008,PROD-017,150,Modern Trade,Tasikmalaya Kab.
S08259,2024-08-23,CUST-002,PROD-013,38,E-commerce,Ciamis
S08260,2024-07-19,CUST-185,PROD-039,68,Traditional Trade,Karawang
S08261,2024-06-11,CUST-180,PROD-028,127,Distributor,Garut Kab.
S08262,2024-06-21,CUST-186,PROD-003,91,Traditional Trade,Tasikmalaya
S08263,2024-09-27,CUST-123,PROD-005,18,E-commerce,Bandung
S08264,2024-02-03,CUST-121,PROD-036,28,E-commerce,Bogor
S08265,2024-08-27,CUST-096,PROD-015,172,Distributor,Indramayu
S08266,2024-11-30,CUST-093,PROD-017,325,Distributor,Tasikmalaya
S08267,2024-01-23,CUST-003,PROD-029,1,E-commerce,Purwakarta
S08268,2024-02-22,CUST-136,PROD-004,113,Distributor,Indramayu
S08269,2024-09-19,CUST-187,PROD-032,228,Modern Trade,Pangandaran
S08270,2024-05-26,CUST-002,PROD-038,43,E-commerce,Ciamis
S08271,2024-05-06,CUST-190,PROD-004,13,E-commerce,Cirebon Kab.
S08272,2024-02-21,CUST-115,PROD-013,256,Modern Trade,Cimahi
S08273,2024-06-25,CUST-049,PROD-020,66,Modern Trade,Pangandaran
S08274,2024-02-17,CUST-101,PROD-018,54,Modern Trade,Cianjur
S08275,2024-06-13,CUST-148,PROD-037,22,E-commerce,Bogor
S08276,2024-10-13,CUST-029,PROD-012,42,Traditional Trade,Tasikmalaya Kab.
S08277,2024-03-26,CUST-145,PROD-025,71,Traditional Trade,Garut Kab.
S08278,2024-06-15,CUST-074,PROD-030,15,E-commerce,Bogor Kab.
S08279,2024-12-29,CUST-105,PROD-015,316,Distributor,Sukabumi
S08280,2024-09-03,CUST-150,PROD-036,102,Traditional Trade,Purwakarta
S08281,2024-11-13,CUST-006,PROD-008,91,Traditional Trade,Pangandaran
S08282,2024-05-13,CUST-062,PROD-028,17,E-commerce,Ciamis
S08283,2024-10-15,CUST-031,PROD-022,131,Modern Trade,Cirebon Kab.
S08284,2024-01-16,CUST-190,PROD-038,23,E-commerce,Cirebon Kab.
S08285,2024-02-16,CUST-119,PROD-016,102,Traditional Trade,Majalengka
S08286,2024-03-12,CUST-012,PROD-005,37,Traditional Trade,Cirebon
S08287,2024-05-05,CUST-012,PROD-034,137,Traditional Trade,Cirebon
S08288,2024-11-15,CUST-191,PROD-038,428,Distributor,Ciamis
S08289,2024-04-18,CUST-144,PROD-011,85,Traditional Trade,Banjar
S08290,2024-08-22,CUST-025,PROD-002,66,Traditional Trade,Bandung Barat
S08291,2024-09-15,CUST-150,PROD-025,69,Traditional Trade,Purwakarta
S08292,2024-07-27,CUST-091,PROD-025,208,Modern Trade,Subang
S08293,2024-04-21,CUST-088,PROD-001,174,Distributor,Indramayu
S08294,2024-07-24,CUST-076,PROD-031,500,Distributor,Bekasi Kab.
S08295,2024-04-17,CUST-018,PROD-005,94,Traditional Trade,Bogor
S08296,2024-02-02,CUST-045,PROD-040,48,Traditional Trade,Bogor
S08297,2024-12-29,CUST-111,PROD-004,170,Distributor,Sukabumi
S08298,2024-02-17,CUST-080,PROD-005,191,Distributor,Banjar
S08299,2024-01-28,CUST-068,PROD-005,44,E-commerce,Bogor
S08300,2024-11-25,CUST-140,PROD-016,26,E-commerce,Bekasi
S08301,2024-04-06,CUST-177,PROD-018,95,Traditional Trade,Bogor Kab.
S08302,2024-08-20,CUST-161,PROD-017,66,Modern Trade,Purwakarta
S08303,2024-04-13,CUST-191,PROD-035,353,Distributor,Ciamis
S08304,2024-04-30,CUST-018,PROD-018,149,Traditional Trade,Bogor
S08305,2024-03-27,CUST-054,PROD-004,44,E-commerce,Tasikmalaya
S08306,2024-04-17,CUST-112,PROD-031,136,Traditional Trade,Cianjur
S08307,2024-05-10,CUST-097,PROD-031,85,Traditional Trade,Karawang
S08308,2024-09-21,CUST-027,PROD-009,39,Modern Trade,Bandung
S08309,2024-06-27,CUST-078,PROD-031,218,Modern Trade,Sukabumi Kab.
S08310,2024-12-14,CUST-153,PROD-005,292,Distributor,Bandung
S08311,2024-01-17,CUST-162,PROD-036,150,Traditional Trade,Purwakarta
S08312,2024-06-24,CUST-088,PROD-016,389,Distributor,Indramayu
S08313,2024-07-26,CUST-188,PROD-016,242,Modern Trade,Bekasi Kab.
S08314,2024-12-07,CUST-054,PROD-020,28,E-commerce,Tasikmalaya
S08315,2024-01-19,CUST-087,PROD-030,378,Distributor,Subang
S08316,2024-07-22,CUST-005,PROD-026,35,Traditional Trade,Cimahi
S08317,2024-11-17,CUST-123,PROD-031,45,E-commerce,Bandung
S08318,2024-03-22,CUST-164,PROD-015,20,Traditional Trade,Sukabumi Kab.
S08319,2024-11-24,CUST-054,PROD-038,31,E-commerce,Tasikmalaya
S08320,2024-01-08,CUST-164,PROD-038,81,Traditional Trade,Sukabumi Kab.
S08321,2024-09-27,CUST-197,PROD-020,200,Distributor,Bandung
S08322,2024-12-11,CUST-039,PROD-035,146,Traditional Trade,Purwakarta
S08323,2024-08-23,CUST-198,PROD-023,280,Distributor,Bandung
S08324,2024-05-27,CUST-109,PROD-039,6,Traditional Trade,Tasikmalaya
S08325,2024-01-18,CUST-132,PROD-025,12,E-commerce,Cimahi
S08326,2024-12-07,CUST-074,PROD-022,28,E-commerce,Bogor Kab.
S08327,2024-06-10,CUST-065,PROD-008,233,Modern Trade,Cirebon Kab.
S08328,2024-01-12,CUST-168,PROD-009,49,E-commerce,Majalengka
S08329,2024-09-05,CUST-037,PROD-015,329,Distributor,Indramayu
S08330,2024-06-15,CUST-067,PROD-020,37,E-commerce,Purwakarta
S08331,2024-02-16,CUST-111,PROD-035,78,Distributor,Sukabumi
S08332,2024-03-14,CUST-159,PROD-037,27,Modern Trade,Garut Kab.
S08333,2024-01-25,CUST-125,PROD-003,3,E-commerce,Bekasi
S08334,2024-07-22,CUST-087,PROD-034,318,Distributor,Subang
S08335,2024-08-10,CUST-047,PROD-034,115,Modern Trade,Garut
S08336,2024-06-25,CUST-155,PROD-036,206,Distributor,Tasikmalaya Kab.
S08337,2024-11-06,CUST-179,PROD-035,499,Distributor,Depok
S08338,2024-11-19,CUST-148,PROD-009,28,E-commerce,Bogor
S08339,2024-08-07,CUST-013,PROD-030,481,Distributor,Cianjur
S08340,2024-01-05,CUST-191,PROD-026,309,Distributor,Ciamis
S08341,2024-09-07,CUST-044,PROD-012,60,Modern Trade,Tasikmalaya
S08342,2024-05-15,CUST-152,PROD-024,182,Distributor,Bogor
S08343,2024-07-19,CUST-125,PROD-019,39,E-commerce,Bekasi
S08344,2024-08-20,CUST-119,PROD-016,45,Traditional Trade,Majalengka
S08345,2024-04-19,CUST-131,PROD-026,9,Traditional Trade,Sukabumi
S08346,2024-12-06,CUST-126,PROD-023,140,Traditional Trade,Sukabumi Kab.
S08347,2024-02-20,CUST-138,PROD-033,235,Modern Trade,Kuningan
S08348,2024-08-28,CUST-193,PROD-030,193,Modern Trade,Tasikmalaya Kab.
S08349,2024-01-02,CUST-049,PROD-023,100,Modern Trade,Pangandaran
S08350,2024-12-09,CUST-124,PROD-010,7,E-commerce,Garut Kab.
S08351,2024-02-12,CUST-186,PROD-036,51,Traditional Trade,Tasikmalaya
S08352,2024-02-06,CUST-078,PROD-031,142,Modern Trade,Sukabumi Kab.
S08353,2024-04-14,CUST-130,PROD-022,181,Modern Trade,Depok
S08354,2024-04-25,CUST-194,PROD-038,259,Modern Trade,Kuningan
S08355,2024-03-15,CUST-103,PROD-002,65,Traditional Trade,Tasikmalaya
S08356,2024-07-27,CUST-105,PROD-023,496,Distributor,Sukabumi
S08357,2024-05-30,CUST-120,PROD-035,59,Modern Trade,Cimahi
S08358,2024-01-14,CUST-031,PROD-037,232,Modern Trade,Cirebon Kab.
S08359,2024-04-11,CUST-068,PROD-032,44,E-commerce,Bogor
S08360,2024-11-04,CUST-037,PROD-012,457,Distributor,Indramayu
S08361,2024-09-05,CUST-024,PROD-035,234,Modern Trade,Bekasi Kab.
S08362,2024-09-23,CUST-044,PROD-003,200,Modern Trade,Tasikmalaya
S08363,2024-09-09,CUST-083,PROD-034,408,Distributor,Cirebon Kab.
S08364,2024-04-09,CUST-041,PROD-038,9,E-commerce,Cirebon Kab.
S08365,2024-02-07,CUST-179,PROD-024,293,Distributor,Depok
S08366,2024-03-30,CUST-042,PROD-038,83,Traditional Trade,Kuningan
S08367,2024-11-10,CUST-108,PROD-017,91,Traditional Trade,Bandung
S08368,2024-12-26,CUST-040,PROD-040,31,Modern Trade,Garut
S08369,2024-06-20,CUST-048,PROD-001,40,Traditional Trade,Depok
S08370,2024-01-04,CUST-113,PROD-008,165,Modern Trade,Bandung
S08371,2024-02-22,CUST-084,PROD-015,65,Modern Trade,Bandung Barat
S08372,2024-04-12,CUST-004,PROD-025,257,Modern Trade,Cirebon
S08373,2024-07-24,CUST-108,PROD-008,9,Traditional Trade,Bandung
S08374,2024-01-29,CUST-060,PROD-032,8,Traditional Trade,Pangandaran
S08375,2024-12-14,CUST-114,PROD-013,484,Distributor,Cirebon Kab.
S08376,2024-04-23,CUST-167,PROD-015,24,Modern Trade,Depok
S08377,2024-12-05,CUST-005,PROD-006,30,Traditional Trade,Cimahi
S08378,2024-10-22,CUST-106,PROD-033,72,Distributor,Purwakarta
S08379,2024-10-09,CUST-006,PROD-007,129,Traditional Trade,Pangandaran
S08380,2024-08-04,CUST-014,PROD-033,107,Traditional Trade,Pangandaran
S08381,2024-08-11,CUST-198,PROD-029,78,Distributor,Bandung
S08382,2024-08-16,CUST-126,PROD-038,90,Traditional Trade,Sukabumi Kab.
S08383,2024-08-12,CUST-140,PROD-037,35,E-commerce,Bekasi
S08384,2024-07-14,CUST-062,PROD-032,48,E-commerce,Ciamis
S08385,2024-12-27,CUST-027,PROD-003,44,Modern Trade,Bandung
S08386,2024-09-27,CUST-054,PROD-020,46,E-commerce,Tasikmalaya
S08387,2024-10-20,CUST-090,PROD-014,82,Distributor,Cimahi
S08388,2024-11-23,CUST-012,PROD-028,75,Traditional Trade,Cirebon
S08389,2024-03-15,CUST-136,PROD-038,275,Distributor,Indramayu
S08390,2024-02-02,CUST-074,PROD-004,10,E-commerce,Bogor Kab.
S08391,2024-06-15,CUST-144,PROD-015,48,Traditional Trade,Banjar
S08392,2024-06-28,CUST-180,PROD-017,268,Distributor,Garut Kab.
S08393,2024-11-10,CUST-026,PROD-037,50,E-commerce,Pangandaran
S08394,2024-05-30,CUST-136,PROD-024,428,Distributor,Indramayu
S08395,2024-07-21,CUST-045,PROD-038,67,Traditional Trade,Bogor
S08396,2024-07-03,CUST-084,PROD-036,209,Modern Trade,Bandung Barat
S08397,2024-01-15,CUST-147,PROD-008,21,E-commerce,Bandung
S08398,2024-08-07,CUST-145,PROD-003,45,Traditional Trade,Garut Kab.
S08399,2024-11-09,CUST-103,PROD-030,102,Traditional Trade,Tasikmalaya
S08400,2024-02-28,CUST-124,PROD-022,39,E-commerce,Garut Kab.
S08401,2024-07-31,CUST-193,PROD-033,278,Modern Trade,Tasikmalaya Kab.
S08402,2024-07-30,CUST-123,PROD-025,42,E-commerce,Bandung
S08403,2024-03-01,CUST-116,PROD-030,47,E-commerce,Cianjur
S08404,2024-02-16,CUST-157,PROD-037,74,Traditional Trade,Subang
S08405,2024-12-25,CUST-014,PROD-003,61,Traditional Trade,Pangandaran
S08406,2024-04-30,CUST-017,PROD-004,80,Traditional Trade,Cianjur
S08407,2024-03-18,CUST-013,PROD-029,500,Distributor,Cianjur
S08408,2024-03-03,CUST-093,PROD-032,481,Distributor,Tasikmalaya
S08409,2024-08-26,CUST-063,PROD-023,24,Traditional Trade,Purwakarta
S08410,2024-08-05,CUST-033,PROD-019,283,Distributor,Majalengka
S08411,2024-08-18,CUST-029,PROD-015,66,Traditional Trade,Tasikmalaya Kab.
S08412,2024-02-03,CUST-037,PROD-016,478,Distributor,Indramayu
S08413,2024-11-29,CUST-103,PROD-023,67,Traditional Trade,Tasikmalaya
S08414,2024-04-29,CUST-174,PROD-040,185,Distributor,Karawang
S08415,2024-04-09,CUST-024,PROD-037,163,Modern Trade,Bekasi Kab.
S08416,2024-06-07,CUST-142,PROD-001,343,Distributor,Cirebon Kab.
S08417,2024-04-29,CUST-133,PROD-019,397,Distributor,Cirebon Kab.
S08418,2024-11-20,CUST-125,PROD-037,35,E-commerce,Bekasi
S08419,2024-12-10,CUST-053,PROD-035,112,Traditional Trade,Bogor Kab.
S08420,2024-04-07,CUST-088,PROD-030,410,Distributor,Indramayu
S08421,2024-11-20,CUST-098,PROD-017,139,Modern Trade,Sumedang
S08422,2024-10-22,CUST-114,PROD-039,56,Distributor,Cirebon Kab.
S08423,2024-12-10,CUST-095,PROD-026,41,E-commerce,Pangandaran
S08424,2024-03-23,CUST-158,PROD-013,55,Traditional Trade,Depok
S08425,2024-07-24,CUST-188,PROD-022,59,Modern Trade,Bekasi Kab.
S08426,2024-03-30,CUST-120,PROD-023,233,Modern Trade,Cimahi
S08427,2024-11-08,CUST-073,PROD-033,12,E-commerce,Cimahi
S08428,2024-01-03,CUST-156,PROD-027,11,E-commerce,Kuningan
S08429,2024-07-19,CUST-106,PROD-035,315,Distributor,Purwakarta
S08430,2024-04-16,CUST-026,PROD-012,35,E-commerce,Pangandaran
S08431,2024-04-12,CUST-018,PROD-009,72,Traditional Trade,Bogor
S08432,2024-08-18,CUST-164,PROD-034,70,Traditional Trade,Sukabumi Kab.
S08433,2024-11-16,CUST-136,PROD-014,221,Distributor,Indramayu
S08434,2024-08-05,CUST-146,PROD-037,28,E-commerce,Bogor
S08435,2024-11-17,CUST-058,PROD-003,43,E-commerce,Sukabumi
S08436,2024-03-28,CUST-160,PROD-021,114,Traditional Trade,Sukabumi
S08437,2024-06-30,CUST-093,PROD-007,160,Distributor,Tasikmalaya
S08438,2024-06-02,CUST-049,PROD-033,87,Modern Trade,Pangandaran
S08439,2024-01-05,CUST-176,PROD-035,195,Modern Trade,Cirebon
S08440,2024-07-15,CUST-071,PROD-011,97,Traditional Trade,Bogor Kab.
S08441,2024-08-24,CUST-065,PROD-032,139,Modern Trade,Cirebon Kab.
S08442,2024-07-30,CUST-033,PROD-022,232,Distributor,Majalengka
S08443,2024-09-29,CUST-050,PROD-019,83,Distributor,Sukabumi
S08444,2024-07-21,CUST-004,PROD-036,231,Modern Trade,Cirebon
S08445,2024-01-26,CUST-119,PROD-037,122,Traditional Trade,Majalengka
S08446,2024-02-13,CUST-084,PROD-011,291,Modern Trade,Bandung Barat
S08447,2024-07-31,CUST-117,PROD-013,20,E-commerce,Cirebon
S08448,2024-03-30,CUST-164,PROD-028,5,Traditional Trade,Sukabumi Kab.
S08449,2024-01-31,CUST-102,PROD-015,1,E-commerce,Tasikmalaya Kab.
S08450,2024-05-22,CUST-156,PROD-013,25,E-commerce,Kuningan
S08451,2024-07-14,CUST-131,PROD-033,101,Traditional Trade,Sukabumi
S08452,2024-04-13,CUST-006,PROD-008,91,Traditional Trade,Pangandaran
S08453,2024-09-21,CUST-173,PROD-032,261,Modern Trade,Depok
S08454,2024-08-18,CUST-023,PROD-037,112,Traditional Trade,Cirebon Kab.
S08455,2024-04-14,CUST-135,PROD-004,24,Modern Trade,Bandung
S08456,2024-10-09,CUST-120,PROD-018,151,Modern Trade,Cimahi
S08457,2024-08-19,CUST-061,PROD-023,360,Distributor,Bandung Barat
S08458,2024-08-15,CUST-100,PROD-029,133,Traditional Trade,Pangandaran
S08459,2024-07-14,CUST-065,PROD-002,298,Modern Trade,Cirebon Kab.
S08460,2024-01-05,CUST-134,PROD-013,74,Traditional Trade,Bandung Barat
S08461,2024-09-08,CUST-024,PROD-016,288,Modern Trade,Bekasi Kab.
S08462,2024-04-26,CUST-037,PROD-008,103,Distributor,Indramayu
S08463,2024-12-14,CUST-045,PROD-019,94,Traditional Trade,Bogor
S08464,2024-11-06,CUST-179,PROD-032,436,Distributor,Depok
S08465,2024-07-28,CUST-100,PROD-003,50,Traditional Trade,Pangandaran
S08466,2024-03-24,CUST-102,PROD-032,6,E-commerce,Tasikmalaya Kab.
S08467,2024-03-12,CUST-173,PROD-021,253,Modern Trade,Depok
S08468,2024-04-16,CUST-063,PROD-025,21,Traditional Trade,Purwakarta
S08469,2024-06-13,CUST-029,PROD-017,97,Traditional Trade,Tasikmalaya Kab.
S08470,2024-04-05,CUST-101,PROD-025,288,Modern Trade,Cianjur
S08471,2024-06-28,CUST-109,PROD-033,148,Traditional Trade,Tasikmalaya
S08472,2024-03-02,CUST-096,PROD-031,401,Distributor,Indramayu
S08473,2024-12-25,CUST-153,PROD-036,203,Distributor,Bandung
S08474,2024-02-10,CUST-010,PROD-023,33,E-commerce,Kuningan
S08475,2024-12-11,CUST-035,PROD-025,235,Distributor,Garut Kab.
S08476,2024-12-05,CUST-055,PROD-030,92,Modern Trade,Subang
S08477,2024-07-03,CUST-153,PROD-013,104,Distributor,Bandung
S08478,2024-09-23,CUST-173,PROD-029,71,Modern Trade,Depok
S08479,2024-05-25,CUST-096,PROD-016,450,Distributor,Indramayu
S08480,2024-08-13,CUST-123,PROD-038,38,E-commerce,Bandung
S08481,2024-04-16,CUST-012,PROD-027,63,Traditional Trade,Cirebon
S08482,2024-04-06,CUST-004,PROD-026,151,Modern Trade,Cirebon
S08483,2024-07-24,CUST-106,PROD-011,198,Distributor,Purwakarta
S08484,2024-06-22,CUST-090,PROD-037,496,Distributor,Cimahi
S08485,2024-07-25,CUST-067,PROD-003,46,E-commerce,Purwakarta
S08486,2024-04-02,CUST-145,PROD-026,59,Traditional Trade,Garut Kab.
S08487,2024-04-23,CUST-065,PROD-034,71,Modern Trade,Cirebon Kab.
S08488,2024-02-02,CUST-082,PROD-033,176,Modern Trade,Tasikmalaya Kab.
S08489,2024-01-21,CUST-105,PROD-015,219,Distributor,Sukabumi
S08490,2024-03-25,CUST-181,PROD-002,48,E-commerce,Garut
S08491,2024-01-29,CUST-084,PROD-028,112,Modern Trade,Bandung Barat
S08492,2024-02-09,CUST-185,PROD-020,32,Traditional Trade,Karawang
S08493,2024-11-05,CUST-105,PROD-038,133,Distributor,Sukabumi
S08494,2024-01-15,CUST-115,PROD-016,143,Modern Trade,Cimahi
S08495,2024-08-23,CUST-028,PROD-004,68,Modern Trade,Cirebon Kab.
S08496,2024-03-30,CUST-016,PROD-008,26,E-commerce,Cimahi
S08497,2024-11-23,CUST-021,PROD-020,79,Modern Trade,Bandung Barat
S08498,2024-06-16,CUST-077,PROD-026,194,Modern Trade,Banjar
S08499,2024-04-07,CUST-042,PROD-032,64,Traditional Trade,Kuningan
S08500,2024-06-29,CUST-054,PROD-013,26,E-commerce,Tasikmalaya
S08501,2024-04-27,CUST-032,PROD-005,194,Distributor,Tasikmalaya
S08502,2024-07-18,CUST-114,PROD-013,217,Distributor,Cirebon Kab.
S08503,2024-02-13,CUST-038,PROD-011,115,Distributor,Purwakarta
S08504,2024-12-31,CUST-198,PROD-037,420,Distributor,Bandung
S08505,2024-05-19,CUST-114,PROD-032,173,Distributor,Cirebon Kab.
S08506,2024-04-18,CUST-166,PROD-018,222,Modern Trade,Garut
S08507,2024-09-15,CUST-182,PROD-029,75,Traditional Trade,Banjar
S08508,2024-04-22,CUST-188,PROD-015,53,Modern Trade,Bekasi Kab.
S08509,2024-11-11,CUST-110,PROD-020,204,Modern Trade,Depok
S08510,2024-06-04,CUST-103,PROD-036,61,Traditional Trade,Tasikmalaya
S08511,2024-09-20,CUST-077,PROD-005,66,Modern Trade,Banjar
S08512,2024-02-10,CUST-175,PROD-040,180,Modern Trade,Purwakarta
S08513,2024-11-15,CUST-140,PROD-037,44,E-commerce,Bekasi
S08514,2024-09-29,CUST-053,PROD-033,66,Traditional Trade,Bogor Kab.
S08515,2024-03-14,CUST-161,PROD-018,92,Modern Trade,Purwakarta
S08516,2024-02-24,CUST-156,PROD-019,30,E-commerce,Kuningan
S08517,2024-04-10,CUST-121,PROD-032,11,E-commerce,Bogor
S08518,2024-12-24,CUST-003,PROD-022,13,E-commerce,Purwakarta
S08519,2024-03-26,CUST-154,PROD-001,425,Distributor,Bekasi
S08520,2024-06-05,CUST-054,PROD-025,33,E-commerce,Tasikmalaya
S08521,2024-01-12,CUST-040,PROD-020,111,Modern Trade,Garut
S08522,2024-05-02,CUST-194,PROD-035,121,Modern Trade,Kuningan
S08523,2024-07-21,CUST-068,PROD-006,2,E-commerce,Bogor
S08524,2024-12-17,CUST-114,PROD-006,159,Distributor,Cirebon Kab.
S08525,2024-06-29,CUST-175,PROD-037,129,Modern Trade,Purwakarta
S08526,2024-11-07,CUST-130,PROD-003,288,Modern Trade,Depok
S08527,2024-07-11,CUST-042,PROD-037,19,Traditional Trade,Kuningan
S08528,2024-01-16,CUST-162,PROD-031,34,Traditional Trade,Purwakarta
S08529,2024-04-10,CUST-094,PROD-035,53,Distributor,Cimahi
S08530,2024-07-23,CUST-149,PROD-015,1,E-commerce,Bekasi
S08531,2024-12-17,CUST-101,PROD-017,17,Modern Trade,Cianjur
S08532,2024-11-19,CUST-172,PROD-015,101,Distributor,Kuningan
S08533,2024-03-18,CUST-124,PROD-005,14,E-commerce,Garut Kab.
S08534,2024-03-16,CUST-002,PROD-022,11,E-commerce,Ciamis
S08535,2024-03-11,CUST-091,PROD-011,289,Modern Trade,Subang
S08536,2024-12-08,CUST-059,PROD-028,24,E-commerce,Tasikmalaya Kab.
S08537,2024-11-17,CUST-098,PROD-014,169,Modern Trade,Sumedang
S08538,2024-10-19,CUST-016,PROD-039,25,E-commerce,Cimahi
S08539,2024-04-30,CUST-148,PROD-003,46,E-commerce,Bogor
S08540,2024-06-24,CUST-154,PROD-011,77,Distributor,Bekasi
S08541,2024-06-08,CUST-016,PROD-030,16,E-commerce,Cimahi
S08542,2024-03-25,CUST-198,PROD-038,347,Distributor,Bandung
S08543,2024-06-24,CUST-108,PROD-005,107,Traditional Trade,Bandung
S08544,2024-01-12,CUST-023,PROD-022,20,Traditional Trade,Cirebon Kab.
S08545,2024-02-19,CUST-042,PROD-013,104,Traditional Trade,Kuningan
S08546,2024-11-27,CUST-037,PROD-021,445,Distributor,Indramayu
S08547,2024-10-07,CUST-072,PROD-037,253,Distributor,Sumedang
S08548,2024-05-17,CUST-134,PROD-025,38,Traditional Trade,Bandung Barat
S08549,2024-06-29,CUST-165,PROD-021,42,Traditional Trade,Karawang
S08550,2024-04-24,CUST-116,PROD-028,20,E-commerce,Cianjur
S08551,2024-10-01,CUST-150,PROD-004,26,Traditional Trade,Purwakarta
S08552,2024-10-24,CUST-006,PROD-029,84,Traditional Trade,Pangandaran
S08553,2024-10-13,CUST-032,PROD-035,393,Distributor,Tasikmalaya
S08554,2024-09-22,CUST-145,PROD-023,7,Traditional Trade,Garut Kab.
S08555,2024-03-12,CUST-038,PROD-007,306,Distributor,Purwakarta
S08556,2024-04-16,CUST-145,PROD-009,57,Traditional Trade,Garut Kab.
S08557,2024-06-10,CUST-037,PROD-023,241,Distributor,Indramayu
S08558,2024-04-14,CUST-151,PROD-003,51,Traditional Trade,Subang
S08559,2024-10-09,CUST-177,PROD-009,119,Traditional Trade,Bogor Kab.
S08560,2024-04-13,CUST-189,PROD-004,17,E-commerce,Cirebon Kab.
S08561,2024-02-21,CUST-177,PROD-025,45,Traditional Trade,Bogor Kab.
S08562,2024-05-03,CUST-061,PROD-006,454,Distributor,Bandung Barat
S08563,2024-12-25,CUST-077,PROD-018,203,Modern Trade,Banjar
S08564,2024-03-18,CUST-160,PROD-007,70,Traditional Trade,Sukabumi
S08565,2024-08-06,CUST-127,PROD-035,47,Traditional Trade,Depok
S08566,2024-05-24,CUST-086,PROD-031,93,Traditional Trade,Bogor Kab.
S08567,2024-01-28,CUST-191,PROD-038,225,Distributor,Ciamis
S08568,2024-06-17,CUST-007,PROD-032,35,Modern Trade,Depok
S08569,2024-09-11,CUST-150,PROD-035,103,Traditional Trade,Purwakarta
S08570,2024-06-28,CUST-085,PROD-028,70,Modern Trade,Sukabumi Kab.
S08571,2024-11-23,CUST-006,PROD-005,129,Traditional Trade,Pangandaran
S08572,2024-04-03,CUST-189,PROD-030,33,E-commerce,Cirebon Kab.
S08573,2024-02-02,CUST-142,PROD-022,131,Distributor,Cirebon Kab.
S08574,2024-12-12,CUST-144,PROD-017,146,Traditional Trade,Banjar
S08575,2024-04-26,CUST-003,PROD-010,41,E-commerce,Purwakarta
S08576,2024-07-23,CUST-137,PROD-007,9,E-commerce,Kuningan
S08577,2024-10-28,CUST-047,PROD-004,53,Modern Trade,Garut
S08578,2024-04-12,CUST-085,PROD-027,268,Modern Trade,Sukabumi Kab.
S08579,2024-09-18,CUST-094,PROD-007,147,Distributor,Cimahi
S08580,2024-02-20,CUST-170,PROD-023,100,Modern Trade,Bogor Kab.
S08581,2024-04-04,CUST-170,PROD-011,150,Modern Trade,Bogor Kab.
S08582,2024-02-24,CUST-023,PROD-008,57,Traditional Trade,Cirebon Kab.
S08583,2024-11-04,CUST-003,PROD-008,16,E-commerce,Purwakarta
S08584,2024-03-17,CUST-129,PROD-037,46,Traditional Trade,Sukabumi
S08585,2024-09-19,CUST-067,PROD-005,26,E-commerce,Purwakarta
S08586,2024-12-14,CUST-071,PROD-007,73,Traditional Trade,Bogor Kab.
S08587,2024-07-04,CUST-131,PROD-022,114,Traditional Trade,Sukabumi
S08588,2024-07-09,CUST-177,PROD-036,96,Traditional Trade,Bogor Kab.
S08589,2024-06-07,CUST-067,PROD-002,3,E-commerce,Purwakarta
S08590,2024-04-13,CUST-055,PROD-024,50,Modern Trade,Subang
S08591,2024-06-13,CUST-132,PROD-002,1,E-commerce,Cimahi
S08592,2024-08-03,CUST-031,PROD-012,202,Modern Trade,Cirebon Kab.
S08593,2024-12-27,CUST-066,PROD-026,124,Modern Trade,Cimahi
S08594,2024-12-13,CUST-101,PROD-038,79,Modern Trade,Cianjur
S08595,2024-11-20,CUST-064,PROD-006,130,Traditional Trade,Depok
S08596,2024-11-28,CUST-031,PROD-023,106,Modern Trade,Cirebon Kab.
S08597,2024-06-09,CUST-117,PROD-002,24,E-commerce,Cirebon
S08598,2024-08-23,CUST-191,PROD-026,364,Distributor,Ciamis
S08599,2024-11-30,CUST-066,PROD-014,233,Modern Trade,Cimahi
S08600,2024-04-30,CUST-159,PROD-018,290,Modern Trade,Garut Kab.
S08601,2024-12-20,CUST-047,PROD-038,138,Modern Trade,Garut
S08602,2024-05-13,CUST-022,PROD-032,148,Distributor,Cianjur
S08603,2024-08-02,CUST-094,PROD-014,319,Distributor,Cimahi
S08604,2024-09-15,CUST-083,PROD-030,454,Distributor,Cirebon Kab.
S08605,2024-12-17,CUST-046,PROD-013,296,Distributor,Bekasi
S08606,2024-03-22,CUST-089,PROD-040,195,Modern Trade,Purwakarta
S08607,2024-10-04,CUST-186,PROD-031,42,Traditional Trade,Tasikmalaya
S08608,2024-07-01,CUST-119,PROD-037,5,Traditional Trade,Majalengka
S08609,2024-03-29,CUST-189,PROD-038,20,E-commerce,Cirebon Kab.
S08610,2024-10-20,CUST-046,PROD-022,297,Distributor,Bekasi
S08611,2024-07-13,CUST-001,PROD-028,137,Traditional Trade,Depok
S08612,2024-08-24,CUST-096,PROD-019,93,Distributor,Indramayu
S08613,2024-04-12,CUST-153,PROD-016,242,Distributor,Bandung
S08614,2024-06-15,CUST-061,PROD-005,106,Distributor,Bandung Barat
S08615,2024-08-08,CUST-105,PROD-002,297,Distributor,Sukabumi
S08616,2024-05-07,CUST-081,PROD-010,113,Modern Trade,Sumedang
S08617,2024-03-10,CUST-014,PROD-019,49,Traditional Trade,Pangandaran
S08618,2024-12-20,CUST-045,PROD-020,64,Traditional Trade,Bogor
S08619,2024-06-27,CUST-077,PROD-029,75,Modern Trade,Banjar
S08620,2024-09-28,CUST-167,PROD-025,232,Modern Trade,Depok
S08621,2024-05-10,CUST-066,PROD-017,56,Modern Trade,Cimahi
S08622,2024-04-20,CUST-032,PROD-013,287,Distributor,Tasikmalaya
S08623,2024-05-08,CUST-096,PROD-016,420,Distributor,Indramayu
S08624,2024-05-09,CUST-058,PROD-035,26,E-commerce,Sukabumi
S08625,2024-07-10,CUST-104,PROD-036,9,E-commerce,Karawang
S08626,2024-07-10,CUST-056,PROD-039,55,Traditional Trade,Sumedang
S08627,2024-06-21,CUST-134,PROD-003,98,Traditional Trade,Bandung Barat
S08628,2024-02-20,CUST-067,PROD-009,46,E-commerce,Purwakarta
S08629,2024-06-21,CUST-178,PROD-040,140,Traditional Trade,Karawang
S08630,2024-03-03,CUST-118,PROD-029,5,E-commerce,Garut
S08631,2024-02-17,CUST-038,PROD-005,303,Distributor,Purwakarta
S08632,2024-12-11,CUST-131,PROD-003,43,Traditional Trade,Sukabumi
S08633,2024-08-04,CUST-112,PROD-010,72,Traditional Trade,Cianjur
S08634,2024-08-23,CUST-133,PROD-031,89,Distributor,Cirebon Kab.
S08635,2024-05-05,CUST-152,PROD-011,341,Distributor,Bogor
S08636,2024-12-04,CUST-054,PROD-017,21,E-commerce,Tasikmalaya
S08637,2024-08-16,CUST-034,PROD-040,263,Modern Trade,Garut Kab.
S08638,2024-10-16,CUST-039,PROD-008,101,Traditional Trade,Purwakarta
S08639,2024-04-24,CUST-112,PROD-002,30,Traditional Trade,Cianjur
S08640,2024-12-19,CUST-088,PROD-004,153,Distributor,Indramayu
S08641,2024-11-07,CUST-048,PROD-016,107,Traditional Trade,Depok
S08642,2024-11-17,CUST-049,PROD-021,84,Modern Trade,Pangandaran
S08643,2024-03-04,CUST-034,PROD-005,94,Modern Trade,Garut Kab.
S08644,2024-03-29,CUST-100,PROD-035,117,Traditional Trade,Pangandaran
S08645,2024-04-02,CUST-135,PROD-014,66,Modern Trade,Bandung
S08646,2024-03-29,CUST-018,PROD-015,132,Traditional Trade,Bogor
S08647,2024-11-18,CUST-070,PROD-006,105,Traditional Trade,Majalengka
S08648,2024-01-13,CUST-114,PROD-016,299,Distributor,Cirebon Kab.
S08649,2024-01-30,CUST-034,PROD-023,144,Modern Trade,Garut Kab.
S08650,2024-03-30,CUST-051,PROD-031,150,Modern Trade,Depok
S08651,2024-03-11,CUST-105,PROD-012,133,Distributor,Sukabumi
S08652,2024-03-19,CUST-093,PROD-019,256,Distributor,Tasikmalaya
S08653,2024-10-31,CUST-196,PROD-012,104,Traditional Trade,Depok
S08654,2024-07-18,CUST-142,PROD-013,486,Distributor,Cirebon Kab.
S08655,2024-01-03,CUST-069,PROD-002,351,Distributor,Subang
S08656,2024-05-21,CUST-089,PROD-020,70,Modern Trade,Purwakarta
S08657,2024-05-08,CUST-103,PROD-031,60,Traditional Trade,Tasikmalaya
S08658,2024-02-13,CUST-136,PROD-009,78,Distributor,Indramayu
S08659,2024-08-29,CUST-143,PROD-021,160,Distributor,Cimahi
S08660,2024-09-11,CUST-083,PROD-008,141,Distributor,Cirebon Kab.
S08661,2024-09-21,CUST-187,PROD-039,151,Modern Trade,Pangandaran
S08662,2024-09-25,CUST-011,PROD-037,106,Traditional Trade,Cirebon
S08663,2024-01-01,CUST-148,PROD-029,7,E-commerce,Bogor
S08664,2024-12-18,CUST-183,PROD-019,17,Traditional Trade,Bandung Barat
S08665,2024-11-05,CUST-036,PROD-035,149,Traditional Trade,Sukabumi Kab.
S08666,2024-12-02,CUST-082,PROD-038,166,Modern Trade,Tasikmalaya Kab.
S08667,2024-01-06,CUST-142,PROD-026,130,Distributor,Cirebon Kab.
S08668,2024-12-11,CUST-186,PROD-011,104,Traditional Trade,Tasikmalaya
S08669,2024-11-04,CUST-038,PROD-036,132,Distributor,Purwakarta
S08670,2024-11-12,CUST-089,PROD-035,227,Modern Trade,Purwakarta
S08671,2024-02-05,CUST-001,PROD-004,120,Traditional Trade,Depok
S08672,2024-09-30,CUST-104,PROD-003,45,E-commerce,Karawang
S08673,2024-12-19,CUST-065,PROD-012,134,Modern Trade,Cirebon Kab.
S08674,2024-08-30,CUST-001,PROD-032,6,Traditional Trade,Depok
S08675,2024-07-21,CUST-125,PROD-026,20,E-commerce,Bekasi
S08676,2024-12-15,CUST-060,PROD-013,94,Traditional Trade,Pangandaran
S08677,2024-05-30,CUST-025,PROD-038,66,Traditional Trade,Bandung Barat
S08678,2024-08-01,CUST-091,PROD-029,282,Modern Trade,Subang
S08679,2024-06-13,CUST-138,PROD-019,250,Modern Trade,Kuningan
S08680,2024-12-11,CUST-050,PROD-035,300,Distributor,Sukabumi
S08681,2024-01-30,CUST-140,PROD-027,10,E-commerce,Bekasi
S08682,2024-06-23,CUST-092,PROD-031,114,Traditional Trade,Kuningan
S08683,2024-09-03,CUST-032,PROD-003,77,Distributor,Tasikmalaya
S08684,2024-10-28,CUST-033,PROD-035,110,Distributor,Majalengka
S08685,2024-07-26,CUST-200,PROD-024,44,E-commerce,Garut Kab.
S08686,2024-12-04,CUST-026,PROD-007,49,E-commerce,Pangandaran
S08687,2024-12-14,CUST-042,PROD-035,87,Traditional Trade,Kuningan
S08688,2024-01-25,CUST-178,PROD-021,129,Traditional Trade,Karawang
S08689,2024-05-05,CUST-061,PROD-001,194,Distributor,Bandung Barat
S08690,2024-01-09,CUST-041,PROD-006,15,E-commerce,Cirebon Kab.
S08691,2024-04-13,CUST-185,PROD-039,89,Traditional Trade,Karawang
S08692,2024-07-07,CUST-130,PROD-034,295,Modern Trade,Depok
S08693,2024-12-04,CUST-099,PROD-018,36,Traditional Trade,Purwakarta
S08694,2024-11-15,CUST-098,PROD-025,223,Modern Trade,Sumedang
S08695,2024-02-17,CUST-198,PROD-015,69,Distributor,Bandung
S08696,2024-02-05,CUST-031,PROD-032,239,Modern Trade,Cirebon Kab.
S08697,2024-07-28,CUST-151,PROD-018,68,Traditional Trade,Subang
S08698,2024-07-05,CUST-182,PROD-031,40,Traditional Trade,Banjar
S08699,2024-03-28,CUST-115,PROD-029,220,Modern Trade,Cimahi
S08700,2024-12-01,CUST-156,PROD-015,43,E-commerce,Kuningan
S08701,2024-12-09,CUST-147,PROD-023,26,E-commerce,Bandung
S08702,2024-05-05,CUST-048,PROD-038,11,Traditional Trade,Depok
S08703,2024-11-28,CUST-002,PROD-011,34,E-commerce,Ciamis
S08704,2024-04-28,CUST-139,PROD-015,138,Traditional Trade,Cianjur
S08705,2024-09-29,CUST-172,PROD-023,470,Distributor,Kuningan
S08706,2024-06-13,CUST-101,PROD-003,71,Modern Trade,Cianjur
S08707,2024-02-16,CUST-187,PROD-019,95,Modern Trade,Pangandaran
S08708,2024-12-10,CUST-128,PROD-001,9,E-commerce,Tasikmalaya Kab.
S08709,2024-06-04,CUST-059,PROD-024,43,E-commerce,Tasikmalaya Kab.
S08710,2024-09-28,CUST-120,PROD-011,69,Modern Trade,Cimahi
S08711,2024-04-23,CUST-038,PROD-030,369,Distributor,Purwakarta
S08712,2024-01-08,CUST-153,PROD-011,227,Distributor,Bandung
S08713,2024-02-08,CUST-107,PROD-039,56,Traditional Trade,Karawang
S08714,2024-06-21,CUST-021,PROD-001,154,Modern Trade,Bandung Barat
S08715,2024-09-05,CUST-042,PROD-012,64,Traditional Trade,Kuningan
S08716,2024-04-15,CUST-164,PROD-004,81,Traditional Trade,Sukabumi Kab.
S08717,2024-09-08,CUST-137,PROD-025,17,E-commerce,Kuningan
S08718,2024-09-09,CUST-140,PROD-008,10,E-commerce,Bekasi
S08719,2024-09-12,CUST-010,PROD-015,25,E-commerce,Kuningan
S08720,2024-06-19,CUST-187,PROD-030,27,Modern Trade,Pangandaran
S08721,2024-12-06,CUST-133,PROD-040,113,Distributor,Cirebon Kab.
S08722,2024-06-18,CUST-033,PROD-032,285,Distributor,Majalengka
S08723,2024-06-02,CUST-069,PROD-035,128,Distributor,Subang
S08724,2024-03-11,CUST-080,PROD-021,108,Distributor,Banjar
S08725,2024-04-08,CUST-191,PROD-031,460,Distributor,Ciamis
S08726,2024-01-17,CUST-101,PROD-036,260,Modern Trade,Cianjur
S08727,2024-08-14,CUST-029,PROD-027,62,Traditional Trade,Tasikmalaya Kab.
S08728,2024-03-23,CUST-146,PROD-008,19,E-commerce,Bogor
S08729,2024-04-07,CUST-134,PROD-023,122,Traditional Trade,Bandung Barat
S08730,2024-10-17,CUST-053,PROD-023,83,Traditional Trade,Bogor Kab.
S08731,2024-04-13,CUST-160,PROD-033,75,Traditional Trade,Sukabumi
S08732,2024-03-22,CUST-124,PROD-013,43,E-commerce,Garut Kab.
S08733,2024-03-03,CUST-042,PROD-039,92,Traditional Trade,Kuningan
S08734,2024-10-19,CUST-047,PROD-035,96,Modern Trade,Garut
S08735,2024-02-18,CUST-159,PROD-016,148,Modern Trade,Garut Kab.
S08736,2024-06-04,CUST-190,PROD-012,24,E-commerce,Cirebon Kab.
S08737,2024-06-25,CUST-184,PROD-031,182,Distributor,Sukabumi Kab.
S08738,2024-09-03,CUST-011,PROD-005,43,Traditional Trade,Cirebon
S08739,2024-08-14,CUST-154,PROD-040,225,Distributor,Bekasi
S08740,2024-11-04,CUST-155,PROD-025,129,Distributor,Tasikmalaya Kab.
S08741,2024-01-18,CUST-083,PROD-021,69,Distributor,Cirebon Kab.
S08742,2024-04-05,CUST-185,PROD-003,85,Traditional Trade,Karawang
S08743,2024-04-01,CUST-109,PROD-010,23,Traditional Trade,Tasikmalaya
S08744,2024-02-24,CUST-027,PROD-023,197,Modern Trade,Bandung
S08745,2024-04-03,CUST-187,PROD-017,163,Modern Trade,Pangandaran
S08746,2024-04-08,CUST-062,PROD-035,15,E-commerce,Ciamis
S08747,2024-07-01,CUST-148,PROD-025,25,E-commerce,Bogor
S08748,2024-08-25,CUST-131,PROD-002,147,Traditional Trade,Sukabumi
S08749,2024-04-27,CUST-144,PROD-027,138,Traditional Trade,Banjar
S08750,2024-09-20,CUST-103,PROD-009,120,Traditional Trade,Tasikmalaya
S08751,2024-04-15,CUST-044,PROD-004,212,Modern Trade,Tasikmalaya
S08752,2024-04-03,CUST-093,PROD-026,456,Distributor,Tasikmalaya
S08753,2024-07-09,CUST-030,PROD-032,44,E-commerce,Banjar
S08754,2024-01-10,CUST-168,PROD-029,39,E-commerce,Majalengka
S08755,2024-01-31,CUST-119,PROD-022,150,Traditional Trade,Majalengka
S08756,2024-05-14,CUST-193,PROD-013,247,Modern Trade,Tasikmalaya Kab.
S08757,2024-12-14,CUST-029,PROD-023,40,Traditional Trade,Tasikmalaya Kab.
S08758,2024-09-21,CUST-030,PROD-031,28,E-commerce,Banjar
S08759,2024-02-03,CUST-104,PROD-036,19,E-commerce,Karawang
S08760,2024-11-15,CUST-110,PROD-040,252,Modern Trade,Depok
S08761,2024-09-27,CUST-032,PROD-031,256,Distributor,Tasikmalaya
S08762,2024-08-06,CUST-138,PROD-015,263,Modern Trade,Kuningan
S08763,2024-11-07,CUST-051,PROD-014,267,Modern Trade,Depok
S08764,2024-05-06,CUST-136,PROD-035,122,Distributor,Indramayu
S08765,2024-03-16,CUST-179,PROD-024,84,Distributor,Depok
S08766,2024-06-27,CUST-036,PROD-030,133,Traditional Trade,Sukabumi Kab.
S08767,2024-07-12,CUST-055,PROD-030,197,Modern Trade,Subang
S08768,2024-07-08,CUST-163,PROD-027,67,Traditional Trade,Tasikmalaya Kab.
S08769,2024-07-19,CUST-036,PROD-040,99,Traditional Trade,Sukabumi Kab.
S08770,2024-12-16,CUST-056,PROD-014,49,Traditional Trade,Sumedang
S08771,2024-12-02,CUST-036,PROD-011,129,Traditional Trade,Sukabumi Kab.
S08772,2024-11-24,CUST-089,PROD-026,194,Modern Trade,Purwakarta
S08773,2024-11-01,CUST-189,PROD-021,37,E-commerce,Cirebon Kab.
S08774,2024-12-14,CUST-062,PROD-009,7,E-commerce,Ciamis
S08775,2024-02-07,CUST-109,PROD-001,114,Traditional Trade,Tasikmalaya
S08776,2024-03-28,CUST-087,PROD-006,449,Distributor,Subang
S08777,2024-06-20,CUST-153,PROD-001,227,Distributor,Bandung
S08778,2024-11-15,CUST-064,PROD-022,146,Traditional Trade,Depok
S08779,2024-06-24,CUST-188,PROD-013,143,Modern Trade,Bekasi Kab.
S08780,2024-10-05,CUST-057,PROD-038,158,Modern Trade,Tasikmalaya Kab.
S08781,2024-02-22,CUST-113,PROD-040,297,Modern Trade,Bandung
S08782,2024-03-24,CUST-070,PROD-031,138,Traditional Trade,Majalengka
S08783,2024-09-26,CUST-180,PROD-015,307,Distributor,Garut Kab.
S08784,2024-03-02,CUST-184,PROD-002,88,Distributor,Sukabumi Kab.
S08785,2024-04-19,CUST-191,PROD-031,354,Distributor,Ciamis
S08786,2024-03-28,CUST-196,PROD-026,31,Traditional Trade,Depok
S08787,2024-04-19,CUST-020,PROD-002,60,Traditional Trade,Pangandaran
S08788,2024-09-14,CUST-054,PROD-011,14,E-commerce,Tasikmalaya
S08789,2024-04-23,CUST-001,PROD-033,107,Traditional Trade,Depok
S08790,2024-07-15,CUST-090,PROD-018,423,Distributor,Cimahi
S08791,2024-02-07,CUST-138,PROD-021,290,Modern Trade,Kuningan
S08792,2024-11-02,CUST-151,PROD-031,57,Traditional Trade,Subang
S08793,2024-04-24,CUST-179,PROD-026,60,Distributor,Depok
S08794,2024-08-19,CUST-113,PROD-030,172,Modern Trade,Bandung
S08795,2024-09-23,CUST-152,PROD-039,232,Distributor,Bogor
S08796,2024-03-13,CUST-013,PROD-021,235,Distributor,Cianjur
S08797,2024-11-26,CUST-157,PROD-016,41,Traditional Trade,Subang
S08798,2024-08-08,CUST-186,PROD-007,13,Traditional Trade,Tasikmalaya
S08799,2024-05-21,CUST-110,PROD-022,37,Modern Trade,Depok
S08800,2024-03-06,CUST-091,PROD-007,183,Modern Trade,Subang
S08801,2024-12-14,CUST-095,PROD-002,16,E-commerce,Pangandaran
S08802,2024-10-09,CUST-043,PROD-037,136,Modern Trade,Ciamis
S08803,2024-03-13,CUST-138,PROD-014,79,Modern Trade,Kuningan
S08804,2024-04-16,CUST-159,PROD-008,292,Modern Trade,Garut Kab.
S08805,2024-11-04,CUST-074,PROD-029,10,E-commerce,Bogor Kab.
S08806,2024-09-08,CUST-014,PROD-007,130,Traditional Trade,Pangandaran
S08807,2024-10-14,CUST-099,PROD-038,7,Traditional Trade,Purwakarta
S08808,2024-05-29,CUST-109,PROD-022,47,Traditional Trade,Tasikmalaya
S08809,2024-09-19,CUST-162,PROD-017,103,Traditional Trade,Purwakarta
S08810,2024-04-28,CUST-145,PROD-016,11,Traditional Trade,Garut Kab.
S08811,2024-03-14,CUST-149,PROD-033,27,E-commerce,Bekasi
S08812,2024-08-14,CUST-096,PROD-039,239,Distributor,Indramayu
S08813,2024-12-24,CUST-195,PROD-035,46,Traditional Trade,Tasikmalaya
S08814,2024-04-09,CUST-058,PROD-038,33,E-commerce,Sukabumi
S08815,2024-06-07,CUST-136,PROD-032,309,Distributor,Indramayu
S08816,2024-08-29,CUST-096,PROD-003,267,Distributor,Indramayu
S08817,2024-07-09,CUST-038,PROD-003,495,Distributor,Purwakarta
S08818,2024-11-14,CUST-154,PROD-008,185,Distributor,Bekasi
S08819,2024-10-12,CUST-064,PROD-031,88,Traditional Trade,Depok
S08820,2024-01-23,CUST-158,PROD-009,149,Traditional Trade,Depok
S08821,2024-12-31,CUST-009,PROD-005,9,Traditional Trade,Garut
S08822,2024-10-07,CUST-121,PROD-028,49,E-commerce,Bogor
S08823,2024-11-20,CUST-032,PROD-015,442,Distributor,Tasikmalaya
S08824,2024-08-20,CUST-011,PROD-027,140,Traditional Trade,Cirebon
S08825,2024-11-18,CUST-162,PROD-031,11,Traditional Trade,Purwakarta
S08826,2024-02-12,CUST-105,PROD-040,86,Distributor,Sukabumi
S08827,2024-04-18,CUST-146,PROD-018,36,E-commerce,Bogor
S08828,2024-11-24,CUST-147,PROD-038,3,E-commerce,Bandung
S08829,2024-03-11,CUST-182,PROD-004,140,Traditional Trade,Banjar
S08830,2024-01-30,CUST-082,PROD-021,14,Modern Trade,Tasikmalaya Kab.
S08831,2024-10-26,CUST-037,PROD-023,322,Distributor,Indramayu
S08832,2024-11-12,CUST-082,PROD-022,67,Modern Trade,Tasikmalaya Kab.
S08833,2024-03-01,CUST-012,PROD-001,108,Traditional Trade,Cirebon
S08834,2024-11-17,CUST-004,PROD-025,122,Modern Trade,Cirebon
S08835,2024-09-03,CUST-043,PROD-028,101,Modern Trade,Ciamis
S08836,2024-06-30,CUST-155,PROD-037,373,Distributor,Tasikmalaya Kab.
S08837,2024-11-10,CUST-051,PROD-011,253,Modern Trade,Depok
S08838,2024-05-15,CUST-005,PROD-022,32,Traditional Trade,Cimahi
S08839,2024-03-09,CUST-134,PROD-025,93,Traditional Trade,Bandung Barat
S08840,2024-04-02,CUST-087,PROD-021,491,Distributor,Subang
S08841,2024-06-24,CUST-106,PROD-036,227,Distributor,Purwakarta
S08842,2024-07-05,CUST-056,PROD-020,110,Traditional Trade,Sumedang
S08843,2024-11-02,CUST-110,PROD-016,76,Modern Trade,Depok
S08844,2024-10-28,CUST-068,PROD-028,31,E-commerce,Bogor
S08845,2024-07-25,CUST-096,PROD-029,406,Distributor,Indramayu
S08846,2024-10-22,CUST-044,PROD-026,277,Modern Trade,Tasikmalaya
S08847,2024-03-09,CUST-143,PROD-040,232,Distributor,Cimahi
S08848,2024-01-20,CUST-090,PROD-002,406,Distributor,Cimahi
S08849,2024-11-23,CUST-042,PROD-010,8,Traditional Trade,Kuningan
S08850,2024-01-29,CUST-139,PROD-013,125,Traditional Trade,Cianjur
S08851,2024-03-23,CUST-073,PROD-015,38,E-commerce,Cimahi
S08852,2024-09-08,CUST-011,PROD-009,46,Traditional Trade,Cirebon
S08853,2024-05-09,CUST-194,PROD-027,228,Modern Trade,Kuningan
S08854,2024-11-24,CUST-155,PROD-008,231,Distributor,Tasikmalaya Kab.
S08855,2024-04-05,CUST-058,PROD-006,22,E-commerce,Sukabumi
S08856,2024-01-05,CUST-200,PROD-036,1,E-commerce,Garut Kab.
S08857,2024-04-06,CUST-128,PROD-024,48,E-commerce,Tasikmalaya Kab.
S08858,2024-07-24,CUST-021,PROD-003,52,Modern Trade,Bandung Barat
S08859,2024-04-26,CUST-021,PROD-026,27,Modern Trade,Bandung Barat
S08860,2024-07-06,CUST-072,PROD-036,247,Distributor,Sumedang
S08861,2024-11-24,CUST-129,PROD-021,80,Traditional Trade,Sukabumi
S08862,2024-12-05,CUST-102,PROD-013,17,E-commerce,Tasikmalaya Kab.
S08863,2024-03-28,CUST-186,PROD-011,86,Traditional Trade,Tasikmalaya
S08864,2024-06-07,CUST-013,PROD-008,59,Distributor,Cianjur
S08865,2024-07-12,CUST-073,PROD-014,24,E-commerce,Cimahi
S08866,2024-12-16,CUST-006,PROD-033,144,Traditional Trade,Pangandaran
S08867,2024-12-31,CUST-112,PROD-002,8,Traditional Trade,Cianjur
S08868,2024-03-20,CUST-186,PROD-001,130,Traditional Trade,Tasikmalaya
S08869,2024-09-24,CUST-017,PROD-011,137,Traditional Trade,Cianjur
S08870,2024-04-26,CUST-073,PROD-006,26,E-commerce,Cimahi
S08871,2024-01-04,CUST-012,PROD-032,84,Traditional Trade,Cirebon
S08872,2024-01-04,CUST-086,PROD-015,9,Traditional Trade,Bogor Kab.
S08873,2024-06-06,CUST-180,PROD-012,459,Distributor,Garut Kab.
S08874,2024-06-18,CUST-122,PROD-037,87,Traditional Trade,Bogor
S08875,2024-01-09,CUST-070,PROD-029,10,Traditional Trade,Majalengka
S08876,2024-09-03,CUST-108,PROD-022,11,Traditional Trade,Bandung
S08877,2024-04-04,CUST-052,PROD-014,315,Distributor,Sumedang
S08878,2024-07-17,CUST-037,PROD-019,216,Distributor,Indramayu
S08879,2024-04-06,CUST-117,PROD-005,22,E-commerce,Cirebon
S08880,2024-03-02,CUST-003,PROD-035,14,E-commerce,Purwakarta
S08881,2024-05-08,CUST-008,PROD-025,51,Modern Trade,Tasikmalaya Kab.
S08882,2024-03-19,CUST-138,PROD-038,71,Modern Trade,Kuningan
S08883,2024-07-06,CUST-047,PROD-009,287,Modern Trade,Garut
S08884,2024-03-10,CUST-169,PROD-007,61,Traditional Trade,Ciamis
S08885,2024-06-26,CUST-064,PROD-018,100,Traditional Trade,Depok
S08886,2024-02-28,CUST-042,PROD-002,143,Traditional Trade,Kuningan
S08887,2024-08-28,CUST-043,PROD-010,40,Modern Trade,Ciamis
S08888,2024-10-08,CUST-125,PROD-002,44,E-commerce,Bekasi
S08889,2024-02-11,CUST-137,PROD-008,4,E-commerce,Kuningan
S08890,2024-06-09,CUST-014,PROD-007,113,Traditional Trade,Pangandaran
S08891,2024-01-28,CUST-091,PROD-035,102,Modern Trade,Subang
S08892,2024-08-01,CUST-132,PROD-023,35,E-commerce,Cimahi
S08893,2024-03-28,CUST-002,PROD-008,13,E-commerce,Ciamis
S08894,2024-07-04,CUST-115,PROD-021,221,Modern Trade,Cimahi
S08895,2024-06-29,CUST-001,PROD-033,87,Traditional Trade,Depok
S08896,2024-12-09,CUST-075,PROD-001,256,Distributor,Bandung Barat
S08897,2024-07-12,CUST-065,PROD-012,124,Modern Trade,Cirebon Kab.
S08898,2024-07-26,CUST-174,PROD-011,301,Distributor,Karawang
S08899,2024-05-05,CUST-187,PROD-030,70,Modern Trade,Pangandaran
S08900,2024-12-16,CUST-125,PROD-004,36,E-commerce,Bekasi
S08901,2024-10-20,CUST-135,PROD-034,262,Modern Trade,Bandung
S08902,2024-04-02,CUST-066,PROD-023,88,Modern Trade,Cimahi
S08903,2024-11-14,CUST-143,PROD-032,245,Distributor,Cimahi
S08904,2024-05-23,CUST-072,PROD-003,311,Distributor,Sumedang
S08905,2024-11-09,CUST-116,PROD-028,2,E-commerce,Cianjur
S08906,2024-11-08,CUST-121,PROD-004,36,E-commerce,Bogor
S08907,2024-03-08,CUST-047,PROD-012,245,Modern Trade,Garut
S08908,2024-09-11,CUST-090,PROD-024,218,Distributor,Cimahi
S08909,2024-04-03,CUST-040,PROD-033,16,Modern Trade,Garut
S08910,2024-04-05,CUST-042,PROD-003,26,Traditional Trade,Kuningan
S08911,2024-04-05,CUST-179,PROD-004,121,Distributor,Depok
S08912,2024-09-23,CUST-035,PROD-030,155,Distributor,Garut Kab.
S08913,2024-03-19,CUST-041,PROD-006,11,E-commerce,Cirebon Kab.
S08914,2024-01-01,CUST-085,PROD-030,39,Modern Trade,Sukabumi Kab.
S08915,2024-09-18,CUST-124,PROD-008,4,E-commerce,Garut Kab.
S08916,2024-03-03,CUST-057,PROD-018,98,Modern Trade,Tasikmalaya Kab.
S08917,2024-02-09,CUST-038,PROD-016,454,Distributor,Purwakarta
S08918,2024-03-21,CUST-200,PROD-006,25,E-commerce,Garut Kab.
S08919,2024-04-27,CUST-096,PROD-024,122,Distributor,Indramayu
S08920,2024-06-13,CUST-136,PROD-028,377,Distributor,Indramayu
S08921,2024-01-18,CUST-063,PROD-032,137,Traditional Trade,Purwakarta
S08922,2024-12-23,CUST-087,PROD-025,287,Distributor,Subang
S08923,2024-09-18,CUST-132,PROD-028,28,E-commerce,Cimahi
S08924,2024-04-12,CUST-176,PROD-021,260,Modern Trade,Cirebon
S08925,2024-04-11,CUST-052,PROD-008,354,Distributor,Sumedang
S08926,2024-06-02,CUST-038,PROD-036,57,Distributor,Purwakarta
S08927,2024-08-11,CUST-087,PROD-009,256,Distributor,Subang
S08928,2024-02-24,CUST-005,PROD-040,6,Traditional Trade,Cimahi
S08929,2024-03-08,CUST-120,PROD-021,293,Modern Trade,Cimahi
S08930,2024-11-19,CUST-070,PROD-001,143,Traditional Trade,Majalengka
S08931,2024-03-25,CUST-113,PROD-004,55,Modern Trade,Bandung
S08932,2024-04-27,CUST-024,PROD-010,135,Modern Trade,Bekasi Kab.
S08933,2024-11-22,CUST-086,PROD-026,25,Traditional Trade,Bogor Kab.
S08934,2024-08-25,CUST-145,PROD-040,36,Traditional Trade,Garut Kab.
S08935,2024-04-17,CUST-026,PROD-003,32,E-commerce,Pangandaran
S08936,2024-09-01,CUST-003,PROD-009,7,E-commerce,Purwakarta
S08937,2024-01-08,CUST-002,PROD-032,22,E-commerce,Ciamis
S08938,2024-09-29,CUST-092,PROD-003,81,Traditional Trade,Kuningan
S08939,2024-06-17,CUST-002,PROD-004,21,E-commerce,Ciamis
S08940,2024-11-05,CUST-150,PROD-006,38,Traditional Trade,Purwakarta
S08941,2024-12-18,CUST-071,PROD-009,142,Traditional Trade,Bogor Kab.
S08942,2024-12-09,CUST-004,PROD-026,74,Modern Trade,Cirebon
S08943,2024-12-04,CUST-038,PROD-002,114,Distributor,Purwakarta
S08944,2024-06-27,CUST-103,PROD-002,92,Traditional Trade,Tasikmalaya
S08945,2024-04-21,CUST-070,PROD-021,71,Traditional Trade,Majalengka
S08946,2024-06-08,CUST-052,PROD-022,92,Distributor,Sumedang
S08947,2024-09-05,CUST-031,PROD-003,150,Modern Trade,Cirebon Kab.
S08948,2024-11-26,CUST-154,PROD-035,423,Distributor,Bekasi
S08949,2024-03-13,CUST-036,PROD-038,8,Traditional Trade,Sukabumi Kab.
S08950,2024-12-07,CUST-154,PROD-033,328,Distributor,Bekasi
S08951,2024-11-05,CUST-156,PROD-015,6,E-commerce,Kuningan
S08952,2024-12-25,CUST-133,PROD-011,467,Distributor,Cirebon Kab.
S08953,2024-11-25,CUST-115,PROD-010,50,Modern Trade,Cimahi
S08954,2024-04-01,CUST-074,PROD-036,18,E-commerce,Bogor Kab.
S08955,2024-02-10,CUST-018,PROD-014,124,Traditional Trade,Bogor
S08956,2024-02-12,CUST-015,PROD-002,36,E-commerce,Bogor Kab.
S08957,2024-04-04,CUST-185,PROD-037,94,Traditional Trade,Karawang
S08958,2024-08-07,CUST-097,PROD-029,56,Traditional Trade,Karawang
S08959,2024-11-02,CUST-005,PROD-035,149,Traditional Trade,Cimahi
S08960,2024-12-01,CUST-037,PROD-020,356,Distributor,Indramayu
S08961,2024-08-10,CUST-104,PROD-021,3,E-commerce,Karawang
S08962,2024-01-03,CUST-086,PROD-034,59,Traditional Trade,Bogor Kab.
S08963,2024-03-07,CUST-150,PROD-033,123,Traditional Trade,Purwakarta
S08964,2024-02-07,CUST-180,PROD-019,162,Distributor,Garut Kab.
S08965,2024-04-22,CUST-015,PROD-008,35,E-commerce,Bogor Kab.
S08966,2024-06-23,CUST-017,PROD-031,72,Traditional Trade,Cianjur
S08967,2024-01-17,CUST-051,PROD-011,101,Modern Trade,Depok
S08968,2024-04-18,CUST-045,PROD-008,63,Traditional Trade,Bogor
S08969,2024-03-05,CUST-191,PROD-025,318,Distributor,Ciamis
S08970,2024-08-19,CUST-122,PROD-020,66,Traditional Trade,Bogor
S08971,2024-06-08,CUST-156,PROD-038,30,E-commerce,Kuningan
S08972,2024-06-20,CUST-187,PROD-007,263,Modern Trade,Pangandaran
S08973,2024-05-20,CUST-149,PROD-013,47,E-commerce,Bekasi
S08974,2024-12-18,CUST-170,PROD-039,12,Modern Trade,Bogor Kab.
S08975,2024-03-15,CUST-197,PROD-010,70,Distributor,Bandung
S08976,2024-06-29,CUST-082,PROD-008,113,Modern Trade,Tasikmalaya Kab.
S08977,2024-09-29,CUST-145,PROD-020,69,Traditional Trade,Garut Kab.
S08978,2024-07-15,CUST-196,PROD-017,150,Traditional Trade,Depok
S08979,2024-12-10,CUST-135,PROD-011,278,Modern Trade,Bandung
S08980,2024-04-26,CUST-089,PROD-016,218,Modern Trade,Purwakarta
S08981,2024-06-08,CUST-101,PROD-037,105,Modern Trade,Cianjur
S08982,2024-02-03,CUST-040,PROD-032,102,Modern Trade,Garut
S08983,2024-08-05,CUST-168,PROD-026,45,E-commerce,Majalengka
S08984,2024-04-03,CUST-043,PROD-037,71,Modern Trade,Ciamis
S08985,2024-02-29,CUST-073,PROD-009,30,E-commerce,Cimahi
S08986,2024-07-10,CUST-179,PROD-035,319,Distributor,Depok
S08987,2024-07-05,CUST-023,PROD-003,14,Traditional Trade,Cirebon Kab.
S08988,2024-01-30,CUST-095,PROD-031,8,E-commerce,Pangandaran
S08989,2024-09-09,CUST-160,PROD-007,10,Traditional Trade,Sukabumi
S08990,2024-08-10,CUST-159,PROD-002,28,Modern Trade,Garut Kab.
S08991,2024-03-08,CUST-017,PROD-025,16,Traditional Trade,Cianjur
S08992,2024-06-10,CUST-112,PROD-040,121,Traditional Trade,Cianjur
S08993,2024-09-21,CUST-103,PROD-012,107,Traditional Trade,Tasikmalaya
S08994,2024-07-04,CUST-058,PROD-030,50,E-commerce,Sukabumi
S08995,2024-05-01,CUST-086,PROD-030,86,Traditional Trade,Bogor Kab.
S08996,2024-04-12,CUST-035,PROD-029,488,Distributor,Garut Kab.
S08997,2024-08-05,CUST-030,PROD-011,3,E-commerce,Banjar
S08998,2024-12-13,CUST-192,PROD-023,13,Traditional Trade,Cirebon
S08999,2024-08-28,CUST-181,PROD-017,6,E-commerce,Garut
S09000,2024-01-29,CUST-179,PROD-013,434,Distributor,Depok
S09001,2024-06-06,CUST-104,PROD-033,42,E-commerce,Karawang
S09002,2024-11-28,CUST-165,PROD-001,97,Traditional Trade,Karawang
S09003,2024-02-05,CUST-122,PROD-040,103,Traditional Trade,Bogor
S09004,2024-12-28,CUST-134,PROD-013,103,Traditional Trade,Bandung Barat
S09005,2024-12-16,CUST-034,PROD-038,39,Modern Trade,Garut Kab.
S09006,2024-01-31,CUST-056,PROD-003,39,Traditional Trade,Sumedang
S09007,2024-12-11,CUST-025,PROD-016,67,Traditional Trade,Bandung Barat
S09008,2024-04-22,CUST-115,PROD-007,37,Modern Trade,Cimahi
S09009,2024-11-14,CUST-013,PROD-003,195,Distributor,Cianjur
S09010,2024-05-15,CUST-063,PROD-014,36,Traditional Trade,Purwakarta
S09011,2024-05-28,CUST-102,PROD-016,5,E-commerce,Tasikmalaya Kab.
S09012,2024-08-14,CUST-194,PROD-004,261,Modern Trade,Kuningan
S09013,2024-10-19,CUST-122,PROD-031,114,Traditional Trade,Bogor
S09014,2024-01-13,CUST-120,PROD-013,141,Modern Trade,Cimahi
S09015,2024-07-30,CUST-133,PROD-027,447,Distributor,Cirebon Kab.
S09016,2024-03-07,CUST-011,PROD-001,19,Traditional Trade,Cirebon
S09017,2024-04-18,CUST-109,PROD-025,24,Traditional Trade,Tasikmalaya
S09018,2024-04-18,CUST-104,PROD-037,20,E-commerce,Karawang
S09019,2024-06-10,CUST-111,PROD-011,226,Distributor,Sukabumi
S09020,2024-04-15,CUST-172,PROD-009,148,Distributor,Kuningan
S09021,2024-02-10,CUST-069,PROD-007,296,Distributor,Subang
S09022,2024-02-24,CUST-102,PROD-014,4,E-commerce,Tasikmalaya Kab.
S09023,2024-01-13,CUST-002,PROD-030,18,E-commerce,Ciamis
S09024,2024-06-10,CUST-168,PROD-024,24,E-commerce,Majalengka
S09025,2024-12-18,CUST-037,PROD-003,460,Distributor,Indramayu
S09026,2024-02-13,CUST-118,PROD-039,33,E-commerce,Garut
S09027,2024-12-15,CUST-049,PROD-027,134,Modern Trade,Pangandaran
S09028,2024-09-27,CUST-075,PROD-001,369,Distributor,Bandung Barat
S09029,2024-08-15,CUST-164,PROD-038,73,Traditional Trade,Sukabumi Kab.
S09030,2024-08-18,CUST-075,PROD-026,195,Distributor,Bandung Barat
S09031,2024-11-09,CUST-198,PROD-006,94,Distributor,Bandung
S09032,2024-02-10,CUST-034,PROD-012,29,Modern Trade,Garut Kab.
S09033,2024-06-24,CUST-058,PROD-038,35,E-commerce,Sukabumi
S09034,2024-09-08,CUST-111,PROD-035,296,Distributor,Sukabumi
S09035,2024-07-27,CUST-165,PROD-010,138,Traditional Trade,Karawang
S09036,2024-11-11,CUST-096,PROD-009,396,Distributor,Indramayu
S09037,2024-01-28,CUST-060,PROD-023,13,Traditional Trade,Pangandaran
S09038,2024-09-05,CUST-140,PROD-030,28,E-commerce,Bekasi
S09039,2024-07-06,CUST-032,PROD-022,68,Distributor,Tasikmalaya
S09040,2024-04-26,CUST-132,PROD-009,39,E-commerce,Cimahi
S09041,2024-04-16,CUST-106,PROD-019,295,Distributor,Purwakarta
S09042,2024-08-09,CUST-033,PROD-008,134,Distributor,Majalengka
S09043,2024-11-28,CUST-043,PROD-004,243,Modern Trade,Ciamis
S09044,2024-06-21,CUST-112,PROD-005,139,Traditional Trade,Cianjur
S09045,2024-11-08,CUST-107,PROD-019,41,Traditional Trade,Karawang
S09046,2024-05-05,CUST-009,PROD-018,93,Traditional Trade,Garut
S09047,2024-02-08,CUST-179,PROD-029,141,Distributor,Depok
S09048,2024-01-24,CUST-114,PROD-019,341,Distributor,Cirebon Kab.
S09049,2024-01-20,CUST-125,PROD-006,17,E-commerce,Bekasi
S09050,2024-04-27,CUST-020,PROD-005,94,Traditional Trade,Pangandaran
S09051,2024-04-15,CUST-167,PROD-005,174,Modern Trade,Depok
S09052,2024-09-19,CUST-151,PROD-008,53,Traditional Trade,Subang
S09053,2024-10-02,CUST-041,PROD-027,17,E-commerce,Cirebon Kab.
S09054,2024-01-20,CUST-044,PROD-037,193,Modern Trade,Tasikmalaya
S09055,2024-03-16,CUST-125,PROD-038,34,E-commerce,Bekasi
S09056,2024-03-30,CUST-035,PROD-037,298,Distributor,Garut Kab.
S09057,2024-07-12,CUST-151,PROD-018,141,Traditional Trade,Subang
S09058,2024-02-24,CUST-058,PROD-026,20,E-commerce,Sukabumi
S09059,2024-02-20,CUST-048,PROD-016,72,Traditional Trade,Depok
S09060,2024-12-14,CUST-058,PROD-022,13,E-commerce,Sukabumi
S09061,2024-11-02,CUST-101,PROD-023,111,Modern Trade,Cianjur
S09062,2024-03-06,CUST-057,PROD-003,149,Modern Trade,Tasikmalaya Kab.
S09063,2024-05-08,CUST-167,PROD-003,82,Modern Trade,Depok
S09064,2024-04-20,CUST-156,PROD-012,15,E-commerce,Kuningan
S09065,2024-10-27,CUST-064,PROD-023,83,Traditional Trade,Depok
S09066,2024-06-26,CUST-062,PROD-011,49,E-commerce,Ciamis
S09067,2024-02-18,CUST-083,PROD-029,302,Distributor,Cirebon Kab.
S09068,2024-09-30,CUST-113,PROD-006,142,Modern Trade,Bandung
S09069,2024-05-02,CUST-112,PROD-016,29,Traditional Trade,Cianjur
S09070,2024-03-27,CUST-062,PROD-034,24,E-commerce,Ciamis
S09071,2024-04-25,CUST-094,PROD-037,150,Distributor,Cimahi
S09072,2024-06-21,CUST-085,PROD-011,254,Modern Trade,Sukabumi Kab.
S09073,2024-04-17,CUST-026,PROD-011,31,E-commerce,Pangandaran
S09074,2024-03-22,CUST-179,PROD-025,479,Distributor,Depok
S09075,2024-05-03,CUST-121,PROD-019,34,E-commerce,Bogor
S09076,2024-01-08,CUST-050,PROD-032,305,Distributor,Sukabumi
S09077,2024-10-18,CUST-115,PROD-008,215,Modern Trade,Cimahi
S09078,2024-03-03,CUST-036,PROD-012,72,Traditional Trade,Sukabumi Kab.
S09079,2024-01-17,CUST-154,PROD-035,264,Distributor,Bekasi
S09080,2024-08-21,CUST-033,PROD-006,171,Distributor,Majalengka
S09081,2024-10-18,CUST-123,PROD-021,38,E-commerce,Bandung
S09082,2024-11-05,CUST-100,PROD-026,50,Traditional Trade,Pangandaran
S09083,2024-06-20,CUST-068,PROD-001,5,E-commerce,Bogor
S09084,2024-03-12,CUST-073,PROD-017,27,E-commerce,Cimahi
S09085,2024-09-29,CUST-136,PROD-035,220,Distributor,Indramayu
S09086,2024-09-10,CUST-194,PROD-027,254,Modern Trade,Kuningan
S09087,2024-03-23,CUST-023,PROD-002,49,Traditional Trade,Cirebon Kab.
S09088,2024-12-02,CUST-070,PROD-036,22,Traditional Trade,Majalengka
S09089,2024-02-09,CUST-055,PROD-001,297,Modern Trade,Subang
S09090,2024-12-26,CUST-171,PROD-010,6,Traditional Trade,Bekasi
S09091,2024-11-19,CUST-110,PROD-031,29,Modern Trade,Depok
S09092,2024-09-04,CUST-149,PROD-037,29,E-commerce,Bekasi
S09093,2024-12-13,CUST-150,PROD-005,42,Traditional Trade,Purwakarta
S09094,2024-09-22,CUST-009,PROD-013,5,Traditional Trade,Garut
S09095,2024-03-08,CUST-162,PROD-024,146,Traditional Trade,Purwakarta
S09096,2024-05-29,CUST-187,PROD-027,162,Modern Trade,Pangandaran
S09097,2024-01-28,CUST-154,PROD-001,186,Distributor,Bekasi
S09098,2024-04-29,CUST-129,PROD-020,140,Traditional Trade,Sukabumi
S09099,2024-10-02,CUST-108,PROD-008,20,Traditional Trade,Bandung
S09100,2024-04-28,CUST-133,PROD-003,163,Distributor,Cirebon Kab.
S09101,2024-04-14,CUST-169,PROD-032,12,Traditional Trade,Ciamis
S09102,2024-07-31,CUST-191,PROD-025,328,Distributor,Ciamis
S09103,2024-11-23,CUST-150,PROD-025,77,Traditional Trade,Purwakarta
S09104,2024-01-19,CUST-068,PROD-014,32,E-commerce,Bogor
S09105,2024-04-28,CUST-176,PROD-027,43,Modern Trade,Cirebon
S09106,2024-02-29,CUST-066,PROD-032,254,Modern Trade,Cimahi
S09107,2024-09-08,CUST-144,PROD-027,22,Traditional Trade,Banjar
S09108,2024-02-10,CUST-053,PROD-004,113,Traditional Trade,Bogor Kab.
S09109,2024-08-25,CUST-128,PROD-039,44,E-commerce,Tasikmalaya Kab.
S09110,2024-04-02,CUST-065,PROD-011,152,Modern Trade,Cirebon Kab.
S09111,2024-03-11,CUST-064,PROD-003,19,Traditional Trade,Depok
S09112,2024-12-12,CUST-068,PROD-025,29,E-commerce,Bogor
S09113,2024-01-08,CUST-191,PROD-024,432,Distributor,Ciamis
S09114,2024-05-27,CUST-062,PROD-009,23,E-commerce,Ciamis
S09115,2024-01-09,CUST-081,PROD-008,224,Modern Trade,Sumedang
S09116,2024-06-16,CUST-071,PROD-039,75,Traditional Trade,Bogor Kab.
S09117,2024-06-23,CUST-114,PROD-031,158,Distributor,Cirebon Kab.
S09118,2024-04-11,CUST-173,PROD-017,297,Modern Trade,Depok
S09119,2024-02-19,CUST-052,PROD-031,419,Distributor,Sumedang
S09120,2024-04-26,CUST-116,PROD-004,32,E-commerce,Cianjur
S09121,2024-08-28,CUST-125,PROD-004,33,E-commerce,Bekasi
S09122,2024-10-23,CUST-127,PROD-037,17,Traditional Trade,Depok
S09123,2024-07-05,CUST-065,PROD-008,229,Modern Trade,Cirebon Kab.
S09124,2024-07-29,CUST-130,PROD-006,194,Modern Trade,Depok
S09125,2024-03-11,CUST-177,PROD-009,71,Traditional Trade,Bogor Kab.
S09126,2024-04-03,CUST-022,PROD-008,258,Distributor,Cianjur
S09127,2024-03-01,CUST-157,PROD-032,36,Traditional Trade,Subang
S09128,2024-03-24,CUST-163,PROD-015,77,Traditional Trade,Tasikmalaya Kab.
S09129,2024-03-17,CUST-076,PROD-018,410,Distributor,Bekasi Kab.
S09130,2024-06-30,CUST-152,PROD-023,493,Distributor,Bogor
S09131,2024-07-18,CUST-094,PROD-005,434,Distributor,Cimahi
S09132,2024-12-15,CUST-158,PROD-027,117,Traditional Trade,Depok
S09133,2024-03-10,CUST-170,PROD-033,115,Modern Trade,Bogor Kab.
S09134,2024-08-17,CUST-071,PROD-002,73,Traditional Trade,Bogor Kab.
S09135,2024-11-06,CUST-106,PROD-038,281,Distributor,Purwakarta
S09136,2024-07-17,CUST-050,PROD-028,262,Distributor,Sukabumi
S09137,2024-03-25,CUST-102,PROD-024,5,E-commerce,Tasikmalaya Kab.
S09138,2024-03-27,CUST-199,PROD-021,65,Traditional Trade,Tasikmalaya
S09139,2024-01-16,CUST-188,PROD-031,273,Modern Trade,Bekasi Kab.
S09140,2024-04-07,CUST-113,PROD-011,226,Modern Trade,Bandung
S09141,2024-10-03,CUST-030,PROD-028,7,E-commerce,Banjar
S09142,2024-01-19,CUST-012,PROD-040,149,Traditional Trade,Cirebon
S09143,2024-03-16,CUST-177,PROD-004,74,Traditional Trade,Bogor Kab.
S09144,2024-09-13,CUST-082,PROD-016,243,Modern Trade,Tasikmalaya Kab.
S09145,2024-10-23,CUST-046,PROD-012,481,Distributor,Bekasi
S09146,2024-06-04,CUST-171,PROD-022,58,Traditional Trade,Bekasi
S09147,2024-09-09,CUST-130,PROD-035,179,Modern Trade,Depok
S09148,2024-04-29,CUST-097,PROD-016,40,Traditional Trade,Karawang
S09149,2024-02-29,CUST-080,PROD-024,371,Distributor,Banjar
S09150,2024-05-02,CUST-054,PROD-035,31,E-commerce,Tasikmalaya
S09151,2024-07-25,CUST-035,PROD-028,498,Distributor,Garut Kab.
S09152,2024-12-16,CUST-052,PROD-029,308,Distributor,Sumedang
S09153,2024-01-27,CUST-161,PROD-021,260,Modern Trade,Purwakarta
S09154,2024-06-25,CUST-084,PROD-025,22,Modern Trade,Bandung Barat
S09155,2024-04-13,CUST-072,PROD-039,208,Distributor,Sumedang
S09156,2024-06-26,CUST-179,PROD-031,78,Distributor,Depok
S09157,2024-01-10,CUST-026,PROD-015,44,E-commerce,Pangandaran
S09158,2024-04-09,CUST-190,PROD-035,33,E-commerce,Cirebon Kab.
S09159,2024-11-07,CUST-061,PROD-038,486,Distributor,Bandung Barat
S09160,2024-07-14,CUST-154,PROD-022,315,Distributor,Bekasi
S09161,2024-06-02,CUST-037,PROD-005,279,Distributor,Indramayu
S09162,2024-04-02,CUST-158,PROD-013,67,Traditional Trade,Depok
S09163,2024-04-05,CUST-095,PROD-032,9,E-commerce,Pangandaran
S09164,2024-04-27,CUST-011,PROD-003,112,Traditional Trade,Cirebon
S09165,2024-11-12,CUST-181,PROD-015,37,E-commerce,Garut
S09166,2024-12-22,CUST-041,PROD-027,32,E-commerce,Cirebon Kab.
S09167,2024-05-27,CUST-133,PROD-027,402,Distributor,Cirebon Kab.
S09168,2024-04-30,CUST-066,PROD-030,267,Modern Trade,Cimahi
S09169,2024-11-15,CUST-141,PROD-006,159,Distributor,Bogor
S09170,2024-05-20,CUST-191,PROD-025,179,Distributor,Ciamis
S09171,2024-07-13,CUST-153,PROD-028,172,Distributor,Bandung
S09172,2024-03-19,CUST-172,PROD-022,165,Distributor,Kuningan
S09173,2024-10-03,CUST-142,PROD-004,279,Distributor,Cirebon Kab.
S09174,2024-07-05,CUST-069,PROD-015,342,Distributor,Subang
S09175,2024-11-04,CUST-059,PROD-026,2,E-commerce,Tasikmalaya Kab.
S09176,2024-10-22,CUST-184,PROD-018,282,Distributor,Sukabumi Kab.
S09177,2024-03-15,CUST-180,PROD-009,366,Distributor,Garut Kab.
S09178,2024-09-18,CUST-066,PROD-004,243,Modern Trade,Cimahi
S09179,2024-11-01,CUST-068,PROD-005,40,E-commerce,Bogor
S09180,2024-04-18,CUST-012,PROD-006,29,Traditional Trade,Cirebon
S09181,2024-03-04,CUST-068,PROD-012,38,E-commerce,Bogor
S09182,2024-01-02,CUST-171,PROD-031,41,Traditional Trade,Bekasi
S09183,2024-06-02,CUST-073,PROD-009,18,E-commerce,Cimahi
S09184,2024-04-19,CUST-006,PROD-007,31,Traditional Trade,Pangandaran
S09185,2024-07-15,CUST-015,PROD-029,20,E-commerce,Bogor Kab.
S09186,2024-03-08,CUST-042,PROD-014,48,Traditional Trade,Kuningan
S09187,2024-11-19,CUST-031,PROD-020,81,Modern Trade,Cirebon Kab.
S09188,2024-03-26,CUST-181,PROD-032,4,E-commerce,Garut
S09189,2024-03-18,CUST-006,PROD-022,59,Traditional Trade,Pangandaran
S09190,2024-06-15,CUST-033,PROD-036,277,Distributor,Majalengka
S09191,2024-06-22,CUST-157,PROD-018,77,Traditional Trade,Subang
S09192,2024-03-15,CUST-021,PROD-040,242,Modern Trade,Bandung Barat
S09193,2024-03-29,CUST-124,PROD-025,12,E-commerce,Garut Kab.
S09194,2024-03-03,CUST-182,PROD-031,146,Traditional Trade,Banjar
S09195,2024-09-20,CUST-184,PROD-035,303,Distributor,Sukabumi Kab.
S09196,2024-10-16,CUST-094,PROD-026,212,Distributor,Cimahi
S09197,2024-06-07,CUST-149,PROD-004,6,E-commerce,Bekasi
S09198,2024-09-17,CUST-100,PROD-020,51,Traditional Trade,Pangandaran
S09199,2024-09-29,CUST-055,PROD-034,77,Modern Trade,Subang
S09200,2024-02-21,CUST-186,PROD-012,63,Traditional Trade,Tasikmalaya
S09201,2024-12-21,CUST-064,PROD-016,141,Traditional Trade,Depok
S09202,2024-11-07,CUST-086,PROD-005,123,Traditional Trade,Bogor Kab.
S09203,2024-03-12,CUST-174,PROD-035,235,Distributor,Karawang
S09204,2024-03-07,CUST-022,PROD-027,97,Distributor,Cianjur
S09205,2024-02-17,CUST-060,PROD-001,13,Traditional Trade,Pangandaran
S09206,2024-02-21,CUST-104,PROD-034,44,E-commerce,Karawang
S09207,2024-10-05,CUST-139,PROD-032,50,Traditional Trade,Cianjur
S09208,2024-06-10,CUST-047,PROD-039,152,Modern Trade,Garut
S09209,2024-10-23,CUST-159,PROD-033,255,Modern Trade,Garut Kab.
S09210,2024-10-04,CUST-077,PROD-031,225,Modern Trade,Banjar
S09211,2024-08-03,CUST-018,PROD-013,76,Traditional Trade,Bogor
S09212,2024-09-03,CUST-022,PROD-002,433,Distributor,Cianjur
S09213,2024-01-08,CUST-184,PROD-030,475,Distributor,Sukabumi Kab.
S09214,2024-04-09,CUST-145,PROD-010,114,Traditional Trade,Garut Kab.
S09215,2024-08-15,CUST-038,PROD-023,194,Distributor,Purwakarta
S09216,2024-01-04,CUST-025,PROD-033,39,Traditional Trade,Bandung Barat
S09217,2024-01-13,CUST-032,PROD-039,464,Distributor,Tasikmalaya
S09218,2024-11-17,CUST-143,PROD-029,181,Distributor,Cimahi
S09219,2024-09-02,CUST-013,PROD-030,353,Distributor,Cianjur
S09220,2024-03-28,CUST-186,PROD-034,146,Traditional Trade,Tasikmalaya
S09221,2024-09-04,CUST-178,PROD-039,50,Traditional Trade,Karawang
S09222,2024-10-28,CUST-011,PROD-017,52,Traditional Trade,Cirebon
S09223,2024-04-08,CUST-013,PROD-022,217,Distributor,Cianjur
S09224,2024-01-14,CUST-097,PROD-005,11,Traditional Trade,Karawang
S09225,2024-12-11,CUST-178,PROD-011,99,Traditional Trade,Karawang
S09226,2024-04-18,CUST-101,PROD-022,300,Modern Trade,Cianjur
S09227,2024-02-10,CUST-038,PROD-032,279,Distributor,Purwakarta
S09228,2024-06-19,CUST-001,PROD-024,148,Traditional Trade,Depok
S09229,2024-10-16,CUST-039,PROD-011,23,Traditional Trade,Purwakarta
S09230,2024-03-16,CUST-027,PROD-011,77,Modern Trade,Bandung
S09231,2024-03-29,CUST-036,PROD-017,102,Traditional Trade,Sukabumi Kab.
S09232,2024-03-22,CUST-160,PROD-032,11,Traditional Trade,Sukabumi
S09233,2024-12-29,CUST-169,PROD-019,51,Traditional Trade,Ciamis
S09234,2024-03-10,CUST-143,PROD-027,226,Distributor,Cimahi
S09235,2024-07-23,CUST-031,PROD-032,215,Modern Trade,Cirebon Kab.
S09236,2024-12-09,CUST-127,PROD-025,47,Traditional Trade,Depok
S09237,2024-02-25,CUST-006,PROD-028,36,Traditional Trade,Pangandaran
S09238,2024-12-23,CUST-089,PROD-040,238,Modern Trade,Purwakarta
S09239,2024-12-16,CUST-180,PROD-027,433,Distributor,Garut Kab.
S09240,2024-11-26,CUST-150,PROD-014,123,Traditional Trade,Purwakarta
S09241,2024-03-15,CUST-031,PROD-039,279,Modern Trade,Cirebon Kab.
S09242,2024-08-14,CUST-100,PROD-002,85,Traditional Trade,Pangandaran
S09243,2024-10-12,CUST-073,PROD-017,32,E-commerce,Cimahi
S09244,2024-12-27,CUST-046,PROD-001,237,Distributor,Bekasi
S09245,2024-03-06,CUST-195,PROD-032,56,Traditional Trade,Tasikmalaya
S09246,2024-10-14,CUST-097,PROD-019,8,Traditional Trade,Karawang
S09247,2024-04-16,CUST-171,PROD-014,37,Traditional Trade,Bekasi
S09248,2024-03-04,CUST-001,PROD-031,110,Traditional Trade,Depok
S09249,2024-05-17,CUST-172,PROD-018,178,Distributor,Kuningan
S09250,2024-10-29,CUST-057,PROD-014,106,Modern Trade,Tasikmalaya Kab.
S09251,2024-06-08,CUST-009,PROD-014,68,Traditional Trade,Garut
S09252,2024-07-08,CUST-005,PROD-024,132,Traditional Trade,Cimahi
S09253,2024-12-30,CUST-079,PROD-005,31,E-commerce,Bogor Kab.
S09254,2024-05-03,CUST-114,PROD-016,342,Distributor,Cirebon Kab.
S09255,2024-08-07,CUST-009,PROD-005,130,Traditional Trade,Garut
S09256,2024-04-23,CUST-173,PROD-013,113,Modern Trade,Depok
S09257,2024-04-30,CUST-024,PROD-016,161,Modern Trade,Bekasi Kab.
S09258,2024-09-08,CUST-170,PROD-015,123,Modern Trade,Bogor Kab.
S09259,2024-12-13,CUST-150,PROD-031,59,Traditional Trade,Purwakarta
S09260,2024-07-10,CUST-103,PROD-005,125,Traditional Trade,Tasikmalaya
S09261,2024-10-16,CUST-060,PROD-021,127,Traditional Trade,Pangandaran
S09262,2024-02-04,CUST-086,PROD-030,7,Traditional Trade,Bogor Kab.
S09263,2024-03-14,CUST-165,PROD-023,96,Traditional Trade,Karawang
S09264,2024-06-23,CUST-116,PROD-038,23,E-commerce,Cianjur
S09265,2024-01-08,CUST-167,PROD-029,173,Modern Trade,Depok
S09266,2024-03-25,CUST-084,PROD-013,128,Modern Trade,Bandung Barat
S09267,2024-06-29,CUST-090,PROD-032,481,Distributor,Cimahi
S09268,2024-01-06,CUST-089,PROD-027,70,Modern Trade,Purwakarta
S09269,2024-03-28,CUST-181,PROD-034,22,E-commerce,Garut
S09270,2024-06-28,CUST-120,PROD-033,256,Modern Trade,Cimahi
S09271,2024-07-22,CUST-156,PROD-004,43,E-commerce,Kuningan
S09272,2024-12-09,CUST-143,PROD-018,457,Distributor,Cimahi
S09273,2024-08-18,CUST-188,PROD-006,298,Modern Trade,Bekasi Kab.
S09274,2024-05-13,CUST-188,PROD-028,87,Modern Trade,Bekasi Kab.
S09275,2024-12-10,CUST-006,PROD-027,28,Traditional Trade,Pangandaran
S09276,2024-10-24,CUST-052,PROD-026,455,Distributor,Sumedang
S09277,2024-03-11,CUST-140,PROD-020,37,E-commerce,Bekasi
S09278,2024-02-19,CUST-019,PROD-013,120,Traditional Trade,Banjar
S09279,2024-08-29,CUST-075,PROD-028,300,Distributor,Bandung Barat
S09280,2024-07-17,CUST-130,PROD-034,132,Modern Trade,Depok
S09281,2024-10-27,CUST-055,PROD-023,224,Modern Trade,Subang
S09282,2024-09-30,CUST-015,PROD-010,6,E-commerce,Bogor Kab.
S09283,2024-08-11,CUST-192,PROD-030,80,Traditional Trade,Cirebon
S09284,2024-12-27,CUST-100,PROD-022,94,Traditional Trade,Pangandaran
S09285,2024-07-06,CUST-069,PROD-005,462,Distributor,Subang
S09286,2024-02-12,CUST-143,PROD-009,172,Distributor,Cimahi
S09287,2024-11-09,CUST-043,PROD-004,261,Modern Trade,Ciamis
S09288,2024-03-24,CUST-017,PROD-001,68,Traditional Trade,Cianjur
S09289,2024-10-20,CUST-098,PROD-034,167,Modern Trade,Sumedang
S09290,2024-12-18,CUST-116,PROD-026,7,E-commerce,Cianjur
S09291,2024-09-08,CUST-152,PROD-018,198,Distributor,Bogor
S09292,2024-07-31,CUST-074,PROD-016,1,E-commerce,Bogor Kab.
S09293,2024-06-06,CUST-116,PROD-023,49,E-commerce,Cianjur
S09294,2024-04-23,CUST-030,PROD-036,38,E-commerce,Banjar
S09295,2024-04-20,CUST-067,PROD-026,4,E-commerce,Purwakarta
S09296,2024-08-15,CUST-051,PROD-002,183,Modern Trade,Depok
S09297,2024-10-07,CUST-060,PROD-005,140,Traditional Trade,Pangandaran
S09298,2024-08-30,CUST-003,PROD-029,18,E-commerce,Purwakarta
S09299,2024-03-10,CUST-104,PROD-004,45,E-commerce,Karawang
S09300,2024-06-20,CUST-005,PROD-035,76,Traditional Trade,Cimahi
S09301,2024-10-28,CUST-028,PROD-022,104,Modern Trade,Cirebon Kab.
S09302,2024-06-13,CUST-108,PROD-008,35,Traditional Trade,Bandung
S09303,2024-07-07,CUST-139,PROD-021,124,Traditional Trade,Cianjur
S09304,2024-10-17,CUST-200,PROD-008,48,E-commerce,Garut Kab.
S09305,2024-08-24,CUST-101,PROD-005,73,Modern Trade,Cianjur
S09306,2024-05-09,CUST-200,PROD-021,37,E-commerce,Garut Kab.
S09307,2024-11-30,CUST-076,PROD-027,372,Distributor,Bekasi Kab.
S09308,2024-03-01,CUST-015,PROD-038,45,E-commerce,Bogor Kab.
S09309,2024-12-30,CUST-083,PROD-005,117,Distributor,Cirebon Kab.
S09310,2024-02-14,CUST-048,PROD-021,39,Traditional Trade,Depok
S09311,2024-01-06,CUST-127,PROD-008,102,Traditional Trade,Depok
S09312,2024-11-28,CUST-046,PROD-022,85,Distributor,Bekasi
S09313,2024-03-22,CUST-028,PROD-018,141,Modern Trade,Cirebon Kab.
S09314,2024-09-25,CUST-007,PROD-004,231,Modern Trade,Depok
S09315,2024-11-04,CUST-199,PROD-004,22,Traditional Trade,Tasikmalaya
S09316,2024-11-19,CUST-094,PROD-037,109,Distributor,Cimahi
S09317,2024-12-29,CUST-082,PROD-015,122,Modern Trade,Tasikmalaya Kab.
S09318,2024-04-04,CUST-088,PROD-038,270,Distributor,Indramayu
S09319,2024-09-15,CUST-134,PROD-027,27,Traditional Trade,Bandung Barat
S09320,2024-02-13,CUST-186,PROD-021,72,Traditional Trade,Tasikmalaya
S09321,2024-05-08,CUST-068,PROD-004,19,E-commerce,Bogor
S09322,2024-11-15,CUST-055,PROD-011,272,Modern Trade,Subang
S09323,2024-04-23,CUST-195,PROD-019,17,Traditional Trade,Tasikmalaya
S09324,2024-07-29,CUST-177,PROD-019,135,Traditional Trade,Bogor Kab.
S09325,2024-06-24,CUST-118,PROD-027,40,E-commerce,Garut
S09326,2024-08-18,CUST-179,PROD-040,316,Distributor,Depok
S09327,2024-12-23,CUST-187,PROD-028,217,Modern Trade,Pangandaran
S09328,2024-01-22,CUST-134,PROD-005,55,Traditional Trade,Bandung Barat
S09329,2024-07-22,CUST-108,PROD-025,36,Traditional Trade,Bandung
S09330,2024-11-20,CUST-051,PROD-003,51,Modern Trade,Depok
S09331,2024-06-15,CUST-038,PROD-026,296,Distributor,Purwakarta
S09332,2024-01-31,CUST-139,PROD-010,106,Traditional Trade,Cianjur
S09333,2024-07-17,CUST-180,PROD-024,170,Distributor,Garut Kab.
S09334,2024-04-14,CUST-093,PROD-029,383,Distributor,Tasikmalaya
S09335,2024-02-27,CUST-020,PROD-007,76,Traditional Trade,Pangandaran
S09336,2024-11-16,CUST-010,PROD-023,11,E-commerce,Kuningan
S09337,2024-07-01,CUST-026,PROD-027,42,E-commerce,Pangandaran
S09338,2024-12-11,CUST-048,PROD-009,123,Traditional Trade,Depok
S09339,2024-11-03,CUST-091,PROD-003,298,Modern Trade,Subang
S09340,2024-09-06,CUST-114,PROD-013,128,Distributor,Cirebon Kab.
S09341,2024-01-02,CUST-014,PROD-006,82,Traditional Trade,Pangandaran
S09342,2024-05-20,CUST-100,PROD-038,123,Traditional Trade,Pangandaran
S09343,2024-03-10,CUST-187,PROD-021,66,Modern Trade,Pangandaran
S09344,2024-12-04,CUST-012,PROD-019,56,Traditional Trade,Cirebon
S09345,2024-03-04,CUST-116,PROD-025,8,E-commerce,Cianjur
S09346,2024-04-02,CUST-123,PROD-039,49,E-commerce,Bandung
S09347,2024-06-29,CUST-023,PROD-004,72,Traditional Trade,Cirebon Kab.
S09348,2024-03-27,CUST-085,PROD-022,109,Modern Trade,Sukabumi Kab.
S09349,2024-03-13,CUST-072,PROD-005,387,Distributor,Sumedang
S09350,2024-08-01,CUST-167,PROD-001,164,Modern Trade,Depok
S09351,2024-02-03,CUST-122,PROD-017,63,Traditional Trade,Bogor
S09352,2024-01-23,CUST-137,PROD-009,19,E-commerce,Kuningan
S09353,2024-04-25,CUST-095,PROD-009,3,E-commerce,Pangandaran
S09354,2024-09-21,CUST-025,PROD-024,43,Traditional Trade,Bandung Barat
S09355,2024-07-15,CUST-017,PROD-010,70,Traditional Trade,Cianjur
S09356,2024-05-17,CUST-170,PROD-020,293,Modern Trade,Bogor Kab.
S09357,2024-07-19,CUST-029,PROD-017,102,Traditional Trade,Tasikmalaya Kab.
S09358,2024-04-23,CUST-188,PROD-013,191,Modern Trade,Bekasi Kab.
S09359,2024-12-12,CUST-067,PROD-029,16,E-commerce,Purwakarta
S09360,2024-01-22,CUST-085,PROD-036,44,Modern Trade,Sukabumi Kab.
S09361,2024-08-28,CUST-057,PROD-023,96,Modern Trade,Tasikmalaya Kab.
S09362,2024-11-28,CUST-072,PROD-027,207,Distributor,Sumedang
S09363,2024-11-02,CUST-014,PROD-018,73,Traditional Trade,Pangandaran
S09364,2024-03-07,CUST-039,PROD-018,120,Traditional Trade,Purwakarta
S09365,2024-04-05,CUST-144,PROD-009,12,Traditional Trade,Banjar
S09366,2024-09-19,CUST-018,PROD-003,111,Traditional Trade,Bogor
S09367,2024-02-02,CUST-075,PROD-007,156,Distributor,Bandung Barat
S09368,2024-11-04,CUST-102,PROD-015,50,E-commerce,Tasikmalaya Kab.
S09369,2024-09-20,CUST-020,PROD-030,14,Traditional Trade,Pangandaran
S09370,2024-09-25,CUST-117,PROD-009,28,E-commerce,Cirebon
S09371,2024-02-08,CUST-174,PROD-027,469,Distributor,Karawang
S09372,2024-09-19,CUST-117,PROD-036,10,E-commerce,Cirebon
S09373,2024-08-31,CUST-173,PROD-018,111,Modern Trade,Depok
S09374,2024-11-10,CUST-004,PROD-031,72,Modern Trade,Cirebon
S09375,2024-01-16,CUST-084,PROD-017,184,Modern Trade,Bandung Barat
S09376,2024-01-09,CUST-148,PROD-006,5,E-commerce,Bogor
S09377,2024-04-25,CUST-139,PROD-039,60,Traditional Trade,Cianjur
S09378,2024-02-25,CUST-114,PROD-025,439,Distributor,Cirebon Kab.
S09379,2024-07-16,CUST-065,PROD-038,231,Modern Trade,Cirebon Kab.
S09380,2024-12-06,CUST-146,PROD-038,19,E-commerce,Bogor
S09381,2024-04-30,CUST-167,PROD-031,199,Modern Trade,Depok
S09382,2024-11-14,CUST-044,PROD-029,137,Modern Trade,Tasikmalaya
S09383,2024-01-01,CUST-118,PROD-040,49,E-commerce,Garut
S09384,2024-03-03,CUST-100,PROD-009,82,Traditional Trade,Pangandaran
S09385,2024-01-12,CUST-018,PROD-001,143,Traditional Trade,Bogor
S09386,2024-04-13,CUST-175,PROD-016,55,Modern Trade,Purwakarta
S09387,2024-12-04,CUST-159,PROD-038,78,Modern Trade,Garut Kab.
S09388,2024-02-06,CUST-128,PROD-023,45,E-commerce,Tasikmalaya Kab.
S09389,2024-08-04,CUST-167,PROD-008,67,Modern Trade,Depok
S09390,2024-06-03,CUST-038,PROD-012,465,Distributor,Purwakarta
S09391,2024-12-13,CUST-175,PROD-010,225,Modern Trade,Purwakarta
S09392,2024-02-16,CUST-198,PROD-016,164,Distributor,Bandung
S09393,2024-03-14,CUST-136,PROD-024,59,Distributor,Indramayu
S09394,2024-01-12,CUST-104,PROD-039,13,E-commerce,Karawang
S09395,2024-05-24,CUST-193,PROD-008,278,Modern Trade,Tasikmalaya Kab.
S09396,2024-03-31,CUST-013,PROD-011,341,Distributor,Cianjur
S09397,2024-11-22,CUST-055,PROD-026,95,Modern Trade,Subang
S09398,2024-08-03,CUST-088,PROD-007,433,Distributor,Indramayu
S09399,2024-08-07,CUST-085,PROD-015,156,Modern Trade,Sukabumi Kab.
S09400,2024-07-05,CUST-109,PROD-015,122,Traditional Trade,Tasikmalaya
S09401,2024-02-05,CUST-043,PROD-003,144,Modern Trade,Ciamis
S09402,2024-05-31,CUST-132,PROD-016,15,E-commerce,Cimahi
S09403,2024-12-31,CUST-071,PROD-015,85,Traditional Trade,Bogor Kab.
S09404,2024-11-11,CUST-188,PROD-025,215,Modern Trade,Bekasi Kab.
S09405,2024-11-29,CUST-012,PROD-033,52,Traditional Trade,Cirebon
S09406,2024-11-08,CUST-059,PROD-014,2,E-commerce,Tasikmalaya Kab.
S09407,2024-02-09,CUST-182,PROD-024,8,Traditional Trade,Banjar
S09408,2024-03-18,CUST-044,PROD-011,12,Modern Trade,Tasikmalaya
S09409,2024-01-02,CUST-016,PROD-003,3,E-commerce,Cimahi
S09410,2024-04-07,CUST-134,PROD-009,73,Traditional Trade,Bandung Barat
S09411,2024-02-11,CUST-014,PROD-006,97,Traditional Trade,Pangandaran
S09412,2024-06-11,CUST-115,PROD-031,293,Modern Trade,Cimahi
S09413,2024-08-30,CUST-112,PROD-016,27,Traditional Trade,Cianjur
S09414,2024-11-23,CUST-123,PROD-011,30,E-commerce,Bandung
S09415,2024-10-06,CUST-058,PROD-017,23,E-commerce,Sukabumi
S09416,2024-12-13,CUST-159,PROD-003,60,Modern Trade,Garut Kab.
S09417,2024-01-21,CUST-169,PROD-019,45,Traditional Trade,Ciamis
S09418,2024-01-05,CUST-120,PROD-024,52,Modern Trade,Cimahi
S09419,2024-08-24,CUST-035,PROD-008,253,Distributor,Garut Kab.
S09420,2024-04-03,CUST-010,PROD-036,27,E-commerce,Kuningan
S09421,2024-03-25,CUST-081,PROD-040,67,Modern Trade,Sumedang
S09422,2024-04-14,CUST-158,PROD-002,63,Traditional Trade,Depok
S09423,2024-03-29,CUST-044,PROD-023,177,Modern Trade,Tasikmalaya
S09424,2024-06-27,CUST-183,PROD-040,66,Traditional Trade,Bandung Barat
S09425,2024-05-28,CUST-071,PROD-030,120,Traditional Trade,Bogor Kab.
S09426,2024-06-27,CUST-018,PROD-025,115,Traditional Trade,Bogor
S09427,2024-08-28,CUST-083,PROD-007,72,Distributor,Cirebon Kab.
S09428,2024-04-28,CUST-079,PROD-028,44,E-commerce,Bogor Kab.
S09429,2024-03-24,CUST-086,PROD-017,23,Traditional Trade,Bogor Kab.
S09430,2024-03-02,CUST-167,PROD-032,181,Modern Trade,Depok
S09431,2024-04-19,CUST-042,PROD-001,15,Traditional Trade,Kuningan
S09432,2024-10-02,CUST-182,PROD-027,64,Traditional Trade,Banjar
S09433,2024-10-09,CUST-124,PROD-036,38,E-commerce,Garut Kab.
S09434,2024-08-26,CUST-030,PROD-007,40,E-commerce,Banjar
S09435,2024-03-20,CUST-020,PROD-003,7,Traditional Trade,Pangandaran
S09436,2024-07-28,CUST-126,PROD-030,148,Traditional Trade,Sukabumi Kab.
S09437,2024-07-21,CUST-096,PROD-001,279,Distributor,Indramayu
S09438,2024-06-16,CUST-125,PROD-034,9,E-commerce,Bekasi
S09439,2024-07-13,CUST-042,PROD-038,45,Traditional Trade,Kuningan
S09440,2024-06-19,CUST-089,PROD-036,202,Modern Trade,Purwakarta
S09441,2024-07-19,CUST-087,PROD-033,340,Distributor,Subang
S09442,2024-09-18,CUST-005,PROD-016,131,Traditional Trade,Cimahi
S09443,2024-02-11,CUST-050,PROD-038,468,Distributor,Sukabumi
S09444,2024-10-06,CUST-041,PROD-011,12,E-commerce,Cirebon Kab.
S09445,2024-02-21,CUST-094,PROD-008,97,Distributor,Cimahi
S09446,2024-01-26,CUST-167,PROD-001,116,Modern Trade,Depok
S09447,2024-12-24,CUST-057,PROD-014,273,Modern Trade,Tasikmalaya Kab.
S09448,2024-12-18,CUST-185,PROD-030,31,Traditional Trade,Karawang
S09449,2024-01-24,CUST-165,PROD-021,13,Traditional Trade,Karawang
S09450,2024-05-30,CUST-135,PROD-021,229,Modern Trade,Bandung
S09451,2024-03-07,CUST-133,PROD-034,207,Distributor,Cirebon Kab.
S09452,2024-06-16,CUST-051,PROD-038,23,Modern Trade,Depok
S09453,2024-11-10,CUST-106,PROD-026,456,Distributor,Purwakarta
S09454,2024-12-17,CUST-136,PROD-014,78,Distributor,Indramayu
S09455,2024-08-14,CUST-184,PROD-040,75,Distributor,Sukabumi Kab.
S09456,2024-04-20,CUST-011,PROD-035,147,Traditional Trade,Cirebon
S09457,2024-08-03,CUST-150,PROD-018,119,Traditional Trade,Purwakarta
S09458,2024-04-09,CUST-098,PROD-020,227,Modern Trade,Sumedang
S09459,2024-12-04,CUST-099,PROD-009,85,Traditional Trade,Purwakarta
S09460,2024-11-22,CUST-139,PROD-033,71,Traditional Trade,Cianjur
S09461,2024-07-16,CUST-188,PROD-004,258,Modern Trade,Bekasi Kab.
S09462,2024-04-12,CUST-096,PROD-004,193,Distributor,Indramayu
S09463,2024-04-04,CUST-106,PROD-016,190,Distributor,Purwakarta
S09464,2024-01-13,CUST-143,PROD-026,395,Distributor,Cimahi
S09465,2024-11-06,CUST-166,PROD-006,105,Modern Trade,Garut
S09466,2024-06-02,CUST-001,PROD-037,122,Traditional Trade,Depok
S09467,2024-04-12,CUST-046,PROD-022,367,Distributor,Bekasi
S09468,2024-06-11,CUST-088,PROD-039,234,Distributor,Indramayu
S09469,2024-11-06,CUST-171,PROD-007,40,Traditional Trade,Bekasi
S09470,2024-02-16,CUST-022,PROD-030,493,Distributor,Cianjur
S09471,2024-11-18,CUST-003,PROD-010,22,E-commerce,Purwakarta
S09472,2024-11-30,CUST-142,PROD-015,429,Distributor,Cirebon Kab.
S09473,2024-12-15,CUST-130,PROD-006,210,Modern Trade,Depok
S09474,2024-05-02,CUST-061,PROD-024,327,Distributor,Bandung Barat
S09475,2024-03-15,CUST-160,PROD-002,109,Traditional Trade,Sukabumi
S09476,2024-04-25,CUST-038,PROD-040,419,Distributor,Purwakarta
S09477,2024-04-14,CUST-046,PROD-015,159,Distributor,Bekasi
S09478,2024-03-05,CUST-170,PROD-021,221,Modern Trade,Bogor Kab.
S09479,2024-08-04,CUST-134,PROD-018,7,Traditional Trade,Bandung Barat
S09480,2024-06-13,CUST-041,PROD-005,36,E-commerce,Cirebon Kab.
S09481,2024-11-21,CUST-153,PROD-025,146,Distributor,Bandung
S09482,2024-01-13,CUST-139,PROD-036,40,Traditional Trade,Cianjur
S09483,2024-08-18,CUST-110,PROD-010,275,Modern Trade,Depok
S09484,2024-10-13,CUST-041,PROD-023,36,E-commerce,Cirebon Kab.
S09485,2024-10-11,CUST-199,PROD-024,25,Traditional Trade,Tasikmalaya
S09486,2024-11-27,CUST-057,PROD-010,226,Modern Trade,Tasikmalaya Kab.
S09487,2024-09-25,CUST-174,PROD-006,482,Distributor,Karawang
S09488,2024-12-10,CUST-123,PROD-013,40,E-commerce,Bandung
S09489,2024-04-14,CUST-086,PROD-021,119,Traditional Trade,Bogor Kab.
S09490,2024-06-24,CUST-176,PROD-032,121,Modern Trade,Cirebon
S09491,2024-01-06,CUST-063,PROD-015,124,Traditional Trade,Purwakarta
S09492,2024-01-03,CUST-039,PROD-002,83,Traditional Trade,Purwakarta
S09493,2024-03-21,CUST-138,PROD-015,105,Modern Trade,Kuningan
S09494,2024-02-08,CUST-198,PROD-017,481,Distributor,Bandung
S09495,2024-03-26,CUST-193,PROD-020,197,Modern Trade,Tasikmalaya Kab.
S09496,2024-03-05,CUST-187,PROD-006,153,Modern Trade,Pangandaran
S09497,2024-01-11,CUST-164,PROD-015,32,Traditional Trade,Sukabumi Kab.
S09498,2024-12-04,CUST-027,PROD-017,15,Modern Trade,Bandung
S09499,2024-01-04,CUST-183,PROD-026,65,Traditional Trade,Bandung Barat
S09500,2024-09-29,CUST-198,PROD-022,311,Distributor,Bandung
S09501,2024-02-26,CUST-081,PROD-009,239,Modern Trade,Sumedang
S09502,2024-12-05,CUST-181,PROD-012,47,E-commerce,Garut
S09503,2024-11-29,CUST-107,PROD-022,109,Traditional Trade,Karawang
S09504,2024-08-21,CUST-188,PROD-023,208,Modern Trade,Bekasi Kab.
S09505,2024-08-28,CUST-189,PROD-037,27,E-commerce,Cirebon Kab.
S09506,2024-01-03,CUST-036,PROD-014,66,Traditional Trade,Sukabumi Kab.
S09507,2024-12-27,CUST-085,PROD-024,293,Modern Trade,Sukabumi Kab.
S09508,2024-11-24,CUST-155,PROD-008,129,Distributor,Tasikmalaya Kab.
S09509,2024-11-30,CUST-169,PROD-026,13,Traditional Trade,Ciamis
S09510,2024-08-23,CUST-028,PROD-032,189,Modern Trade,Cirebon Kab.
S09511,2024-04-17,CUST-016,PROD-028,15,E-commerce,Cimahi
S09512,2024-11-29,CUST-035,PROD-032,211,Distributor,Garut Kab.
S09513,2024-04-04,CUST-164,PROD-022,24,Traditional Trade,Sukabumi Kab.
S09514,2024-07-18,CUST-184,PROD-009,255,Distributor,Sukabumi Kab.
S09515,2024-02-07,CUST-099,PROD-003,64,Traditional Trade,Purwakarta
S09516,2024-12-08,CUST-147,PROD-025,11,E-commerce,Bandung
S09517,2024-02-22,CUST-185,PROD-039,98,Traditional Trade,Karawang
S09518,2024-03-17,CUST-122,PROD-012,71,Traditional Trade,Bogor
S09519,2024-07-16,CUST-161,PROD-029,11,Modern Trade,Purwakarta
S09520,2024-10-13,CUST-023,PROD-003,146,Traditional Trade,Cirebon Kab.
S09521,2024-08-09,CUST-119,PROD-023,48,Traditional Trade,Majalengka
S09522,2024-03-19,CUST-063,PROD-023,138,Traditional Trade,Purwakarta
S09523,2024-01-01,CUST-070,PROD-018,140,Traditional Trade,Majalengka
S09524,2024-10-10,CUST-150,PROD-011,43,Traditional Trade,Purwakarta
S09525,2024-12-27,CUST-195,PROD-036,97,Traditional Trade,Tasikmalaya
S09526,2024-11-04,CUST-080,PROD-026,93,Distributor,Banjar
S09527,2024-06-06,CUST-059,PROD-008,27,E-commerce,Tasikmalaya Kab.
S09528,2024-12-02,CUST-153,PROD-028,321,Distributor,Bandung
S09529,2024-05-10,CUST-017,PROD-018,43,Traditional Trade,Cianjur
S09530,2024-07-02,CUST-039,PROD-013,133,Traditional Trade,Purwakarta
S09531,2024-06-13,CUST-077,PROD-036,298,Modern Trade,Banjar
S09532,2024-06-01,CUST-092,PROD-040,54,Traditional Trade,Kuningan
S09533,2024-10-19,CUST-167,PROD-012,292,Modern Trade,Depok
S09534,2024-07-03,CUST-024,PROD-022,218,Modern Trade,Bekasi Kab.
S09535,2024-04-10,CUST-166,PROD-002,133,Modern Trade,Garut
S09536,2024-03-26,CUST-088,PROD-040,391,Distributor,Indramayu
S09537,2024-01-15,CUST-185,PROD-028,32,Traditional Trade,Karawang
S09538,2024-07-26,CUST-044,PROD-013,160,Modern Trade,Tasikmalaya
S09539,2024-03-19,CUST-036,PROD-033,68,Traditional Trade,Sukabumi Kab.
S09540,2024-02-25,CUST-099,PROD-003,53,Traditional Trade,Purwakarta
S09541,2024-08-21,CUST-070,PROD-034,115,Traditional Trade,Majalengka
S09542,2024-08-31,CUST-122,PROD-023,132,Traditional Trade,Bogor
S09543,2024-10-07,CUST-124,PROD-032,9,E-commerce,Garut Kab.
S09544,2024-06-24,CUST-080,PROD-020,328,Distributor,Banjar
S09545,2024-11-29,CUST-045,PROD-028,139,Traditional Trade,Bogor
S09546,2024-12-12,CUST-154,PROD-008,208,Distributor,Bekasi
S09547,2024-11-03,CUST-139,PROD-003,64,Traditional Trade,Cianjur
S09548,2024-08-15,CUST-180,PROD-030,366,Distributor,Garut Kab.
S09549,2024-04-07,CUST-153,PROD-025,124,Distributor,Bandung
S09550,2024-12-26,CUST-031,PROD-030,237,Modern Trade,Cirebon Kab.
S09551,2024-03-30,CUST-085,PROD-029,163,Modern Trade,Sukabumi Kab.
S09552,2024-03-11,CUST-045,PROD-030,104,Traditional Trade,Bogor
S09553,2024-05-29,CUST-115,PROD-034,296,Modern Trade,Cimahi
S09554,2024-01-22,CUST-067,PROD-025,49,E-commerce,Purwakarta
S09555,2024-12-25,CUST-076,PROD-017,276,Distributor,Bekasi Kab.
S09556,2024-07-28,CUST-040,PROD-024,178,Modern Trade,Garut
S09557,2024-07-15,CUST-174,PROD-038,333,Distributor,Karawang
S09558,2024-08-22,CUST-182,PROD-028,94,Traditional Trade,Banjar
S09559,2024-06-21,CUST-041,PROD-033,6,E-commerce,Cirebon Kab.
S09560,2024-01-13,CUST-120,PROD-036,299,Modern Trade,Cimahi
S09561,2024-08-06,CUST-081,PROD-007,18,Modern Trade,Sumedang
S09562,2024-09-18,CUST-038,PROD-023,398,Distributor,Purwakarta
S09563,2024-05-14,CUST-100,PROD-026,102,Traditional Trade,Pangandaran
S09564,2024-10-10,CUST-164,PROD-014,16,Traditional Trade,Sukabumi Kab.
S09565,2024-03-18,CUST-172,PROD-028,321,Distributor,Kuningan
S09566,2024-03-16,CUST-057,PROD-024,80,Modern Trade,Tasikmalaya Kab.
S09567,2024-03-01,CUST-066,PROD-007,144,Modern Trade,Cimahi
S09568,2024-04-25,CUST-030,PROD-036,3,E-commerce,Banjar
S09569,2024-11-15,CUST-010,PROD-039,20,E-commerce,Kuningan
S09570,2024-11-09,CUST-061,PROD-015,54,Distributor,Bandung Barat
S09571,2024-04-27,CUST-191,PROD-003,500,Distributor,Ciamis
S09572,2024-07-28,CUST-036,PROD-002,42,Traditional Trade,Sukabumi Kab.
S09573,2024-09-21,CUST-054,PROD-007,15,E-commerce,Tasikmalaya
S09574,2024-03-22,CUST-097,PROD-016,103,Traditional Trade,Karawang
S09575,2024-03-02,CUST-193,PROD-021,160,Modern Trade,Tasikmalaya Kab.
S09576,2024-12-23,CUST-004,PROD-009,267,Modern Trade,Cirebon
S09577,2024-08-08,CUST-183,PROD-012,104,Traditional Trade,Bandung Barat
S09578,2024-12-26,CUST-054,PROD-029,21,E-commerce,Tasikmalaya
S09579,2024-04-16,CUST-111,PROD-024,191,Distributor,Sukabumi
S09580,2024-09-12,CUST-091,PROD-033,260,Modern Trade,Subang
S09581,2024-03-17,CUST-089,PROD-014,243,Modern Trade,Purwakarta
S09582,2024-03-27,CUST-064,PROD-018,143,Traditional Trade,Depok
S09583,2024-06-27,CUST-119,PROD-005,136,Traditional Trade,Majalengka
S09584,2024-04-11,CUST-092,PROD-015,51,Traditional Trade,Kuningan
S09585,2024-03-02,CUST-150,PROD-007,120,Traditional Trade,Purwakarta
S09586,2024-03-27,CUST-153,PROD-025,143,Distributor,Bandung
S09587,2024-01-14,CUST-081,PROD-014,258,Modern Trade,Sumedang
S09588,2024-09-12,CUST-059,PROD-040,36,E-commerce,Tasikmalaya Kab.
S09589,2024-06-19,CUST-185,PROD-036,24,Traditional Trade,Karawang
S09590,2024-02-05,CUST-182,PROD-035,20,Traditional Trade,Banjar
S09591,2024-03-03,CUST-044,PROD-024,145,Modern Trade,Tasikmalaya
S09592,2024-02-08,CUST-180,PROD-015,286,Distributor,Garut Kab.
S09593,2024-08-06,CUST-076,PROD-011,239,Distributor,Bekasi Kab.
S09594,2024-02-05,CUST-144,PROD-024,68,Traditional Trade,Banjar
S09595,2024-10-08,CUST-101,PROD-011,173,Modern Trade,Cianjur
S09596,2024-01-08,CUST-125,PROD-017,5,E-commerce,Bekasi
S09597,2024-03-24,CUST-016,PROD-006,21,E-commerce,Cimahi
S09598,2024-11-28,CUST-055,PROD-021,47,Modern Trade,Subang
S09599,2024-09-20,CUST-189,PROD-008,23,E-commerce,Cirebon Kab.
S09600,2024-01-28,CUST-095,PROD-015,19,E-commerce,Pangandaran
S09601,2024-11-07,CUST-079,PROD-032,10,E-commerce,Bogor Kab.
S09602,2024-06-20,CUST-077,PROD-010,150,Modern Trade,Banjar
S09603,2024-11-15,CUST-040,PROD-028,26,Modern Trade,Garut
S09604,2024-08-02,CUST-021,PROD-015,104,Modern Trade,Bandung Barat
S09605,2024-09-01,CUST-066,PROD-012,243,Modern Trade,Cimahi
S09606,2024-12-30,CUST-136,PROD-018,477,Distributor,Indramayu
S09607,2024-03-19,CUST-199,PROD-037,49,Traditional Trade,Tasikmalaya
S09608,2024-08-10,CUST-010,PROD-024,24,E-commerce,Kuningan
S09609,2024-06-06,CUST-185,PROD-037,46,Traditional Trade,Karawang
S09610,2024-01-16,CUST-132,PROD-029,19,E-commerce,Cimahi
S09611,2024-01-06,CUST-043,PROD-010,122,Modern Trade,Ciamis
S09612,2024-02-14,CUST-105,PROD-014,491,Distributor,Sukabumi
S09613,2024-08-20,CUST-063,PROD-016,137,Traditional Trade,Purwakarta
S09614,2024-07-20,CUST-171,PROD-037,12,Traditional Trade,Bekasi
S09615,2024-07-14,CUST-195,PROD-011,41,Traditional Trade,Tasikmalaya
S09616,2024-01-13,CUST-082,PROD-026,56,Modern Trade,Tasikmalaya Kab.
S09617,2024-06-10,CUST-051,PROD-040,109,Modern Trade,Depok
S09618,2024-12-09,CUST-056,PROD-019,93,Traditional Trade,Sumedang
S09619,2024-05-02,CUST-171,PROD-018,137,Traditional Trade,Bekasi
S09620,2024-08-11,CUST-152,PROD-030,240,Distributor,Bogor
S09621,2024-10-21,CUST-034,PROD-032,243,Modern Trade,Garut Kab.
S09622,2024-10-24,CUST-059,PROD-023,25,E-commerce,Tasikmalaya Kab.
S09623,2024-06-30,CUST-130,PROD-012,244,Modern Trade,Depok
S09624,2024-11-18,CUST-130,PROD-013,135,Modern Trade,Depok
S09625,2024-04-30,CUST-138,PROD-021,187,Modern Trade,Kuningan
S09626,2024-11-28,CUST-151,PROD-021,120,Traditional Trade,Subang
S09627,2024-03-21,CUST-143,PROD-029,169,Distributor,Cimahi
S09628,2024-04-01,CUST-118,PROD-029,30,E-commerce,Garut
S09629,2024-01-21,CUST-128,PROD-027,48,E-commerce,Tasikmalaya Kab.
S09630,2024-10-30,CUST-017,PROD-029,98,Traditional Trade,Cianjur
S09631,2024-05-14,CUST-082,PROD-015,64,Modern Trade,Tasikmalaya Kab.
S09632,2024-03-18,CUST-014,PROD-012,50,Traditional Trade,Pangandaran
S09633,2024-03-19,CUST-081,PROD-019,296,Modern Trade,Sumedang
S09634,2024-12-02,CUST-123,PROD-012,34,E-commerce,Bandung
S09635,2024-11-11,CUST-016,PROD-023,28,E-commerce,Cimahi
S09636,2024-07-14,CUST-032,PROD-005,123,Distributor,Tasikmalaya
S09637,2024-08-08,CUST-023,PROD-026,60,Traditional Trade,Cirebon Kab.
S09638,2024-06-12,CUST-102,PROD-010,17,E-commerce,Tasikmalaya Kab.
S09639,2024-04-30,CUST-162,PROD-022,143,Traditional Trade,Purwakarta
S09640,2024-12-06,CUST-098,PROD-039,208,Modern Trade,Sumedang
S09641,2024-02-17,CUST-144,PROD-023,21,Traditional Trade,Banjar
S09642,2024-05-15,CUST-162,PROD-011,109,Traditional Trade,Purwakarta
S09643,2024-04-17,CUST-104,PROD-028,10,E-commerce,Karawang
S09644,2024-06-22,CUST-126,PROD-031,138,Traditional Trade,Sukabumi Kab.
S09645,2024-06-05,CUST-199,PROD-008,85,Traditional Trade,Tasikmalaya
S09646,2024-06-30,CUST-161,PROD-039,25,Modern Trade,Purwakarta
S09647,2024-02-22,CUST-068,PROD-028,39,E-commerce,Bogor
S09648,2024-06-28,CUST-171,PROD-016,94,Traditional Trade,Bekasi
S09649,2024-03-22,CUST-064,PROD-031,8,Traditional Trade,Depok
S09650,2024-03-07,CUST-071,PROD-016,66,Traditional Trade,Bogor Kab.
S09651,2024-01-25,CUST-018,PROD-005,60,Traditional Trade,Bogor
S09652,2024-10-13,CUST-196,PROD-035,37,Traditional Trade,Depok
S09653,2024-05-20,CUST-113,PROD-025,40,Modern Trade,Bandung
S09654,2024-08-11,CUST-125,PROD-013,7,E-commerce,Bekasi
S09655,2024-09-24,CUST-127,PROD-029,137,Traditional Trade,Depok
S09656,2024-08-31,CUST-061,PROD-027,470,Distributor,Bandung Barat
S09657,2024-06-10,CUST-075,PROD-040,50,Distributor,Bandung Barat
S09658,2024-04-29,CUST-107,PROD-017,49,Traditional Trade,Karawang
S09659,2024-04-26,CUST-148,PROD-037,47,E-commerce,Bogor
S09660,2024-08-16,CUST-139,PROD-038,34,Traditional Trade,Cianjur
S09661,2024-06-20,CUST-174,PROD-029,130,Distributor,Karawang
S09662,2024-11-16,CUST-192,PROD-034,28,Traditional Trade,Cirebon
S09663,2024-11-23,CUST-081,PROD-030,296,Modern Trade,Sumedang
S09664,2024-03-03,CUST-106,PROD-031,333,Distributor,Purwakarta
S09665,2024-02-21,CUST-028,PROD-022,198,Modern Trade,Cirebon Kab.
S09666,2024-08-13,CUST-176,PROD-025,48,Modern Trade,Cirebon
S09667,2024-04-06,CUST-163,PROD-004,87,Traditional Trade,Tasikmalaya Kab.
S09668,2024-01-08,CUST-008,PROD-035,185,Modern Trade,Tasikmalaya Kab.
S09669,2024-11-28,CUST-091,PROD-009,18,Modern Trade,Subang
S09670,2024-03-18,CUST-150,PROD-026,26,Traditional Trade,Purwakarta
S09671,2024-12-10,CUST-121,PROD-027,2,E-commerce,Bogor
S09672,2024-09-19,CUST-152,PROD-027,396,Distributor,Bogor
S09673,2024-10-13,CUST-066,PROD-018,281,Modern Trade,Cimahi
S09674,2024-03-11,CUST-095,PROD-030,5,E-commerce,Pangandaran
S09675,2024-03-20,CUST-064,PROD-031,144,Traditional Trade,Depok
S09676,2024-07-01,CUST-065,PROD-003,189,Modern Trade,Cirebon Kab.
S09677,2024-03-04,CUST-125,PROD-029,26,E-commerce,Bekasi
S09678,2024-04-07,CUST-014,PROD-007,19,Traditional Trade,Pangandaran
S09679,2024-04-11,CUST-025,PROD-018,71,Traditional Trade,Bandung Barat
S09680,2024-02-29,CUST-100,PROD-016,77,Traditional Trade,Pangandaran
S09681,2024-03-12,CUST-105,PROD-032,236,Distributor,Sukabumi
S09682,2024-10-26,CUST-131,PROD-038,96,Traditional Trade,Sukabumi
S09683,2024-03-02,CUST-133,PROD-025,472,Distributor,Cirebon Kab.
S09684,2024-01-11,CUST-065,PROD-032,72,Modern Trade,Cirebon Kab.
S09685,2024-08-12,CUST-182,PROD-019,104,Traditional Trade,Banjar
S09686,2024-12-24,CUST-019,PROD-003,29,Traditional Trade,Banjar
S09687,2024-04-14,CUST-106,PROD-035,90,Distributor,Purwakarta
S09688,2024-02-14,CUST-054,PROD-029,28,E-commerce,Tasikmalaya
S09689,2024-07-21,CUST-138,PROD-011,286,Modern Trade,Kuningan
S09690,2024-12-03,CUST-144,PROD-006,65,Traditional Trade,Banjar
S09691,2024-10-24,CUST-104,PROD-019,39,E-commerce,Karawang
S09692,2024-08-10,CUST-174,PROD-037,234,Distributor,Karawang
S09693,2024-04-10,CUST-157,PROD-027,143,Traditional Trade,Subang
S09694,2024-07-09,CUST-015,PROD-005,19,E-commerce,Bogor Kab.
S09695,2024-02-04,CUST-048,PROD-026,79,Traditional Trade,Depok
S09696,2024-08-30,CUST-139,PROD-035,5,Traditional Trade,Cianjur
S09697,2024-09-23,CUST-034,PROD-019,171,Modern Trade,Garut Kab.
S09698,2024-12-21,CUST-164,PROD-017,21,Traditional Trade,Sukabumi Kab.
S09699,2024-03-26,CUST-158,PROD-035,115,Traditional Trade,Depok
S09700,2024-01-08,CUST-099,PROD-013,23,Traditional Trade,Purwakarta
S09701,2024-07-11,CUST-019,PROD-014,78,Traditional Trade,Banjar
S09702,2024-09-13,CUST-196,PROD-030,63,Traditional Trade,Depok
S09703,2024-10-27,CUST-070,PROD-017,119,Traditional Trade,Majalengka
S09704,2024-03-09,CUST-115,PROD-037,212,Modern Trade,Cimahi
S09705,2024-03-27,CUST-161,PROD-015,40,Modern Trade,Purwakarta
S09706,2024-06-27,CUST-096,PROD-018,243,Distributor,Indramayu
S09707,2024-04-14,CUST-075,PROD-014,155,Distributor,Bandung Barat
S09708,2024-11-19,CUST-150,PROD-014,115,Traditional Trade,Purwakarta
S09709,2024-06-12,CUST-036,PROD-033,54,Traditional Trade,Sukabumi Kab.
S09710,2024-11-01,CUST-151,PROD-038,130,Traditional Trade,Subang
S09711,2024-07-25,CUST-063,PROD-011,107,Traditional Trade,Purwakarta
S09712,2024-10-18,CUST-154,PROD-011,212,Distributor,Bekasi
S09713,2024-04-14,CUST-188,PROD-026,130,Modern Trade,Bekasi Kab.
S09714,2024-11-10,CUST-093,PROD-003,289,Distributor,Tasikmalaya
S09715,2024-03-30,CUST-005,PROD-025,149,Traditional Trade,Cimahi
S09716,2024-07-11,CUST-182,PROD-017,99,Traditional Trade,Banjar
S09717,2024-03-14,CUST-166,PROD-022,217,Modern Trade,Garut
S09718,2024-06-12,CUST-190,PROD-029,21,E-commerce,Cirebon Kab.
S09719,2024-04-11,CUST-025,PROD-026,98,Traditional Trade,Bandung Barat
S09720,2024-03-28,CUST-098,PROD-034,202,Modern Trade,Sumedang
S09721,2024-12-21,CUST-012,PROD-026,146,Traditional Trade,Cirebon
S09722,2024-02-29,CUST-150,PROD-009,20,Traditional Trade,Purwakarta
S09723,2024-10-25,CUST-137,PROD-040,9,E-commerce,Kuningan
S09724,2024-12-27,CUST-084,PROD-011,210,Modern Trade,Bandung Barat
S09725,2024-01-08,CUST-029,PROD-007,113,Traditional Trade,Tasikmalaya Kab.
S09726,2024-09-09,CUST-172,PROD-030,466,Distributor,Kuningan
S09727,2024-03-25,CUST-109,PROD-002,98,Traditional Trade,Tasikmalaya
S09728,2024-01-16,CUST-027,PROD-030,272,Modern Trade,Bandung
S09729,2024-05-05,CUST-055,PROD-004,219,Modern Trade,Subang
S09730,2024-12-12,CUST-133,PROD-014,198,Distributor,Cirebon Kab.
S09731,2024-01-05,CUST-052,PROD-013,305,Distributor,Sumedang
S09732,2024-07-28,CUST-013,PROD-025,438,Distributor,Cianjur
S09733,2024-06-23,CUST-042,PROD-013,144,Traditional Trade,Kuningan
S09734,2024-11-23,CUST-143,PROD-013,492,Distributor,Cimahi
S09735,2024-02-02,CUST-079,PROD-037,17,E-commerce,Bogor Kab.
S09736,2024-08-31,CUST-018,PROD-006,92,Traditional Trade,Bogor
S09737,2024-08-31,CUST-050,PROD-026,214,Distributor,Sukabumi
S09738,2024-08-27,CUST-002,PROD-014,44,E-commerce,Ciamis
S09739,2024-12-14,CUST-087,PROD-008,132,Distributor,Subang
S09740,2024-11-08,CUST-107,PROD-024,49,Traditional Trade,Karawang
S09741,2024-01-17,CUST-141,PROD-022,129,Distributor,Bogor
S09742,2024-06-11,CUST-196,PROD-040,29,Traditional Trade,Depok
S09743,2024-05-02,CUST-047,PROD-039,292,Modern Trade,Garut
S09744,2024-04-08,CUST-089,PROD-021,60,Modern Trade,Purwakarta
S09745,2024-06-03,CUST-178,PROD-026,123,Traditional Trade,Karawang
S09746,2024-04-28,CUST-012,PROD-010,112,Traditional Trade,Cirebon
S09747,2024-05-23,CUST-013,PROD-013,287,Distributor,Cianjur
S09748,2024-12-25,CUST-137,PROD-014,42,E-commerce,Kuningan
S09749,2024-02-03,CUST-059,PROD-009,8,E-commerce,Tasikmalaya Kab.
S09750,2024-12-08,CUST-173,PROD-007,195,Modern Trade,Depok
S09751,2024-06-14,CUST-198,PROD-039,129,Distributor,Bandung
S09752,2024-08-10,CUST-043,PROD-031,105,Modern Trade,Ciamis
S09753,2024-11-10,CUST-074,PROD-016,17,E-commerce,Bogor Kab.
S09754,2024-04-22,CUST-023,PROD-008,100,Traditional Trade,Cirebon Kab.
S09755,2024-05-22,CUST-079,PROD-015,11,E-commerce,Bogor Kab.
S09756,2024-05-09,CUST-173,PROD-025,15,Modern Trade,Depok
S09757,2024-04-25,CUST-023,PROD-038,26,Traditional Trade,Cirebon Kab.
S09758,2024-12-09,CUST-101,PROD-015,229,Modern Trade,Cianjur
S09759,2024-11-10,CUST-162,PROD-025,107,Traditional Trade,Purwakarta
S09760,2024-02-11,CUST-144,PROD-007,16,Traditional Trade,Banjar
S09761,2024-02-10,CUST-191,PROD-026,332,Distributor,Ciamis
S09762,2024-05-21,CUST-109,PROD-008,133,Traditional Trade,Tasikmalaya
S09763,2024-02-07,CUST-179,PROD-018,241,Distributor,Depok
S09764,2024-08-09,CUST-111,PROD-021,274,Distributor,Sukabumi
S09765,2024-02-23,CUST-160,PROD-016,84,Traditional Trade,Sukabumi
S09766,2024-07-01,CUST-166,PROD-003,176,Modern Trade,Garut
S09767,2024-01-03,CUST-184,PROD-001,365,Distributor,Sukabumi Kab.
S09768,2024-04-10,CUST-197,PROD-013,165,Distributor,Bandung
S09769,2024-08-30,CUST-017,PROD-032,74,Traditional Trade,Cianjur
S09770,2024-06-16,CUST-086,PROD-012,40,Traditional Trade,Bogor Kab.
S09771,2024-12-25,CUST-039,PROD-031,133,Traditional Trade,Purwakarta
S09772,2024-11-23,CUST-041,PROD-002,30,E-commerce,Cirebon Kab.
S09773,2024-04-21,CUST-048,PROD-008,56,Traditional Trade,Depok
S09774,2024-01-18,CUST-156,PROD-025,2,E-commerce,Kuningan
S09775,2024-11-15,CUST-077,PROD-005,249,Modern Trade,Banjar
S09776,2024-12-05,CUST-178,PROD-002,141,Traditional Trade,Karawang
S09777,2024-11-07,CUST-001,PROD-038,115,Traditional Trade,Depok
S09778,2024-02-18,CUST-117,PROD-039,24,E-commerce,Cirebon
S09779,2024-12-31,CUST-178,PROD-003,52,Traditional Trade,Karawang
S09780,2024-03-26,CUST-019,PROD-038,109,Traditional Trade,Banjar
S09781,2024-09-23,CUST-059,PROD-022,39,E-commerce,Tasikmalaya Kab.
S09782,2024-12-04,CUST-196,PROD-040,46,Traditional Trade,Depok
S09783,2024-03-20,CUST-107,PROD-033,98,Traditional Trade,Karawang
S09784,2024-12-04,CUST-195,PROD-032,49,Traditional Trade,Tasikmalaya
S09785,2024-04-08,CUST-169,PROD-017,134,Traditional Trade,Ciamis
S09786,2024-12-24,CUST-138,PROD-018,214,Modern Trade,Kuningan
S09787,2024-04-01,CUST-028,PROD-003,204,Modern Trade,Cirebon Kab.
S09788,2024-12-17,CUST-034,PROD-006,180,Modern Trade,Garut Kab.
S09789,2024-01-21,CUST-039,PROD-013,108,Traditional Trade,Purwakarta
S09790,2024-09-15,CUST-126,PROD-031,111,Traditional Trade,Sukabumi Kab.
S09791,2024-07-05,CUST-083,PROD-017,451,Distributor,Cirebon Kab.
S09792,2024-06-13,CUST-106,PROD-021,88,Distributor,Purwakarta
S09793,2024-03-17,CUST-184,PROD-016,285,Distributor,Sukabumi Kab.
S09794,2024-09-13,CUST-180,PROD-017,183,Distributor,Garut Kab.
S09795,2024-03-08,CUST-110,PROD-032,261,Modern Trade,Depok
S09796,2024-07-14,CUST-121,PROD-001,42,E-commerce,Bogor
S09797,2024-03-25,CUST-107,PROD-038,31,Traditional Trade,Karawang
S09798,2024-12-18,CUST-131,PROD-008,147,Traditional Trade,Sukabumi
S09799,2024-01-11,CUST-023,PROD-001,23,Traditional Trade,Cirebon Kab.
S09800,2024-03-11,CUST-145,PROD-002,68,Traditional Trade,Garut Kab.
S09801,2024-03-22,CUST-071,PROD-037,55,Traditional Trade,Bogor Kab.
S09802,2024-05-12,CUST-154,PROD-024,224,Distributor,Bekasi
S09803,2024-03-19,CUST-107,PROD-027,61,Traditional Trade,Karawang
S09804,2024-06-19,CUST-146,PROD-020,20,E-commerce,Bogor
S09805,2024-11-23,CUST-046,PROD-021,325,Distributor,Bekasi
S09806,2024-09-16,CUST-070,PROD-037,86,Traditional Trade,Majalengka
S09807,2024-07-25,CUST-031,PROD-035,235,Modern Trade,Cirebon Kab.
S09808,2024-02-03,CUST-093,PROD-038,280,Distributor,Tasikmalaya
S09809,2024-09-07,CUST-137,PROD-015,37,E-commerce,Kuningan
S09810,2024-03-02,CUST-118,PROD-030,35,E-commerce,Garut
S09811,2024-10-25,CUST-163,PROD-004,42,Traditional Trade,Tasikmalaya Kab.
S09812,2024-03-24,CUST-081,PROD-039,47,Modern Trade,Sumedang
S09813,2024-05-14,CUST-060,PROD-015,69,Traditional Trade,Pangandaran
S09814,2024-04-19,CUST-076,PROD-023,125,Distributor,Bekasi Kab.
S09815,2024-11-19,CUST-063,PROD-015,137,Traditional Trade,Purwakarta
S09816,2024-02-17,CUST-100,PROD-026,127,Traditional Trade,Pangandaran
S09817,2024-07-19,CUST-180,PROD-012,174,Distributor,Garut Kab.
S09818,2024-02-23,CUST-048,PROD-018,31,Traditional Trade,Depok
S09819,2024-09-12,CUST-189,PROD-006,39,E-commerce,Cirebon Kab.
S09820,2024-12-03,CUST-152,PROD-018,325,Distributor,Bogor
S09821,2024-05-25,CUST-074,PROD-024,40,E-commerce,Bogor Kab.
S09822,2024-06-18,CUST-058,PROD-038,19,E-commerce,Sukabumi
S09823,2024-12-09,CUST-192,PROD-028,10,Traditional Trade,Cirebon
S09824,2024-07-01,CUST-030,PROD-015,9,E-commerce,Banjar
S09825,2024-06-17,CUST-157,PROD-019,116,Traditional Trade,Subang
S09826,2024-07-24,CUST-010,PROD-005,23,E-commerce,Kuningan
S09827,2024-09-04,CUST-039,PROD-004,143,Traditional Trade,Purwakarta
S09828,2024-02-10,CUST-055,PROD-017,186,Modern Trade,Subang
S09829,2024-11-07,CUST-028,PROD-010,165,Modern Trade,Cirebon Kab.
S09830,2024-05-25,CUST-146,PROD-012,22,E-commerce,Bogor
S09831,2024-01-28,CUST-169,PROD-005,88,Traditional Trade,Ciamis
S09832,2024-10-25,CUST-118,PROD-007,47,E-commerce,Garut
S09833,2024-04-26,CUST-114,PROD-023,151,Distributor,Cirebon Kab.
S09834,2024-02-08,CUST-075,PROD-002,129,Distributor,Bandung Barat
S09835,2024-08-14,CUST-065,PROD-030,203,Modern Trade,Cirebon Kab.
S09836,2024-11-25,CUST-081,PROD-037,290,Modern Trade,Sumedang
S09837,2024-11-27,CUST-100,PROD-005,95,Traditional Trade,Pangandaran
S09838,2024-12-19,CUST-100,PROD-020,71,Traditional Trade,Pangandaran
S09839,2024-11-21,CUST-046,PROD-026,264,Distributor,Bekasi
S09840,2024-01-01,CUST-060,PROD-039,149,Traditional Trade,Pangandaran
S09841,2024-04-27,CUST-137,PROD-006,40,E-commerce,Kuningan
S09842,2024-11-06,CUST-173,PROD-029,221,Modern Trade,Depok
S09843,2024-04-23,CUST-188,PROD-010,295,Modern Trade,Bekasi Kab.
S09844,2024-08-02,CUST-156,PROD-016,28,E-commerce,Kuningan
S09845,2024-08-04,CUST-097,PROD-034,51,Traditional Trade,Karawang
S09846,2024-04-23,CUST-003,PROD-031,45,E-commerce,Purwakarta
S09847,2024-12-03,CUST-179,PROD-036,166,Distributor,Depok
S09848,2024-06-24,CUST-136,PROD-005,200,Distributor,Indramayu
S09849,2024-06-08,CUST-114,PROD-033,132,Distributor,Cirebon Kab.
S09850,2024-12-31,CUST-198,PROD-019,106,Distributor,Bandung
S09851,2024-06-20,CUST-187,PROD-032,226,Modern Trade,Pangandaran
S09852,2024-03-05,CUST-116,PROD-023,24,E-commerce,Cianjur
S09853,2024-06-28,CUST-189,PROD-003,1,E-commerce,Cirebon Kab.
S09854,2024-11-05,CUST-058,PROD-001,28,E-commerce,Sukabumi
S09855,2024-10-20,CUST-070,PROD-036,33,Traditional Trade,Majalengka
S09856,2024-10-26,CUST-093,PROD-028,291,Distributor,Tasikmalaya
S09857,2024-09-14,CUST-140,PROD-039,50,E-commerce,Bekasi
S09858,2024-03-25,CUST-137,PROD-005,35,E-commerce,Kuningan
S09859,2024-11-20,CUST-105,PROD-013,291,Distributor,Sukabumi
S09860,2024-11-29,CUST-049,PROD-011,212,Modern Trade,Pangandaran
S09861,2024-03-09,CUST-083,PROD-022,86,Distributor,Cirebon Kab.
S09862,2024-02-19,CUST-017,PROD-023,132,Traditional Trade,Cianjur
S09863,2024-12-24,CUST-054,PROD-012,7,E-commerce,Tasikmalaya
S09864,2024-11-22,CUST-112,PROD-021,94,Traditional Trade,Cianjur
S09865,2024-11-29,CUST-172,PROD-019,392,Distributor,Kuningan
S09866,2024-11-27,CUST-160,PROD-005,68,Traditional Trade,Sukabumi
S09867,2024-07-09,CUST-163,PROD-024,22,Traditional Trade,Tasikmalaya Kab.
S09868,2024-08-19,CUST-049,PROD-030,38,Modern Trade,Pangandaran
S09869,2024-07-11,CUST-182,PROD-008,118,Traditional Trade,Banjar
S09870,2024-01-20,CUST-144,PROD-002,64,Traditional Trade,Banjar
S09871,2024-10-04,CUST-085,PROD-034,63,Modern Trade,Sukabumi Kab.
S09872,2024-06-25,CUST-012,PROD-023,76,Traditional Trade,Cirebon
S09873,2024-08-19,CUST-126,PROD-003,62,Traditional Trade,Sukabumi Kab.
S09874,2024-06-23,CUST-098,PROD-024,45,Modern Trade,Sumedang
S09875,2024-06-19,CUST-136,PROD-018,194,Distributor,Indramayu
S09876,2024-03-03,CUST-149,PROD-037,16,E-commerce,Bekasi
S09877,2024-03-31,CUST-048,PROD-031,19,Traditional Trade,Depok
S09878,2024-02-29,CUST-136,PROD-014,89,Distributor,Indramayu
S09879,2024-03-10,CUST-028,PROD-001,90,Modern Trade,Cirebon Kab.
S09880,2024-12-23,CUST-080,PROD-014,356,Distributor,Banjar
S09881,2024-02-27,CUST-010,PROD-005,1,E-commerce,Kuningan
S09882,2024-03-29,CUST-052,PROD-031,446,Distributor,Sumedang
S09883,2024-07-29,CUST-143,PROD-031,215,Distributor,Cimahi
S09884,2024-08-05,CUST-132,PROD-030,10,E-commerce,Cimahi
S09885,2024-02-27,CUST-090,PROD-036,402,Distributor,Cimahi
S09886,2024-10-29,CUST-062,PROD-001,26,E-commerce,Ciamis
S09887,2024-10-24,CUST-107,PROD-003,147,Traditional Trade,Karawang
S09888,2024-03-20,CUST-132,PROD-020,5,E-commerce,Cimahi
S09889,2024-04-03,CUST-041,PROD-021,2,E-commerce,Cirebon Kab.
S09890,2024-12-13,CUST-099,PROD-030,119,Traditional Trade,Purwakarta
S09891,2024-11-09,CUST-055,PROD-030,242,Modern Trade,Subang
S09892,2024-09-09,CUST-028,PROD-005,86,Modern Trade,Cirebon Kab.
S09893,2024-02-01,CUST-101,PROD-010,105,Modern Trade,Cianjur
S09894,2024-05-15,CUST-047,PROD-024,107,Modern Trade,Garut
S09895,2024-07-16,CUST-137,PROD-039,14,E-commerce,Kuningan
S09896,2024-03-08,CUST-130,PROD-006,128,Modern Trade,Depok
S09897,2024-06-01,CUST-195,PROD-010,42,Traditional Trade,Tasikmalaya
S09898,2024-08-02,CUST-117,PROD-010,38,E-commerce,Cirebon
S09899,2024-04-13,CUST-108,PROD-025,55,Traditional Trade,Bandung
S09900,2024-10-22,CUST-176,PROD-014,136,Modern Trade,Cirebon
S09901,2024-11-13,CUST-069,PROD-039,152,Distributor,Subang
S09902,2024-04-12,CUST-028,PROD-013,238,Modern Trade,Cirebon Kab.
S09903,2024-11-13,CUST-079,PROD-011,19,E-commerce,Bogor Kab.
S09904,2024-02-09,CUST-014,PROD-039,133,Traditional Trade,Pangandaran
S09905,2024-11-12,CUST-046,PROD-011,134,Distributor,Bekasi
S09906,2024-02-27,CUST-141,PROD-016,408,Distributor,Bogor
S09907,2024-02-01,CUST-016,PROD-033,18,E-commerce,Cimahi
S09908,2024-08-17,CUST-168,PROD-032,27,E-commerce,Majalengka
S09909,2024-06-11,CUST-200,PROD-010,28,E-commerce,Garut Kab.
S09910,2024-12-04,CUST-158,PROD-015,76,Traditional Trade,Depok
S09911,2024-04-22,CUST-081,PROD-016,104,Modern Trade,Sumedang
S09912,2024-04-02,CUST-193,PROD-027,85,Modern Trade,Tasikmalaya Kab.
S09913,2024-06-23,CUST-058,PROD-032,42,E-commerce,Sukabumi
S09914,2024-06-05,CUST-048,PROD-006,10,Traditional Trade,Depok
S09915,2024-04-17,CUST-049,PROD-036,99,Modern Trade,Pangandaran
S09916,2024-09-07,CUST-089,PROD-008,89,Modern Trade,Purwakarta
S09917,2024-10-11,CUST-130,PROD-025,231,Modern Trade,Depok
S09918,2024-11-17,CUST-014,PROD-007,87,Traditional Trade,Pangandaran
S09919,2024-12-23,CUST-103,PROD-017,86,Traditional Trade,Tasikmalaya
S09920,2024-03-28,CUST-121,PROD-030,24,E-commerce,Bogor
S09921,2024-09-18,CUST-145,PROD-002,49,Traditional Trade,Garut Kab.
S09922,2024-04-30,CUST-123,PROD-017,20,E-commerce,Bandung
S09923,2024-08-30,CUST-159,PROD-004,80,Modern Trade,Garut Kab.
S09924,2024-06-13,CUST-138,PROD-026,272,Modern Trade,Kuningan
S09925,2024-12-30,CUST-070,PROD-014,148,Traditional Trade,Majalengka
S09926,2024-09-25,CUST-103,PROD-008,130,Traditional Trade,Tasikmalaya
S09927,2024-12-17,CUST-102,PROD-005,42,E-commerce,Tasikmalaya Kab.
S09928,2024-11-11,CUST-165,PROD-005,115,Traditional Trade,Karawang
S09929,2024-12-02,CUST-064,PROD-005,146,Traditional Trade,Depok
S09930,2024-11-05,CUST-158,PROD-027,60,Traditional Trade,Depok
S09931,2024-06-06,CUST-162,PROD-005,16,Traditional Trade,Purwakarta
S09932,2024-03-24,CUST-018,PROD-003,97,Traditional Trade,Bogor
S09933,2024-04-24,CUST-063,PROD-038,19,Traditional Trade,Purwakarta
S09934,2024-01-08,CUST-049,PROD-030,17,Modern Trade,Pangandaran
S09935,2024-07-02,CUST-056,PROD-001,57,Traditional Trade,Sumedang
S09936,2024-06-24,CUST-091,PROD-008,146,Modern Trade,Subang
S09937,2024-07-03,CUST-058,PROD-013,46,E-commerce,Sukabumi
S09938,2024-12-24,CUST-155,PROD-020,397,Distributor,Tasikmalaya Kab.
S09939,2024-12-05,CUST-055,PROD-006,228,Modern Trade,Subang
S09940,2024-03-01,CUST-085,PROD-008,272,Modern Trade,Sukabumi Kab.
S09941,2024-04-24,CUST-019,PROD-030,48,Traditional Trade,Banjar
S09942,2024-05-18,CUST-151,PROD-040,18,Traditional Trade,Subang
S09943,2024-04-22,CUST-103,PROD-015,79,Traditional Trade,Tasikmalaya
S09944,2024-10-31,CUST-112,PROD-010,119,Traditional Trade,Cianjur
S09945,2024-07-02,CUST-108,PROD-033,96,Traditional Trade,Bandung
S09946,2024-07-22,CUST-047,PROD-009,143,Modern Trade,Garut
S09947,2024-11-17,CUST-107,PROD-033,77,Traditional Trade,Karawang
S09948,2024-11-03,CUST-194,PROD-009,215,Modern Trade,Kuningan
S09949,2024-02-19,CUST-179,PROD-014,484,Distributor,Depok
S09950,2024-09-17,CUST-084,PROD-032,40,Modern Trade,Bandung Barat
S09951,2024-05-25,CUST-156,PROD-037,30,E-commerce,Kuningan
S09952,2024-04-04,CUST-128,PROD-006,27,E-commerce,Tasikmalaya Kab.
S09953,2024-01-20,CUST-185,PROD-005,114,Traditional Trade,Karawang
S09954,2024-06-17,CUST-058,PROD-004,31,E-commerce,Sukabumi
S09955,2024-04-20,CUST-143,PROD-016,304,Distributor,Cimahi
S09956,2024-03-24,CUST-144,PROD-010,110,Traditional Trade,Banjar
S09957,2024-09-07,CUST-097,PROD-031,124,Traditional Trade,Karawang
S09958,2024-10-16,CUST-047,PROD-031,91,Modern Trade,Garut
S09959,2024-03-22,CUST-191,PROD-014,357,Distributor,Ciamis
S09960,2024-01-19,CUST-140,PROD-013,14,E-commerce,Bekasi
S09961,2024-11-16,CUST-103,PROD-004,24,Traditional Trade,Tasikmalaya
S09962,2024-01-04,CUST-171,PROD-026,122,Traditional Trade,Bekasi
S09963,2024-12-12,CUST-084,PROD-024,61,Modern Trade,Bandung Barat
S09964,2024-08-12,CUST-157,PROD-009,105,Traditional Trade,Subang
S09965,2024-04-11,CUST-049,PROD-035,77,Modern Trade,Pangandaran
S09966,2024-03-23,CUST-131,PROD-015,48,Traditional Trade,Sukabumi
S09967,2024-01-04,CUST-112,PROD-024,138,Traditional Trade,Cianjur
S09968,2024-03-20,CUST-197,PROD-031,392,Distributor,Bandung
S09969,2024-02-21,CUST-060,PROD-019,124,Traditional Trade,Pangandaran
S09970,2024-08-06,CUST-066,PROD-002,66,Modern Trade,Cimahi
S09971,2024-03-02,CUST-087,PROD-002,235,Distributor,Subang
S09972,2024-07-04,CUST-126,PROD-036,76,Traditional Trade,Sukabumi Kab.
S09973,2024-07-29,CUST-026,PROD-037,30,E-commerce,Pangandaran
S09974,2024-04-05,CUST-071,PROD-034,56,Traditional Trade,Bogor Kab.
S09975,2024-01-14,CUST-074,PROD-039,42,E-commerce,Bogor Kab.
S09976,2024-01-15,CUST-197,PROD-019,60,Distributor,Bandung
S09977,2024-01-11,CUST-047,PROD-038,184,Modern Trade,Garut
S09978,2024-09-30,CUST-076,PROD-023,310,Distributor,Bekasi Kab.
S09979,2024-04-10,CUST-096,PROD-016,180,Distributor,Indramayu
S09980,2024-10-30,CUST-170,PROD-006,11,Modern Trade,Bogor Kab.
S09981,2024-05-23,CUST-031,PROD-026,258,Modern Trade,Cirebon Kab.
S09982,2024-06-03,CUST-022,PROD-022,249,Distributor,Cianjur
S09983,2024-06-28,CUST-017,PROD-024,98,Traditional Trade,Cianjur
S09984,2024-09-17,CUST-148,PROD-040,41,E-commerce,Bogor
S09985,2024-03-30,CUST-136,PROD-021,246,Distributor,Indramayu
S09986,2024-02-15,CUST-098,PROD-030,295,Modern Trade,Sumedang
S09987,2024-07-15,CUST-049,PROD-011,53,Modern Trade,Pangandaran
S09988,2024-04-13,CUST-087,PROD-009,59,Distributor,Subang
S09989,2024-05-29,CUST-038,PROD-012,274,Distributor,Purwakarta
S09990,2024-08-19,CUST-053,PROD-026,34,Traditional Trade,Bogor Kab.
S09991,2024-06-20,CUST-028,PROD-038,226,Modern Trade,Cirebon Kab.
S09992,2024-08-09,CUST-077,PROD-003,58,Modern Trade,Banjar
S09993,2024-07-10,CUST-157,PROD-033,149,Traditional Trade,Subang
S09994,2024-10-01,CUST-200,PROD-015,31,E-commerce,Garut Kab.
S09995,2024-09-13,CUST-139,PROD-005,74,Traditional Trade,Cianjur
S09996,2024-07-06,CUST-175,PROD-024,189,Modern Trade,Purwakarta
S09997,2024-08-30,CUST-173,PROD-011,35,Modern Trade,Depok
S09998,2024-11-23,CUST-018,PROD-033,104,Traditional Trade,Bogor
S09999,2024-05-23,CUST-050,PROD-023,438,Distributor,Sukabumi
S10000,2024-05-11,CUST-089,PROD-010,120,Modern Trade,Purwakarta
